#include "todo_text_assets.h"

static const uint8_t todo_text_ttl_en_data[] = {
    0x00, 0x00, 0x00, 0x00, 0x00, 0x00, 0x00, 0x00, 0x00, 0x00, 0x00, 0x00, 0x00, 0x00, 0x00, 0x00,
    0x00, 0x00, 0x00, 0x00, 0x00, 0x00, 0x00, 0x00, 0x00, 0x00, 0x00, 0x00, 0x00, 0x00, 0x00, 0x00,
    0x00, 0x00, 0x00, 0x00, 0x00, 0x00, 0x00, 0x00, 0x00, 0x00, 0x00, 0x00, 0x00, 0x00, 0x00, 0x00,
    0x00, 0x00, 0x00, 0x00, 0x00, 0x00, 0x00, 0x00, 0x00, 0x00, 0x00, 0x00, 0x00, 0x00, 0x00, 0x00,
    0x00, 0x00, 0x00, 0x00, 0x00, 0x00, 0x00, 0x00, 0x00, 0x00, 0x00, 0x00, 0x00, 0x00, 0x00, 0x00,
    0x00, 0x00, 0x00, 0x00, 0x00, 0x00, 0x00, 0x00, 0x00, 0x00, 0x00, 0x00, 0x00, 0x00, 0x00, 0x00,
    0x00, 0x00, 0x00, 0x00, 0x00, 0x00, 0x00, 0x00, 0x00, 0x00, 0x00, 0x00, 0x00, 0x00, 0x00, 0x00,
    0x00, 0x00, 0x00, 0x00, 0x00, 0x00, 0x00, 0x00, 0x00, 0x00, 0x00, 0x00, 0x00, 0x00, 0x00, 0x00,
    0x00, 0x00, 0x00, 0x00, 0x00, 0x00, 0x00, 0x00, 0x00, 0x00, 0x00, 0x00, 0x00, 0x00, 0x00, 0x00,
    0x00, 0x00, 0x00, 0x00, 0x00, 0x00, 0x00, 0x00, 0x00, 0x00, 0x00, 0x00, 0x00, 0x00, 0x00, 0x00,
    0x00, 0x00, 0x00, 0x00, 0x00, 0x00, 0x00, 0x00, 0x00, 0x00, 0x00, 0x00, 0x00, 0x00, 0x00, 0x00,
    0x00, 0x00, 0x00, 0x00, 0x00, 0x00, 0x00, 0x00, 0xA4, 0xFF, 0xFF, 0xFF, 0xFF, 0xFF, 0xFF, 0xFF,
    0xFF, 0xFF, 0x08, 0x00, 0x00, 0x00, 0x77, 0xFF, 0xFF, 0x8B, 0x00, 0x00, 0x00, 0x00, 0x00, 0x00,
    0x40, 0xB4, 0xEB, 0xFB, 0xEA, 0xB2, 0x3A, 0x00, 0x00, 0x00, 0xBC, 0xFF, 0xBC, 0x00, 0x00, 0x00,
    0x0C, 0xC3, 0xFF, 0xFF, 0x7F, 0x00, 0x00, 0x00, 0x00, 0x00, 0x00, 0xB4, 0xFF, 0xC4, 0x00, 0x00,
    0x00, 0x00, 0x00, 0x00, 0x00, 0xD8, 0xFF, 0xA0, 0x00, 0x00, 0x00, 0x40, 0xB4, 0xEB, 0xFB, 0xEA,
    0xB2, 0x3A, 0x00, 0x00, 0xA4, 0xFF, 0xFF, 0xFF, 0xFF, 0xFF, 0xFF, 0xFF, 0xFF, 0xFF, 0x08, 0x00,
    0x00, 0x00, 0x00, 0xA4, 0xFF, 0xFF, 0xFF, 0xFF, 0xFF, 0xFF, 0xFF, 0xFF, 0xFF, 0x08, 0x00, 0x00,
    0x01, 0xDA, 0xFF, 0xFF, 0xEB, 0x07, 0x00, 0x00, 0x00, 0x00, 0x51, 0xFD, 0xFF, 0xFF, 0xFF, 0xFF,
    0xFF, 0xFC, 0x48, 0x00, 0x00, 0xBC, 0xFF, 0xBC, 0x00, 0x00, 0x0C, 0xC2, 0xFF, 0xFF, 0x7D, 0x00,
    0x00, 0x00, 0x00, 0x00, 0x00, 0x00, 0xB4, 0xFF, 0xC4, 0x00, 0x00, 0x00, 0x00, 0x00, 0x00, 0x00,
    0xD8, 0xFF, 0xA0, 0x00, 0x00, 0x51, 0xFD, 0xFF, 0xFF, 0xFF, 0xFF, 0xFF, 0xFC, 0x48, 0x00, 0xA4,
    0xFF, 0xFF, 0xFF, 0xFF, 0xFF, 0xFF, 0xFF, 0xFF, 0xFF, 0x08, 0x00, 0x00, 0x00, 0x00, 0x00, 0x00,
    0x00, 0x08, 0xFF, 0xFF, 0x70, 0x00, 0x00, 0x00, 0x00, 0x00, 0x00, 0x41, 0xFF, 0xD9, 0xD2, 0xFF,
    0x5A, 0x00, 0x00, 0x00, 0x00, 0xD0, 0xFF, 0xBB, 0x25, 0x07, 0x36, 0xE2, 0xFF, 0xD7, 0x00, 0x00,
    0xBC, 0xFF, 0xBC, 0x00, 0x0B, 0xC2, 0xFF, 0xFF, 0x7B, 0x00, 0x00, 0x00, 0x00, 0x00, 0x00, 0x00,
    0x00, 0xB4, 0xFF, 0xC4, 0x00, 0x00, 0x00, 0x00, 0x00, 0x00, 0x00, 0xD8, 0xFF, 0xA0, 0x00, 0x00,
    0xD0, 0xFF, 0xBB, 0x25, 0x07, 0x36, 0xE2, 0xFF, 0xD7, 0x00, 0x00, 0x00, 0x00, 0x08, 0xFF, 0xFF,
    0x70, 0x00, 0x00, 0x00, 0x00, 0x00, 0x00, 0x00, 0x00, 0x00, 0x00, 0x00, 0x08, 0xFF, 0xFF, 0x70,
    0x00, 0x00, 0x00, 0x00, 0x00, 0x00, 0xA6, 0xFF, 0x84, 0x7C, 0xFF, 0xC2, 0x00, 0x00, 0x00, 0x00,
    0xEB, 0xFF, 0x9B, 0x01, 0x00, 0x00, 0x6E, 0xFF, 0xFF, 0x18, 0x00, 0xBC, 0xFF, 0xBC, 0x0B, 0xC1,
    0xFF, 0xFF, 0x7A, 0x00, 0x00, 0x00, 0x00, 0x00, 0x00, 0x00, 0x00, 0x00, 0xB4, 0xFF, 0xC4, 0x00,
    0x00, 0x00, 0x00, 0x00, 0x00, 0x00, 0xD8, 0xFF, 0xA0, 0x00, 0x00, 0xEB, 0xFF, 0x9B, 0x01, 0x00,
    0x00, 0x6E, 0xFF, 0xFF, 0x18, 0x00, 0x00, 0x00, 0x08, 0xFF, 0xFF, 0x70, 0x00, 0x00, 0x00, 0x00,
    0x00, 0x00, 0x00, 0x00, 0x00, 0x00, 0x00, 0x08, 0xFF, 0xFF, 0x70, 0x00, 0x00, 0x00, 0x00, 0x00,
    0x12, 0xF8, 0xFF, 0x2F, 0x26, 0xFF, 0xFF, 0x2A, 0x00, 0x00, 0x00, 0xA5, 0xFF, 0xFF, 0xD6, 0x75,
    0x20, 0x00, 0x00, 0x00, 0x00, 0x00, 0xBC, 0xFF, 0xC7, 0xC1, 0xFF, 0xFF, 0xA0, 0x00, 0x00, 0x00,
    0x00, 0x00, 0x00, 0x00, 0x00, 0x00, 0x00, 0xB4, 0xFF, 0xC4, 0x00, 0x00, 0x00, 0x00, 0x00, 0x00,
    0x00, 0xD8, 0xFF, 0xA0, 0x00, 0x00, 0xA5, 0xFF, 0xFF, 0xD6, 0x75, 0x20, 0x00, 0x00, 0x00, 0x00,
    0x00, 0x00, 0x00, 0x08, 0xFF, 0xFF, 0x70, 0x00, 0x00, 0x00, 0x00, 0x00, 0x00, 0x00, 0x00, 0x00,
    0x00, 0x00, 0x08, 0xFF, 0xFF, 0x70, 0x00, 0x00, 0x00, 0x00, 0x00, 0x70, 0xFF, 0xDA, 0x00, 0x00,
    0xD1, 0xFF, 0x91, 0x00, 0x00, 0x00, 0x14, 0xC9, 0xFF, 0xFF, 0xFF, 0xFF, 0xC7, 0x5D, 0x01, 0x00,
    0x00, 0xBC, 0xFF, 0xFF, 0xFF, 0xFF, 0xFF, 0xEC, 0x16, 0x00, 0x00, 0x00, 0x00, 0x00, 0x00, 0x00,
    0x00, 0x00, 0xB4, 0xFF, 0xC4, 0x00, 0x00, 0x00, 0x00, 0x00, 0x00, 0x00, 0xD8, 0xFF, 0xA0, 0x00,
    0x00, 0x14, 0xC9, 0xFF, 0xFF, 0xFF, 0xFF, 0xC7, 0x5D, 0x01, 0x00, 0x00, 0x00, 0x00, 0x08, 0xFF,
    0xFF, 0x70, 0x00, 0x00, 0x00, 0x00, 0x00, 0x00, 0x00, 0x00, 0x00, 0x00, 0x00, 0x08, 0xFF, 0xFF,
    0x70, 0x00, 0x00, 0x00, 0x00, 0x00, 0xD4, 0xFF, 0x86, 0x00, 0x00, 0x7B, 0xFF, 0xEF, 0x09, 0x00,
    0x00, 0x00, 0x02, 0x53, 0xB0, 0xF6, 0xFF, 0xFF, 0xFF, 0xB3, 0x03, 0x00, 0xBC, 0xFF, 0xFF, 0xFF,
    0xAC, 0xFD, 0xFF, 0xAA, 0x00, 0x00, 0x00, 0x00, 0x00, 0x00, 0x00, 0x00, 0x00, 0xB4, 0xFF, 0xC4,
    0x00, 0x00, 0x00, 0x00, 0x00, 0x00, 0x00, 0xD8, 0xFF, 0xA0, 0x00, 0x00, 0x00, 0x02, 0x53, 0xB0,
    0xF6, 0xFF, 0xFF, 0xFF, 0xB3, 0x03, 0x00, 0x00, 0x00, 0x08, 0xFF, 0xFF, 0x70, 0x00, 0x00, 0x00,
    0x00, 0x00, 0x00, 0x00, 0x00, 0x00, 0x00, 0x00, 0x08, 0xFF, 0xFF, 0x70, 0x00, 0x00, 0x00, 0x00,
    0x3A, 0xFF, 0xFF, 0xFF, 0xFF, 0xFF, 0xFF, 0xFF, 0xFF, 0x61, 0x00, 0x00, 0x00, 0x00, 0x00, 0x00,
    0x09, 0x50, 0xBB, 0xFF, 0xFF, 0x50, 0x00, 0xBC, 0xFF, 0xFF, 0x8A, 0x00, 0x9B, 0xFF, 0xFF, 0x51,
    0x00, 0x00, 0x00, 0x00, 0x00, 0x00, 0x00, 0x00, 0xB4, 0xFF, 0xC4, 0x00, 0x00, 0x00, 0x00, 0x00,
    0x00, 0x00, 0xD8, 0xFF, 0xA0, 0x00, 0x00, 0x00, 0x00, 0x00, 0x00, 0x09, 0x50, 0xBB, 0xFF, 0xFF,
    0x50, 0x00, 0x00, 0x00, 0x08, 0xFF, 0xFF, 0x70, 0x00, 0x00, 0x00, 0x00, 0x00, 0x00, 0x00, 0x00,
    0x00, 0x00, 0x00, 0x08, 0xFF, 0xFF, 0x70, 0x00, 0x00, 0x00, 0x00, 0x9F, 0xFF, 0xFF, 0xFF, 0xFF,
    0xFF, 0xFF, 0xFF, 0xFF, 0xC8, 0x00, 0x41, 0xFF, 0xFF, 0x2F, 0x00, 0x00, 0x00, 0x0C, 0xFE, 0xFF,
    0x7A, 0x00, 0xBC, 0xFF, 0xC6, 0x00, 0x00, 0x14, 0xEE, 0xFF, 0xE7, 0x10, 0x00, 0x00, 0x00, 0x00,
    0x00, 0x00, 0x00, 0xB4, 0xFF, 0xC4, 0x00, 0x00, 0x00, 0x00, 0x00, 0x00, 0x00, 0xD8, 0xFF, 0xA0,
    0x00, 0x41, 0xFF, 0xFF, 0x2F, 0x00, 0x00, 0x00, 0x0C, 0xFE, 0xFF, 0x7A, 0x00, 0x00, 0x00, 0x08,
    0xFF, 0xFF, 0x70, 0x00, 0x00, 0x00, 0x00, 0x00, 0x00, 0x00, 0x00, 0x00, 0x00, 0x00, 0x08, 0xFF,
    0xFF, 0x70, 0x00, 0x00, 0x00, 0x0E, 0xF5, 0xFF, 0x70, 0x00, 0x00, 0x00, 0x00, 0x5B, 0xFF, 0xFF,
    0x30, 0x05, 0xED, 0xFF, 0xD0, 0x36, 0x08, 0x1A, 0x8F, 0xFF, 0xFF, 0x53, 0x00, 0xBC, 0xFF, 0xBC,
    0x00, 0x00, 0x00, 0x6C, 0xFF, 0xFF, 0x9E, 0x00, 0x00, 0x00, 0x00, 0x00, 0x00, 0x00, 0xB4, 0xFF,
    0xC4, 0x00, 0x00, 0x00, 0x00, 0x00, 0x00, 0x00, 0xD8, 0xFF, 0xA0, 0x00, 0x05, 0xED, 0xFF, 0xD0,
    0x36, 0x08, 0x1A, 0x8F, 0xFF, 0xFF, 0x53, 0x00, 0x00, 0x00, 0x08, 0xFF, 0xFF, 0x70, 0x00, 0x00,
    0x00, 0x00, 0x00, 0x00, 0x00, 0x00, 0x00, 0x00, 0x00, 0x08, 0xFF, 0xFF, 0x70, 0x00, 0x00, 0x00,
    0x69, 0xFF, 0xFE, 0x1D, 0x00, 0x00, 0x00, 0x00, 0x0B, 0xF4, 0xFF, 0x98, 0x00, 0x4E, 0xFE, 0xFF,
    0xFF, 0xFF, 0xFF, 0xFF, 0xFF, 0xC1, 0x03, 0x00, 0xBC, 0xFF, 0xBC, 0x00, 0x00, 0x00, 0x03, 0xD0,
    0xFF, 0xFF, 0x46, 0x00, 0x00, 0x00, 0x00, 0x00, 0x00, 0xB4, 0xFF, 0xFF, 0xFF, 0xFF, 0xFF, 0xFF,
    0xFF, 0xE0, 0x00, 0xD8, 0xFF, 0xA0, 0x00, 0x00, 0x4E, 0xFE, 0xFF, 0xFF, 0xFF, 0xFF, 0xFF, 0xFF,
    0xC1, 0x03, 0x00, 0x00, 0x00, 0x08, 0xFF, 0xFF, 0x70, 0x00, 0x00, 0x00, 0x00, 0x00, 0x00, 0x00,
    0x00, 0x00, 0x00, 0x00, 0x08, 0xFF, 0xFF, 0x70, 0x00, 0x00, 0x00, 0xCE, 0xFF, 0xC6, 0x00, 0x00,
    0x00, 0x00, 0x00, 0x00, 0xA5, 0xFF, 0xF3, 0x0D, 0x00, 0x40, 0xB2, 0xE9, 0xFC, 0xF1, 0xCB, 0x77,
    0x09, 0x00, 0x00, 0xBC, 0xFF, 0xBC, 0x00, 0x00, 0x00, 0x00, 0x3D, 0xFF, 0xFF, 0xE0, 0x0C, 0x00,
    0x00, 0x00, 0x00, 0x00, 0xB4, 0xFF, 0xFF, 0xFF, 0xFF, 0xFF, 0xFF, 0xFF, 0xE0, 0x00, 0xD8, 0xFF,
    0xA0, 0x00, 0x00, 0x00, 0x40, 0xB2, 0xE9, 0xFC, 0xF1, 0xCB, 0x77, 0x09, 0x00, 0x00, 0x00, 0x00,
    0x08, 0xFF, 0xFF, 0x70, 0x00, 0x00, 0x00, 0x00, 0x00, 0x00, 0x00, 0x00, 0x00, 0x00, 0x00, 0x00,
    0x00, 0x00, 0x00, 0x00, 0x00, 0x00, 0x00, 0x00, 0x00, 0x00, 0x00, 0x00, 0x00, 0x00, 0x00, 0x00,
    0x00, 0x00, 0x00, 0x00, 0x00, 0x00, 0x00, 0x00, 0x00, 0x00, 0x00, 0x00, 0x00, 0x00, 0x00, 0x00,
    0x00, 0x00, 0x00, 0x00, 0x00, 0x00, 0x00, 0x00, 0x00, 0x00, 0x00, 0x00, 0x00, 0x00, 0x00, 0x00,
    0x00, 0x00, 0x00, 0x00, 0x00, 0x00, 0x00, 0x00, 0x00, 0x00, 0x00, 0x00, 0x00, 0x00, 0x00, 0x00,
    0x00, 0x00, 0x00, 0x00, 0x00, 0x00, 0x00, 0x00, 0x00, 0x00, 0x00, 0x00, 0x00, 0x00, 0x00, 0x00,
    0x00, 0x00, 0x00, 0x00, 0x00, 0x00, 0x00, 0x00, 0x00, 0x00, 0x00, 0x00, 0x00, 0x00, 0x00, 0x00,
    0x00, 0x00, 0x00, 0x00, 0x00, 0x00, 0x00, 0x00, 0x00, 0x00, 0x00, 0x00, 0x00, 0x00, 0x00, 0x00,
    0x00, 0x00, 0x00, 0x00, 0x00, 0x00, 0x00, 0x00, 0x00, 0x00, 0x00, 0x00, 0x00, 0x00, 0x00, 0x00,
    0x00, 0x00, 0x00, 0x00, 0x00, 0x00, 0x00, 0x00, 0x00, 0x00, 0x00, 0x00, 0x00, 0x00, 0x00, 0x00,
    0x00, 0x00, 0x00, 0x00, 0x00, 0x00, 0x00, 0x00, 0x00, 0x00, 0x00, 0x00, 0x00, 0x00, 0x00, 0x00,
    0x00, 0x00, 0x00, 0x00, 0x00, 0x00, 0x00, 0x00, 0x00, 0x00, 0x00, 0x00, 0x00, 0x00, 0x00, 0x00,
};

const lv_image_dsc_t todo_text_ttl_en = {
    .header.magic = LV_IMAGE_HEADER_MAGIC,
    .header.cf = LV_COLOR_FORMAT_A8,
    .header.flags = 0,
    .header.w = 91,
    .header.h = 16,
    .header.stride = 91,
    .data_size = 1456,
    .data = todo_text_ttl_en_data,
};

static const uint8_t todo_text_ttl_zh_data[] = {
    0x00, 0x00, 0x00, 0x00, 0x00, 0x00, 0x00, 0x00, 0x00, 0x00, 0x00, 0x00, 0x00, 0x00, 0x00, 0x00,
    0x00, 0x00, 0x00, 0x00, 0x00, 0x00, 0x00, 0x00, 0x00, 0x00, 0x00, 0x00, 0x00, 0x00, 0x00, 0x00,
    0x00, 0x00, 0x00, 0x00, 0x00, 0x00, 0x00, 0x00, 0x00, 0x00, 0x00, 0x00, 0x00, 0x00, 0x00, 0x00,
    0x00, 0x00, 0x00, 0x00, 0x00, 0x00, 0x00, 0x00, 0x00, 0x00, 0x00, 0x00, 0x00, 0x00, 0x00, 0x00,
    0x00, 0x00, 0x00, 0x00, 0x00, 0x00, 0x00, 0x00, 0x00, 0x00, 0x00, 0x00, 0x00, 0x00, 0x00, 0x00,
    0x00, 0x00, 0x00, 0x00, 0x00, 0x00, 0x00, 0x00, 0x00, 0x00, 0x00, 0x00, 0x00, 0x00, 0x00, 0x00,
    0x00, 0x00, 0x00, 0x00, 0x00, 0x00, 0x00, 0x00, 0x00, 0x00, 0x00, 0x00, 0x00, 0x00, 0x00, 0x00,
    0x00, 0x00, 0x00, 0x00, 0x00, 0x00, 0x00, 0x00, 0x00, 0x00, 0x00, 0x00, 0x00, 0x00, 0x00, 0x00,
    0x00, 0x00, 0x00, 0x00, 0x00, 0x00, 0x00, 0x00, 0x00, 0x00, 0x00, 0x00, 0x00, 0x00, 0x00, 0x00,
    0x00, 0x00, 0x00, 0x00, 0x00, 0x00, 0x00, 0x00, 0x00, 0x00, 0x00, 0x00, 0x00, 0x00, 0x00, 0x00,
    0x00, 0x00, 0x00, 0x00, 0x00, 0x00, 0x00, 0x00, 0x00, 0x00, 0x00, 0x00, 0x00, 0x00, 0x00, 0x00,
    0x00, 0x00, 0x00, 0x00, 0x00, 0x00, 0x00, 0x00, 0x00, 0x00, 0x00, 0x00, 0x00, 0x00, 0x00, 0x00,
    0x00, 0x00, 0x00, 0x00, 0x00, 0x00, 0x00, 0x00, 0x00, 0x00, 0x00, 0x00, 0x00, 0x00, 0x00, 0x00,
    0x00, 0x00, 0x00, 0x00, 0x00, 0x00, 0x00, 0x00, 0x00, 0x00, 0x00, 0x00, 0x00, 0x00, 0x00, 0x00,
    0x00, 0x00, 0x00, 0x00, 0x00, 0x00, 0x00, 0x00, 0x00, 0x00, 0x00, 0x00, 0x00, 0x00, 0x00, 0x00,
    0x00, 0x00, 0x00, 0x00, 0x00, 0x00, 0x00, 0x00, 0x00, 0x00, 0x00, 0x00, 0x00, 0x00, 0x00, 0x00,
    0x00, 0x00, 0x00, 0x00, 0x00, 0x00, 0x00, 0x00, 0x00, 0x00, 0x00, 0x00, 0x00, 0x00, 0x00, 0x00,
    0x00, 0x00, 0x00, 0x00, 0x03, 0x20, 0x00, 0x00, 0x00, 0x00, 0x00, 0x00, 0x00, 0x00, 0x00, 0x00,
    0x00, 0x00, 0x00, 0x00, 0x00, 0x00, 0x00, 0x00, 0x00, 0x00, 0x00, 0x00, 0x00, 0x00, 0x00, 0x00,
    0x00, 0x11, 0x00, 0x00, 0x00, 0x00, 0x00, 0x00, 0x00, 0x00, 0x00, 0x00, 0x00, 0x00, 0x00, 0x00,
    0x00, 0x00, 0x00, 0x00, 0x00, 0x00, 0x00, 0x00, 0x00, 0x00, 0x00, 0x00, 0x00, 0x00, 0x00, 0x00,
    0x00, 0x00, 0x00, 0x00, 0x00, 0x00, 0x00, 0x00, 0x00, 0x00, 0x00, 0x00, 0x00, 0x00, 0x00, 0x00,
    0x00, 0x00, 0x00, 0x00, 0x00, 0x00, 0x00, 0x00, 0x00, 0x00, 0x00, 0x00, 0x00, 0x00, 0x00, 0x00,
    0x00, 0x00, 0x00, 0x00, 0x00, 0x00, 0x00, 0x00, 0x00, 0x00, 0x00, 0x00, 0x00, 0x00, 0x00, 0x00,
    0x00, 0x00, 0x00, 0x00, 0x00, 0x00, 0x00, 0x00, 0x00, 0x00, 0x00, 0x00, 0x00, 0x00, 0x00, 0x00,
    0x00, 0x00, 0x00, 0x00, 0x00, 0x00, 0x00, 0x00, 0x00, 0x00, 0x46, 0xFC, 0xAE, 0x18, 0x00, 0x00,
    0x00, 0x00, 0x00, 0x00, 0x00, 0x00, 0x00, 0x00, 0x00, 0x00, 0x00, 0x00, 0x00, 0x00, 0x00, 0x00,
    0x00, 0x00, 0x00, 0x00, 0x00, 0x00, 0x34, 0xF5, 0x90, 0x20, 0x00, 0x00, 0x00, 0x00, 0x00, 0x00,
    0x00, 0x00, 0x00, 0x00, 0x00, 0x00, 0x00, 0x00, 0x00, 0x00, 0x00, 0x00, 0x00, 0x00, 0x00, 0x00,
    0x00, 0x00, 0x00, 0x00, 0x00, 0x00, 0x00, 0x00, 0x00, 0x00, 0x00, 0x00, 0x00, 0x00, 0x00, 0x00,
    0x00, 0x00, 0x00, 0x00, 0x00, 0x00, 0x00, 0x00, 0x00, 0x00, 0x00, 0x00, 0x00, 0x00, 0x00, 0x00,
    0x00, 0x00, 0x00, 0x00, 0x00, 0x00, 0x00, 0x00, 0x00, 0x00, 0x00, 0x00, 0x00, 0x00, 0x00, 0x00,
    0x00, 0x00, 0x00, 0x00, 0x00, 0x00, 0x00, 0x00, 0x00, 0x00, 0x00, 0x00, 0x00, 0x00, 0x00, 0x00,
    0x00, 0x00, 0x00, 0x00, 0x00, 0x00, 0x00, 0x00, 0x00, 0x00, 0x00, 0x00, 0x00, 0x00, 0x00, 0x00,
    0xA7, 0xFF, 0xC6, 0x02, 0x00, 0x00, 0x00, 0x00, 0x00, 0x00, 0x00, 0x00, 0x00, 0x1C, 0x60, 0xAA,
    0x0E, 0x00, 0x00, 0x00, 0x00, 0x00, 0x00, 0x00, 0x00, 0x00, 0x00, 0x00, 0xB1, 0xFF, 0xE9, 0x22,
    0x00, 0x00, 0x00, 0x00, 0x00, 0x00, 0x00, 0x00, 0x00, 0x00, 0x00, 0x00, 0x00, 0x00, 0x00, 0x00,
    0x00, 0x00, 0x00, 0x00, 0x00, 0x00, 0x00, 0x00, 0x00, 0x00, 0x00, 0x00, 0x00, 0x00, 0x00, 0x00,
    0x00, 0x00, 0x00, 0x00, 0x00, 0x00, 0x00, 0x00, 0x00, 0x00, 0x00, 0x00, 0x00, 0x00, 0x00, 0x00,
    0x00, 0x00, 0x00, 0x00, 0x00, 0x00, 0x00, 0x00, 0x00, 0x00, 0x00, 0x00, 0x00, 0x00, 0x00, 0x00,
    0x00, 0x00, 0x00, 0x00, 0x00, 0x00, 0x00, 0x00, 0x00, 0x00, 0x00, 0x00, 0x00, 0x00, 0x00, 0x00,
    0x00, 0x00, 0x00, 0x00, 0x00, 0x00, 0x00, 0x00, 0x00, 0x00, 0x00, 0x00, 0x00, 0x00, 0x00, 0x00,
    0x00, 0x00, 0x00, 0x00, 0x00, 0x1A, 0xFA, 0xFE, 0x31, 0x00, 0x00, 0x00, 0x00, 0x07, 0x2A, 0x50,
    0x7D, 0xAB, 0xE1, 0xFF, 0xFF, 0xFF, 0x80, 0x00, 0x00, 0x00, 0x00, 0x00, 0x00, 0x00, 0x00, 0x00,
    0x00, 0x4E, 0xFF, 0xFF, 0xAE, 0x7C, 0x7C, 0x7C, 0x7C, 0x7C, 0x7C, 0x7C, 0x7C, 0x7C, 0x7C, 0x21,
    0x00, 0x00, 0x00, 0x00, 0x00, 0x00, 0x00, 0x00, 0x00, 0x00, 0x00, 0x00, 0x00, 0x00, 0x00, 0x00,
    0x00, 0x00, 0x00, 0x09, 0x14, 0x0D, 0x00, 0x00, 0x00, 0x00, 0x00, 0x00, 0x00, 0x00, 0x00, 0x00,
    0x00, 0x00, 0x00, 0x00, 0x00, 0x00, 0x00, 0x00, 0x00, 0x00, 0x00, 0x00, 0x00, 0x00, 0x00, 0x00,
    0x00, 0x00, 0x00, 0x00, 0x00, 0x00, 0x00, 0x00, 0x00, 0x00, 0x00, 0x00, 0x00, 0x00, 0x00, 0x00,
    0x00, 0x00, 0xBC, 0xFF, 0x80, 0x00, 0x00, 0x00, 0x00, 0x00, 0x00, 0x00, 0x00, 0x00, 0x00, 0x00,
    0x00, 0x00, 0x00, 0x00, 0x00, 0x00, 0x00, 0x00, 0x00, 0x00, 0x00, 0x8F, 0xFF, 0xA4, 0x00, 0x4C,
    0xB6, 0xCB, 0xE5, 0xFE, 0xFF, 0xFF, 0xFF, 0xFF, 0xFF, 0xDF, 0xB0, 0x7F, 0x47, 0x00, 0x00, 0x00,
    0x00, 0x00, 0x00, 0x00, 0x00, 0x00, 0x15, 0xE4, 0xFF, 0xFF, 0xFF, 0xFF, 0xFF, 0xFF, 0xFF, 0xFF,
    0xFF, 0xFF, 0xFF, 0xFF, 0xC3, 0x02, 0x00, 0x00, 0x00, 0x00, 0x00, 0x00, 0x00, 0x00, 0x00, 0x00,
    0x00, 0x4B, 0xC8, 0x96, 0x00, 0x00, 0x00, 0x00, 0x00, 0x74, 0xFF, 0xAC, 0x00, 0x00, 0x00, 0x00,
    0x00, 0x00, 0x00, 0x00, 0x00, 0x00, 0x00, 0x00, 0x00, 0x00, 0x00, 0x00, 0x00, 0x00, 0x00, 0x00,
    0x00, 0x00, 0x00, 0x00, 0x00, 0x00, 0x00, 0x00, 0x00, 0x00, 0x00, 0x00, 0x00, 0x00, 0x00, 0x00,
    0x00, 0x00, 0x00, 0x00, 0x00, 0x00, 0x00, 0x00, 0xBC, 0xFF, 0x80, 0x00, 0x00, 0x00, 0x00, 0x00,
    0x00, 0x00, 0x00, 0x00, 0x00, 0x00, 0x00, 0x00, 0x00, 0x00, 0x00, 0x00, 0x00, 0x00, 0x00, 0x00,
    0x1C, 0xF7, 0xFC, 0x25, 0x00, 0x0A, 0xF1, 0xFE, 0xE9, 0xCA, 0xAB, 0xD0, 0xFF, 0x91, 0x0E, 0x00,
    0x00, 0x00, 0x00, 0x00, 0x00, 0x00, 0x00, 0x00, 0x00, 0x00, 0x00, 0x0C, 0xC5, 0xFF, 0xFA, 0xFF,
    0x8E, 0x08, 0x08, 0x08, 0x08, 0x08, 0x08, 0x9D, 0xFF, 0xEC, 0x20, 0x00, 0x00, 0x00, 0x00, 0x00,
    0x00, 0x00, 0x00, 0x00, 0x00, 0x00, 0x00, 0x60, 0xFF, 0xC0, 0x00, 0x00, 0x00, 0x00, 0x00, 0x74,
    0xFF, 0xAC, 0x00, 0x00, 0x00, 0x00, 0x00, 0x00, 0x00, 0x00, 0x00, 0x00, 0x00, 0x00, 0x00, 0x00,
    0x71, 0x8C, 0x8A, 0x87, 0x85, 0x82, 0x80, 0x7D, 0x7B, 0x79, 0x76, 0x68, 0x04, 0x00, 0x00, 0x00,
    0x00, 0x00, 0x00, 0x00, 0x00, 0x00, 0x00, 0x00, 0x00, 0x00, 0x00, 0x00, 0x00, 0x00, 0xBC, 0xFF,
    0x80, 0x00, 0x00, 0x00, 0x00, 0x00, 0x00, 0x00, 0x00, 0x00, 0x00, 0x00, 0x00, 0x00, 0x00, 0x00,
    0x00, 0x00, 0x00, 0x00, 0x00, 0x00, 0xA0, 0xFF, 0xBC, 0x00, 0x00, 0x00, 0x18, 0x07, 0x00, 0x00,
    0x00, 0x90, 0xFF, 0x78, 0x00, 0x00, 0x00, 0x00, 0x00, 0x00, 0x00, 0x00, 0x00, 0x00, 0x00, 0x00,
    0x13, 0xC4, 0xFF, 0xCC, 0x2C, 0xEC, 0xFF, 0x5B, 0x00, 0x00, 0x00, 0x00, 0x6B, 0xFF, 0xFB, 0x44,
    0x00, 0x00, 0x00, 0x00, 0x00, 0x00, 0x00, 0x00, 0x00, 0x00, 0x00, 0x00, 0x00, 0x60, 0xFF, 0xC0,
    0x00, 0x00, 0x00, 0x00, 0x00, 0x74, 0xFF, 0xAC, 0x00, 0x00, 0x00, 0x00, 0x00, 0x00, 0x00, 0x00,
    0x00, 0x00, 0x00, 0x00, 0x00, 0x00, 0xCC, 0xFF, 0xFF, 0xFF, 0xFF, 0xFF, 0xFF, 0xFF, 0xFF, 0xFF,
    0xFF, 0xFF, 0xB9, 0x03, 0x00, 0x00, 0x00, 0x00, 0x00, 0x00, 0x00, 0x00, 0x00, 0x00, 0x00, 0x00,
    0x00, 0x00, 0x00, 0x00, 0xBC, 0xFF, 0x80, 0x00, 0x00, 0x00, 0x00, 0x00, 0x00, 0x00, 0x00, 0x00,
    0x00, 0x00, 0x00, 0x00, 0x00, 0x00, 0x00, 0x00, 0x00, 0x00, 0x00, 0x3A, 0xFE, 0xFF, 0xB4, 0x00,
    0x00, 0x00, 0x00, 0x00, 0x00, 0x00, 0x00, 0x90, 0xFF, 0x78, 0x00, 0x00, 0x00, 0x00, 0x00, 0x00,
    0x00, 0x00, 0x00, 0x00, 0x00, 0x30, 0xDC, 0xFF, 0xDB, 0x16, 0x00, 0x44, 0xFC, 0xFA, 0x4C, 0x00,
    0x00, 0x68, 0xFE, 0xFB, 0x55, 0x00, 0x00, 0x00, 0x00, 0x00, 0x00, 0x00, 0x00, 0x00, 0x00, 0x00,
    0x00, 0x00, 0x00, 0x60, 0xFF, 0xC0, 0x00, 0x00, 0x00, 0x00, 0x00, 0x74, 0xFF, 0xAC, 0x00, 0x00,
    0x00, 0x00, 0x00, 0x00, 0x00, 0x00, 0x00, 0x00, 0x00, 0x00, 0x00, 0x00, 0x89, 0xAC, 0xAC, 0xAC,
    0xAC, 0xAC, 0xAC, 0xAC, 0xAC, 0xB0, 0xFF, 0xFF, 0xBF, 0x00, 0x00, 0x00, 0x00, 0x00, 0x00, 0x00,
    0x00, 0x00, 0x00, 0x00, 0x00, 0x00, 0x00, 0x00, 0x00, 0x00, 0xBC, 0xFF, 0x80, 0x00, 0x00, 0x00,
    0x00, 0x00, 0x00, 0x00, 0x00, 0x00, 0x00, 0x00, 0x00, 0x00, 0x00, 0x00, 0x00, 0x00, 0x00, 0x00,
    0x09, 0xD6, 0xFF, 0xFF, 0xB4, 0x00, 0x00, 0x00, 0x00, 0x00, 0x00, 0x00, 0x00, 0x90, 0xFF, 0x78,
    0x00, 0x00, 0x00, 0x00, 0x00, 0x00, 0x00, 0x00, 0x00, 0x00, 0x00, 0x61, 0xED, 0xCD, 0x17, 0x00,
    0x00, 0x00, 0x60, 0xFE, 0xF9, 0x65, 0x96, 0xFF, 0xF4, 0x52, 0x00, 0x00, 0x00, 0x00, 0x00, 0x00,
    0x00, 0x00, 0x00, 0x00, 0x00, 0x00, 0x00, 0x00, 0x00, 0x60, 0xFF, 0xC0, 0x00, 0x00, 0x00, 0x00,
    0x00, 0x73, 0xFF, 0xAC, 0x00, 0x00, 0x00, 0x00, 0x00, 0x00, 0x00, 0x00, 0x00, 0x00, 0x00, 0x00,
    0x00, 0x00, 0x00, 0x00, 0x00, 0x00, 0x00, 0x00, 0x00, 0x00, 0x00, 0x6C, 0xFF, 0xFF, 0x41, 0x00,
    0x00, 0x00, 0x00, 0x00, 0x00, 0x00, 0x00, 0x00, 0x00, 0x00, 0x00, 0x00, 0x00, 0x00, 0x00, 0x00,
    0xBC, 0xFF, 0x80, 0x00, 0x00, 0x00, 0x00, 0x00, 0x00, 0x00, 0x00, 0x00, 0x00, 0x00, 0x00, 0x00,
    0x00, 0x00, 0x00, 0x00, 0x00, 0x00, 0x99, 0xFF, 0xE9, 0xFF, 0xB4, 0x00, 0x00, 0x00, 0x00, 0x00,
    0x00, 0x00, 0x00, 0x90, 0xFF, 0x78, 0x00, 0x00, 0x00, 0x00, 0x00, 0x00, 0x00, 0x00, 0x00, 0x00,
    0x00, 0x00, 0x23, 0x0C, 0x00, 0x00, 0x00, 0x00, 0x00, 0x68, 0xFF, 0xFF, 0xFF, 0xD8, 0x2A, 0x00,
    0x00, 0x00, 0x00, 0x00, 0x00, 0x00, 0x00, 0x00, 0x00, 0x00, 0x00, 0x00, 0x00, 0x00, 0x00, 0x60,
    0xFF, 0xC0, 0x00, 0x00, 0x00, 0x00, 0x00, 0x70, 0xFF, 0xAC, 0x00, 0x00, 0x00, 0x00, 0x00, 0x00,
    0x00, 0x00, 0x00, 0x00, 0x00, 0x00, 0x00, 0x00, 0x00, 0x00, 0x00, 0x00, 0x00, 0x00, 0x00, 0x00,
    0x13, 0xED, 0xFF, 0xB5, 0x00, 0x00, 0x00, 0x00, 0x00, 0x00, 0x00, 0x00, 0x00, 0x00, 0x00, 0x00,
    0x00, 0x00, 0x00, 0x00, 0x00, 0x00, 0xBC, 0xFF, 0x88, 0x6C, 0x11, 0x00, 0x00, 0x00, 0x00, 0x00,
    0x00, 0x00, 0x00, 0x00, 0x00, 0x00, 0x00, 0x00, 0x00, 0x00, 0x00, 0x75, 0xFF, 0xE5, 0x66, 0xFF,
    0xB4, 0x00, 0x00, 0x00, 0x00, 0x00, 0x00, 0x00, 0x00, 0x90, 0xFF, 0x78, 0x00, 0x00, 0x00, 0x00,
    0x00, 0x00, 0x00, 0x00, 0x00, 0x00, 0x00, 0x00, 0x00, 0x00, 0x00, 0x00, 0x00, 0x14, 0x6A, 0xC5,
    0xFF, 0xFF, 0xFF, 0xDE, 0x66, 0x0F, 0x00, 0x00, 0x00, 0x00, 0x00, 0x00, 0x00, 0x00, 0x00, 0x00,
    0x00, 0x00, 0x00, 0x00, 0x00, 0x60, 0xFF, 0xC0, 0x00, 0x00, 0x00, 0x00, 0x00, 0x6B, 0xFF, 0xAC,
    0x00, 0x00, 0x00, 0x00, 0x00, 0x00, 0x00, 0x00, 0x00, 0x00, 0x00, 0x00, 0x00, 0x00, 0x00, 0x00,
    0x00, 0x00, 0x00, 0x00, 0x00, 0x00, 0x9C, 0xFF, 0xF8, 0x25, 0x00, 0x00, 0x00, 0x00, 0x00, 0x00,
    0x00, 0x00, 0x00, 0x00, 0x00, 0x00, 0x00, 0x00, 0x00, 0x00, 0x00, 0x00, 0xBC, 0xFF, 0xF0, 0xFF,
    0xF5, 0x8E, 0x15, 0x00, 0x00, 0x00, 0x00, 0x00, 0x00, 0x00, 0x00, 0x00, 0x00, 0x00, 0x00, 0x00,
    0x01, 0xA6, 0xFC, 0x42, 0x54, 0xFF, 0xB4, 0x00, 0x6C, 0x63, 0x5D, 0x5C, 0x5C, 0x5C, 0x5C, 0xB8,
    0xFF, 0xA8, 0x5C, 0x5C, 0x5C, 0x5C, 0x63, 0x6D, 0x43, 0x00, 0x00, 0x00, 0x00, 0x00, 0x00, 0x18,
    0x46, 0x86, 0xC8, 0xFC, 0xFF, 0xFA, 0xA6, 0x41, 0x86, 0xF3, 0xFF, 0xFA, 0xC4, 0x91, 0x6E, 0x4B,
    0x34, 0x25, 0x16, 0x00, 0x00, 0x00, 0x00, 0x00, 0x00, 0x00, 0x00, 0x60, 0xFF, 0xC0, 0x00, 0x00,
    0x00, 0x00, 0x00, 0x68, 0xFF, 0xAC, 0x00, 0x00, 0x00, 0x00, 0x00, 0x00, 0x00, 0x00, 0x00, 0x00,
    0x00, 0x00, 0x00, 0x00, 0x00, 0x00, 0x00, 0x00, 0x00, 0x00, 0x00, 0x49, 0xFF, 0xFF, 0x7D, 0x00,
    0x00, 0x00, 0x00, 0x00, 0x00, 0x00, 0x00, 0x00, 0x00, 0x00, 0x00, 0x00, 0x00, 0x00, 0x00, 0x00,
    0x00, 0x00, 0xBC, 0xFF, 0xD5, 0xF7, 0xFF, 0xFF, 0xF3, 0x73, 0x04, 0x00, 0x00, 0x00, 0x00, 0x00,
    0x00, 0x00, 0x00, 0x00, 0x00, 0x00, 0x00, 0x04, 0x51, 0x00, 0x54, 0xFF, 0xB4, 0x00, 0xF8, 0xFF,
    0xFF, 0xFF, 0xFF, 0xFF, 0xFF, 0xFF, 0xFF, 0xFF, 0xFF, 0xFF, 0xFF, 0xFF, 0xFF, 0xFF, 0x94, 0x00,
    0x00, 0x3C, 0xB9, 0xCA, 0xEC, 0xFF, 0xFF, 0xFF, 0xFF, 0xD3, 0x7C, 0x52, 0x6E, 0x4D, 0x00, 0x13,
    0x6E, 0xC9, 0xFF, 0xFF, 0xFF, 0xFF, 0xFF, 0xFF, 0x99, 0x00, 0x00, 0x00, 0x00, 0x00, 0x00, 0x00,
    0x00, 0x60, 0xFF, 0xC0, 0x00, 0x00, 0x00, 0x00, 0x00, 0x69, 0xFF, 0xAC, 0x00, 0x00, 0x00, 0x00,
    0x00, 0x00, 0x00, 0x00, 0x00, 0x00, 0x00, 0x00, 0x00, 0x00, 0x00, 0x00, 0x00, 0x00, 0x00, 0x00,
    0x1C, 0xE9, 0xFF, 0xCC, 0x04, 0x00, 0x00, 0x00, 0x00, 0x00, 0x00, 0x00, 0x00, 0x00, 0x00, 0x00,
    0x00, 0x00, 0x00, 0x00, 0x00, 0x00, 0x00, 0x00, 0xBC, 0xFF, 0x80, 0x1E, 0xA4, 0xFE, 0xFF, 0xFF,
    0xCE, 0x28, 0x00, 0x00, 0x00, 0x00, 0x00, 0x00, 0x00, 0x00, 0x00, 0x00, 0x00, 0x00, 0x00, 0x00,
    0x54, 0xFF, 0xB4, 0x00, 0x6C, 0x63, 0x5E, 0x5C, 0x5C, 0x5C, 0x5C, 0xB8, 0xFF, 0xA8, 0x5C, 0x5C,
    0x5C, 0x5C, 0x64, 0x6E, 0x43, 0x00, 0x00, 0x02, 0xCE, 0xFF, 0xFF, 0xED, 0xB2, 0x73, 0x27, 0x00,
    0x00, 0x75, 0xFF, 0xC5, 0x00, 0x00, 0x00, 0x00, 0x1C, 0x5A, 0x97, 0xC7, 0xE8, 0xFB, 0x19, 0x00,
    0x00, 0x00, 0x00, 0x00, 0x00, 0x00, 0x00, 0x60, 0xFF, 0xC0, 0x00, 0x00, 0x00, 0x00, 0x00, 0x70,
    0xFF, 0xAC, 0x00, 0x00, 0x00, 0x00, 0x00, 0x00, 0x00, 0x00, 0x00, 0x00, 0x00, 0x00, 0x00, 0x00,
    0x00, 0x00, 0x00, 0x00, 0x00, 0x09, 0xC9, 0xFF, 0xFF, 0x9C, 0x02, 0x00, 0x00, 0x00, 0x00, 0x00,
    0x00, 0x00, 0x00, 0x00, 0x00, 0x00, 0x00, 0x00, 0x00, 0x00, 0x00, 0x00, 0x00, 0x00, 0xBC, 0xFF,
    0x80, 0x00, 0x00, 0x33, 0xD3, 0xFF, 0xFF, 0xF5, 0x55, 0x00, 0x00, 0x00, 0x00, 0x00, 0x00, 0x00,
    0x00, 0x00, 0x00, 0x00, 0x00, 0x00, 0x54, 0xFF, 0xB4, 0x00, 0x00, 0x00, 0x00, 0x00, 0x00, 0x00,
    0x00, 0x90, 0xFF, 0x78, 0x00, 0x00, 0x00, 0x00, 0x00, 0x00, 0x00, 0x00, 0x00, 0x00, 0x37, 0x53,
    0x23, 0x01, 0x00, 0x00, 0x00, 0x00, 0x00, 0x89, 0xFF, 0x8B, 0x00, 0x00, 0x00, 0x00, 0x00, 0x00,
    0x00, 0x00, 0x00, 0x06, 0x00, 0x00, 0x00, 0x00, 0x00, 0x00, 0x00, 0x00, 0x00, 0x60, 0xFF, 0xC0,
    0x00, 0x00, 0x00, 0x00, 0x00, 0x7F, 0xFF, 0xAC, 0x00, 0x00, 0x00, 0x00, 0x00, 0x00, 0x00, 0x00,
    0x00, 0x00, 0x00, 0x00, 0x00, 0x00, 0x00, 0x00, 0x00, 0x00, 0x04, 0xB5, 0xFF, 0xFD, 0xFF, 0xFF,
    0xAB, 0x05, 0x00, 0x00, 0x00, 0x00, 0x00, 0x00, 0x00, 0x00, 0x00, 0x00, 0x00, 0x00, 0x00, 0x00,
    0x00, 0x00, 0x00, 0x00, 0xBC, 0xFF, 0x80, 0x00, 0x00, 0x00, 0x09, 0x9A, 0xFF, 0xEB, 0x25, 0x00,
    0x00, 0x00, 0x00, 0x00, 0x00, 0x00, 0x00, 0x00, 0x00, 0x00, 0x00, 0x00, 0x54, 0xFF, 0xB4, 0x00,
    0x00, 0x00, 0x00, 0x00, 0x00, 0x00, 0x00, 0x90, 0xFF, 0x78, 0x00, 0x00, 0x00, 0x00, 0x00, 0x00,
    0x00, 0x00, 0x00, 0x00, 0x00, 0x00, 0x94, 0xC0, 0xB9, 0xB5, 0xB4, 0xB4, 0xB4, 0xE2, 0xFF, 0xD4,
    0xB4, 0xB4, 0xB4, 0xB4, 0xB4, 0xB4, 0xB4, 0x6D, 0x00, 0x00, 0x00, 0x00, 0x00, 0x00, 0x00, 0x00,
    0x00, 0x00, 0x00, 0x4C, 0xCC, 0x99, 0x00, 0x00, 0x00, 0x00, 0x00, 0xAD, 0xFF, 0x9C, 0x00, 0x00,
    0x00, 0x00, 0x00, 0x00, 0x00, 0x00, 0x00, 0x00, 0x00, 0x00, 0x00, 0x00, 0x00, 0x00, 0x00, 0x08,
    0xB1, 0xFF, 0xFE, 0x5E, 0x6C, 0xFE, 0xFF, 0xB2, 0x05, 0x00, 0x00, 0x00, 0x00, 0x00, 0x00, 0x00,
    0x00, 0x00, 0x00, 0x00, 0x00, 0x00, 0x00, 0x00, 0x00, 0x00, 0xBC, 0xFF, 0x80, 0x00, 0x00, 0x00,
    0x00, 0x00, 0x56, 0x37, 0x00, 0x00, 0x00, 0x00, 0x00, 0x00, 0x00, 0x00, 0x00, 0x00, 0x00, 0x00,
    0x00, 0x00, 0x54, 0xFF, 0xB4, 0x00, 0x00, 0x00, 0x00, 0x00, 0x00, 0x00, 0x00, 0x90, 0xFF, 0x78,
    0x00, 0x00, 0x00, 0x00, 0x00, 0x00, 0x00, 0x00, 0x00, 0x00, 0x00, 0x00, 0xB7, 0xE7, 0xDA, 0xD4,
    0xD1, 0xD0, 0xD0, 0xFE, 0xFF, 0xD7, 0xD0, 0xD0, 0xD0, 0xD0, 0xD0, 0xEC, 0xFF, 0x8A, 0x00, 0x00,
    0x00, 0x00, 0x00, 0x00, 0x00, 0x00, 0x00, 0x00, 0x00, 0x00, 0x00, 0x00, 0x00, 0x00, 0x00, 0x00,
    0x45, 0xFE, 0xFF, 0x66, 0x00, 0x00, 0x00, 0x00, 0x00, 0x00, 0x00, 0x00, 0x00, 0x00, 0x00, 0x00,
    0x00, 0x00, 0x00, 0x00, 0x17, 0xC3, 0xFF, 0xFE, 0x6B, 0x00, 0x00, 0x5B, 0xFD, 0xFF, 0xAC, 0x03,
    0x00, 0x00, 0x00, 0x00, 0x00, 0x00, 0x00, 0x00, 0x00, 0x00, 0x00, 0x00, 0x00, 0x00, 0x00, 0x00,
    0xBC, 0xFF, 0x80, 0x00, 0x00, 0x00, 0x00, 0x00, 0x00, 0x00, 0x00, 0x00, 0x00, 0x00, 0x00, 0x00,
    0x00, 0x00, 0x00, 0x00, 0x00, 0x00, 0x00, 0x00, 0x54, 0xFF, 0xB4, 0x00, 0x00, 0x00, 0x00, 0x00,
    0x00, 0x00, 0x00, 0x90, 0xFF, 0x78, 0x00, 0x00, 0x00, 0x00, 0x00, 0x00, 0x00, 0x00, 0x00, 0x00,
    0x00, 0x00, 0x00, 0x00, 0x00, 0x00, 0x00, 0x00, 0x3E, 0xFF, 0xE9, 0x05, 0x00, 0x00, 0x00, 0x00,
    0x00, 0xA6, 0xFF, 0x76, 0x00, 0x00, 0x00, 0x00, 0x00, 0x00, 0x00, 0x00, 0x00, 0x00, 0x00, 0x00,
    0x00, 0x00, 0x00, 0x00, 0x00, 0x1A, 0xE3, 0xFF, 0xEB, 0x0F, 0x00, 0x00, 0x00, 0x00, 0x00, 0x00,
    0x00, 0x00, 0x00, 0x00, 0x00, 0x00, 0x00, 0x00, 0x00, 0x43, 0xE5, 0xFF, 0xFC, 0x62, 0x00, 0x00,
    0x00, 0x00, 0x62, 0xFE, 0xFF, 0xA0, 0x01, 0x00, 0x00, 0x00, 0x00, 0x00, 0x00, 0x00, 0x00, 0x00,
    0x00, 0x00, 0x00, 0x00, 0x00, 0x00, 0xBC, 0xFF, 0x80, 0x00, 0x00, 0x00, 0x00, 0x00, 0x00, 0x00,
    0x00, 0x00, 0x00, 0x00, 0x00, 0x00, 0x00, 0x00, 0x00, 0x00, 0x00, 0x00, 0x00, 0x00, 0x54, 0xFF,
    0xB4, 0x00, 0x00, 0x00, 0x00, 0x00, 0x00, 0x00, 0x00, 0x90, 0xFF, 0x78, 0x00, 0x00, 0x00, 0x00,
    0x00, 0x00, 0x00, 0x00, 0x00, 0x00, 0x00, 0x00, 0x00, 0x00, 0x00, 0x00, 0x00, 0x02, 0xC4, 0xFF,
    0x89, 0x00, 0x00, 0x00, 0x00, 0x00, 0x00, 0xBB, 0xFF, 0x63, 0x00, 0x00, 0x00, 0x00, 0x00, 0x00,
    0x00, 0x00, 0x00, 0x00, 0x00, 0x00, 0x00, 0x00, 0x00, 0x00, 0x2F, 0xE2, 0xFF, 0xFD, 0x52, 0x00,
    0x00, 0x00, 0x00, 0x00, 0x00, 0x00, 0x00, 0x00, 0x00, 0x00, 0x00, 0x00, 0x00, 0x16, 0x9B, 0xFF,
    0xFF, 0xF4, 0x4A, 0x00, 0x00, 0x00, 0x00, 0x00, 0x00, 0x78, 0xFF, 0xFF, 0x8E, 0x00, 0x00, 0x00,
    0x00, 0x00, 0x00, 0x00, 0x00, 0x00, 0x00, 0x00, 0x00, 0x00, 0x00, 0x00, 0xBC, 0xFF, 0x80, 0x00,
    0x00, 0x00, 0x00, 0x00, 0x00, 0x00, 0x00, 0x00, 0x00, 0x00, 0x00, 0x00, 0x00, 0x00, 0x00, 0x00,
    0x00, 0x00, 0x00, 0x00, 0x54, 0xFF, 0xB5, 0x00, 0x00, 0x00, 0x00, 0x00, 0x00, 0x00, 0x00, 0x90,
    0xFF, 0x78, 0x00, 0x00, 0x00, 0x00, 0x00, 0x00, 0x00, 0x00, 0x00, 0x00, 0x00, 0x00, 0x00, 0x00,
    0x00, 0x00, 0x00, 0x88, 0xFF, 0xF0, 0x15, 0x00, 0x00, 0x00, 0x00, 0x00, 0x00, 0xD0, 0xFF, 0x4E,
    0x00, 0x00, 0x00, 0x00, 0x00, 0x00, 0x00, 0x00, 0x00, 0x00, 0x00, 0x00, 0x00, 0x00, 0x2C, 0x9F,
    0xFB, 0xFF, 0xF8, 0x5E, 0x00, 0x00, 0x00, 0x00, 0x00, 0x00, 0x00, 0x00, 0x00, 0x00, 0x00, 0x00,
    0x00, 0x00, 0x2C, 0xF3, 0xFF, 0xFF, 0xDF, 0x2F, 0x00, 0x00, 0x00, 0x00, 0x00, 0x00, 0x00, 0x00,
    0xA4, 0xFF, 0xFF, 0x6F, 0x00, 0x00, 0x00, 0x00, 0x00, 0x00, 0x00, 0x00, 0x00, 0x00, 0x00, 0x00,
    0x00, 0x00, 0xBC, 0xFF, 0x80, 0x00, 0x00, 0x00, 0x00, 0x00, 0x00, 0x00, 0x00, 0x00, 0x00, 0x00,
    0x00, 0x00, 0x00, 0x00, 0x00, 0x00, 0x00, 0x00, 0x00, 0x00, 0x59, 0xFF, 0xBA, 0x00, 0x00, 0x27,
    0x2E, 0x27, 0x21, 0x20, 0x20, 0x9E, 0xFF, 0x89, 0x20, 0x20, 0x20, 0x26, 0x2E, 0x23, 0x00, 0x00,
    0x00, 0x00, 0x00, 0x00, 0x00, 0x00, 0x00, 0x0C, 0x98, 0xFF, 0xFF, 0x65, 0x00, 0x00, 0x00, 0x00,
    0x00, 0x00, 0x00, 0xE8, 0xFF, 0x32, 0x00, 0x00, 0x00, 0x00, 0x00, 0x00, 0x00, 0x00, 0x00, 0x00,
    0x00, 0x00, 0x5A, 0xE8, 0xFF, 0xFF, 0xFF, 0xCB, 0x32, 0x00, 0x00, 0x00, 0x00, 0x00, 0x00, 0x00,
    0x00, 0x00, 0x00, 0x00, 0x00, 0x00, 0x00, 0x00, 0x00, 0xB0, 0xFF, 0xAF, 0x13, 0x00, 0x00, 0x00,
    0x00, 0x00, 0x00, 0x00, 0x00, 0x00, 0x09, 0xD7, 0xFF, 0x7D, 0x00, 0x00, 0x00, 0x00, 0x00, 0x00,
    0x00, 0x00, 0x00, 0x00, 0x00, 0x00, 0x00, 0x00, 0xBC, 0xFF, 0x80, 0x00, 0x00, 0x00, 0x00, 0x00,
    0x00, 0x00, 0x00, 0x00, 0x00, 0x00, 0x00, 0x00, 0x00, 0x00, 0x00, 0x00, 0x00, 0x00, 0x00, 0x00,
    0x5E, 0xFF, 0xBF, 0x00, 0x00, 0xC0, 0xFF, 0xFF, 0xFF, 0xFF, 0xFF, 0xFF, 0xFF, 0xFF, 0xFF, 0xFF,
    0xFF, 0xFF, 0xFF, 0xAC, 0x00, 0x00, 0x00, 0x00, 0x00, 0x00, 0x00, 0x10, 0x71, 0xE4, 0xFF, 0xFF,
    0x86, 0x00, 0x00, 0x00, 0x00, 0x01, 0x07, 0x16, 0x6C, 0xFF, 0xFF, 0x11, 0x00, 0x00, 0x00, 0x00,
    0x00, 0x00, 0x00, 0x00, 0x00, 0x00, 0x00, 0x00, 0x10, 0xE8, 0xFF, 0xCD, 0x57, 0x02, 0x00, 0x00,
    0x00, 0x00, 0x00, 0x00, 0x00, 0x00, 0x00, 0x00, 0x00, 0x00, 0x00, 0x00, 0x00, 0x00, 0x00, 0x15,
    0x38, 0x00, 0x00, 0x00, 0x00, 0x00, 0x00, 0x00, 0x00, 0x00, 0x00, 0x00, 0x00, 0x31, 0x7D, 0x00,
    0x00, 0x00, 0x00, 0x00, 0x00, 0x00, 0x00, 0x00, 0x00, 0x00, 0x00, 0x00, 0x00, 0x00, 0xBC, 0xFF,
    0x80, 0x00, 0x00, 0x00, 0x00, 0x00, 0x00, 0x00, 0x00, 0x00, 0x00, 0x00, 0x00, 0x00, 0x00, 0x00,
    0x00, 0x00, 0x00, 0x00, 0x00, 0x00, 0x63, 0xFF, 0xC4, 0x00, 0x00, 0x87, 0xAE, 0xA5, 0x9D, 0x9C,
    0x9C, 0x9C, 0x9C, 0x9C, 0x9C, 0x9C, 0x9C, 0xA4, 0xAD, 0x79, 0x00, 0x00, 0x00, 0x00, 0x39, 0x79,
    0xB6, 0xF9, 0xFF, 0xFF, 0xD4, 0x4B, 0x00, 0x00, 0x00, 0x00, 0x0E, 0xE3, 0xFF, 0xFF, 0xFF, 0xFF,
    0xCA, 0x00, 0x00, 0x00, 0x00, 0x00, 0x00, 0x00, 0x00, 0x00, 0x00, 0x00, 0x00, 0x00, 0x00, 0x3C,
    0x32, 0x00, 0x00, 0x00, 0x00, 0x00, 0x00, 0x00, 0x00, 0x00, 0x00, 0x00, 0x00, 0x00, 0x00, 0x00,
    0x00, 0x00, 0x00, 0x00, 0x00, 0x00, 0x00, 0x00, 0x00, 0x00, 0x00, 0x00, 0x00, 0x00, 0x00, 0x00,
    0x00, 0x00, 0x00, 0x00, 0x00, 0x00, 0x00, 0x00, 0x00, 0x00, 0x00, 0x00, 0x00, 0x00, 0x00, 0x00,
    0x00, 0x00, 0x00, 0x00, 0x3A, 0x50, 0x28, 0x00, 0x00, 0x00, 0x00, 0x00, 0x00, 0x00, 0x00, 0x00,
    0x00, 0x00, 0x00, 0x00, 0x00, 0x00, 0x00, 0x00, 0x00, 0x00, 0x00, 0x00, 0x67, 0xFF, 0xCA, 0x00,
    0x00, 0x00, 0x00, 0x00, 0x00, 0x00, 0x00, 0x00, 0x00, 0x00, 0x00, 0x00, 0x00, 0x00, 0x00, 0x00,
    0x00, 0x00, 0x00, 0x00, 0x2E, 0xF5, 0xFF, 0xFF, 0xC0, 0x4C, 0x01, 0x00, 0x00, 0x00, 0x00, 0x00,
    0x00, 0x77, 0xFF, 0xFD, 0xDB, 0xA5, 0x24, 0x00, 0x00, 0x00, 0x00, 0x00, 0x00, 0x00, 0x00, 0x00,
    0x00, 0x00, 0x00, 0x00, 0x00, 0x00, 0x00, 0x00, 0x00, 0x00, 0x00, 0x00, 0x00, 0x00, 0x00, 0x00,
    0x00, 0x00, 0x00, 0x00, 0x00, 0x00, 0x00, 0x00, 0x00, 0x00, 0x00, 0x00, 0x00, 0x00, 0x00, 0x00,
    0x00, 0x00, 0x00, 0x00, 0x00, 0x00, 0x00, 0x00, 0x00, 0x00, 0x00, 0x00, 0x00, 0x00, 0x00, 0x00,
    0x00, 0x00, 0x00, 0x00, 0x00, 0x00, 0x00, 0x00, 0x00, 0x00, 0x00, 0x00, 0x00, 0x00, 0x00, 0x00,
    0x00, 0x00, 0x00, 0x00, 0x00, 0x00, 0x00, 0x00, 0x00, 0x00, 0x00, 0x00, 0x00, 0x00, 0x00, 0x00,
    0x00, 0x00, 0x3A, 0x8C, 0x70, 0x00, 0x00, 0x00, 0x00, 0x00, 0x00, 0x00, 0x00, 0x00, 0x00, 0x00,
    0x00, 0x00, 0x00, 0x00, 0x00, 0x00, 0x00, 0x00, 0x00, 0x00, 0x00, 0x73, 0x86, 0x24, 0x00, 0x00,
    0x00, 0x00, 0x00, 0x00, 0x00, 0x00, 0x00, 0x10, 0x25, 0x06, 0x00, 0x00, 0x00, 0x00, 0x00, 0x00,
    0x00, 0x00, 0x00, 0x00, 0x00, 0x00, 0x00, 0x00, 0x00, 0x00, 0x00, 0x00, 0x00, 0x00, 0x00, 0x00,
    0x00, 0x00, 0x00, 0x00, 0x00, 0x00, 0x00, 0x00, 0x00, 0x00, 0x00, 0x00, 0x00, 0x00, 0x00, 0x00,
    0x00, 0x00, 0x00, 0x00, 0x00, 0x00, 0x00, 0x00, 0x00, 0x00, 0x00, 0x00, 0x00, 0x00, 0x00, 0x00,
    0x00, 0x00, 0x00, 0x00, 0x00, 0x00, 0x00, 0x00, 0x00, 0x00, 0x00, 0x00, 0x00, 0x00, 0x00, 0x00,
    0x00, 0x00, 0x00, 0x00, 0x00, 0x00, 0x00, 0x00, 0x00, 0x00, 0x00, 0x00, 0x00, 0x00, 0x00, 0x00,
    0x00, 0x00, 0x00, 0x00, 0x00, 0x00, 0x00, 0x00, 0x00, 0x00, 0x00, 0x00, 0x00, 0x00, 0x00, 0x00,
    0x00, 0x00, 0x00, 0x00, 0x00, 0x00, 0x00, 0x00, 0x00, 0x00, 0x00, 0x00, 0x00, 0x00, 0x00, 0x00,
    0x00, 0x00, 0x00, 0x00, 0x00, 0x00, 0x00, 0x00, 0x00, 0x00, 0x00, 0x00, 0x00, 0x00, 0x00, 0x00,
    0x00, 0x00, 0x00, 0x00, 0x00, 0x00, 0x00, 0x00, 0x00, 0x00, 0x00, 0x00, 0x00, 0x00, 0x00, 0x00,
    0x00, 0x00, 0x00, 0x00, 0x00, 0x00, 0x00, 0x00, 0x00, 0x00, 0x00, 0x00, 0x00, 0x00, 0x00, 0x00,
    0x00, 0x00, 0x00, 0x00, 0x00, 0x00, 0x00, 0x00, 0x00, 0x00, 0x00, 0x00, 0x00, 0x00, 0x00, 0x00,
    0x00, 0x00, 0x00, 0x00, 0x00, 0x00, 0x00, 0x00, 0x00, 0x00, 0x00, 0x00, 0x00, 0x00, 0x00, 0x00,
    0x00, 0x00, 0x00, 0x00, 0x00, 0x00, 0x00, 0x00, 0x00, 0x00, 0x00, 0x00, 0x00, 0x00, 0x00, 0x00,
    0x00, 0x00, 0x00, 0x00, 0x00, 0x00, 0x00, 0x00, 0x00, 0x00, 0x00, 0x00, 0x00, 0x00, 0x00, 0x00,
    0x00, 0x00, 0x00, 0x00, 0x00, 0x00, 0x00, 0x00, 0x00, 0x00, 0x00, 0x00, 0x00, 0x00, 0x00, 0x00,
    0x00, 0x00, 0x00, 0x00, 0x00, 0x00, 0x00, 0x00, 0x00, 0x00, 0x00, 0x00, 0x00, 0x00, 0x00, 0x00,
    0x00, 0x00, 0x00, 0x00, 0x00, 0x00, 0x00, 0x00, 0x00, 0x00, 0x00, 0x00, 0x00, 0x00, 0x00, 0x00,
    0x00, 0x00, 0x00, 0x00, 0x00, 0x00, 0x00, 0x00, 0x00, 0x00, 0x00, 0x00, 0x00, 0x00, 0x00, 0x00,
    0x00, 0x00, 0x00, 0x00, 0x00, 0x00, 0x00, 0x00, 0x00, 0x00, 0x00, 0x00, 0x00, 0x00, 0x00, 0x00,
    0x00, 0x00, 0x00, 0x00, 0x00, 0x00, 0x00, 0x00, 0x00, 0x00, 0x00, 0x00, 0x00, 0x00, 0x00, 0x00,
    0x00, 0x00, 0x00, 0x00, 0x00, 0x00, 0x00, 0x00, 0x00, 0x00, 0x00, 0x00, 0x00, 0x00, 0x00, 0x00,
    0x00, 0x00, 0x00, 0x00, 0x00, 0x00, 0x00, 0x00, 0x00, 0x00, 0x00, 0x00, 0x00, 0x00,
};

const lv_image_dsc_t todo_text_ttl_zh = {
    .header.magic = LV_IMAGE_HEADER_MAGIC,
    .header.cf = LV_COLOR_FORMAT_A8,
    .header.flags = 0,
    .header.w = 134,
    .header.h = 29,
    .header.stride = 134,
    .data_size = 3886,
    .data = todo_text_ttl_zh_data,
};

static const uint8_t todo_text_status_en_data[] = {
    0x00, 0x00, 0x00, 0x00, 0x00, 0x00, 0x00, 0x00, 0x00, 0x00, 0x00, 0x00, 0x00, 0x00, 0x00, 0x00,
    0x00, 0x00, 0x00, 0x00, 0x00, 0x00, 0x00, 0x00, 0x00, 0x00, 0x00, 0x00, 0x00, 0x00, 0x00, 0x00,
    0x00, 0x00, 0x00, 0x00, 0x00, 0x00, 0x00, 0x00, 0x00, 0x00, 0x00, 0x00, 0x00, 0x00, 0x00, 0x00,
    0x00, 0x00, 0x00, 0x00, 0x00, 0x00, 0x00, 0x00, 0x00, 0x00, 0x00, 0x00, 0x00, 0x00, 0x00, 0x00,
    0x00, 0x00, 0x00, 0x00, 0x00, 0x00, 0x00, 0x00, 0x00, 0x00, 0x00, 0x00, 0x00, 0x00, 0x00, 0x00,
    0x00, 0x00, 0x00, 0x00, 0x00, 0x00, 0x00, 0x00, 0x00, 0x00, 0x00, 0x00, 0x00, 0x00, 0x00, 0x00,
    0x00, 0x00, 0x00, 0x00, 0x00, 0x00, 0x00, 0x00, 0x00, 0x00, 0x00, 0x00, 0x00, 0x00, 0x00, 0x00,
    0x00, 0x00, 0x00, 0x1E, 0xAB, 0xEE, 0xF7, 0xDF, 0x91, 0x0B, 0x00, 0xB8, 0xFF, 0xFF, 0xFF, 0xFF,
    0xFF, 0xFF, 0xAC, 0x00, 0x00, 0x00, 0x8F, 0xFF, 0xCB, 0x00, 0x00, 0x00, 0xB8, 0xFF, 0xFF, 0xFF,
    0xFF, 0xFF, 0xFF, 0xAC, 0x10, 0xFF, 0xD0, 0x00, 0x00, 0x00, 0x88, 0xFF, 0x5C, 0x00, 0x1E, 0xAB,
    0xEE, 0xF7, 0xDF, 0x91, 0x0B, 0x00, 0x00, 0x00, 0x00, 0x00, 0x01, 0xD2, 0xD8, 0x25, 0x08, 0x72,
    0xFF, 0x98, 0x00, 0x00, 0x00, 0x00, 0xF4, 0xEC, 0x00, 0x00, 0x00, 0x00, 0x00, 0x03, 0xE7, 0xFF,
    0xFF, 0x2B, 0x00, 0x00, 0x00, 0x00, 0x00, 0xF4, 0xEC, 0x00, 0x00, 0x00, 0x10, 0xFF, 0xD0, 0x00,
    0x00, 0x00, 0x88, 0xFF, 0x5C, 0x01, 0xD2, 0xD8, 0x25, 0x08, 0x72, 0xFF, 0x98, 0x00, 0x00, 0x00,
    0x00, 0x00, 0x24, 0xFF, 0xB8, 0x00, 0x00, 0x00, 0x00, 0x00, 0x00, 0x00, 0x00, 0x00, 0xF4, 0xEC,
    0x00, 0x00, 0x00, 0x00, 0x00, 0x48, 0xFF, 0xBF, 0xFF, 0x8A, 0x00, 0x00, 0x00, 0x00, 0x00, 0xF4,
    0xEC, 0x00, 0x00, 0x00, 0x10, 0xFF, 0xD0, 0x00, 0x00, 0x00, 0x88, 0xFF, 0x5C, 0x24, 0xFF, 0xB8,
    0x00, 0x00, 0x00, 0x00, 0x00, 0x00, 0x00, 0x00, 0x00, 0x00, 0x0B, 0xFA, 0xFF, 0xB1, 0x29, 0x00,
    0x00, 0x00, 0x00, 0x00, 0x00, 0x00, 0xF4, 0xEC, 0x00, 0x00, 0x00, 0x00, 0x00, 0xA5, 0xFF, 0x42,
    0xFA, 0xE6, 0x03, 0x00, 0x00, 0x00, 0x00, 0xF4, 0xEC, 0x00, 0x00, 0x00, 0x10, 0xFF, 0xD0, 0x00,
    0x00, 0x00, 0x88, 0xFF, 0x5C, 0x0B, 0xFA, 0xFF, 0xB1, 0x29, 0x00, 0x00, 0x00, 0x00, 0x00, 0x00,
    0x00, 0x00, 0x00, 0x72, 0xFF, 0xFF, 0xFD, 0xAB, 0x2E, 0x00, 0x00, 0x00, 0x00, 0x00, 0xF4, 0xEC,
    0x00, 0x00, 0x00, 0x00, 0x0C, 0xF5, 0xF3, 0x04, 0xC4, 0xFF, 0x49, 0x00, 0x00, 0x00, 0x00, 0xF4,
    0xEC, 0x00, 0x00, 0x00, 0x10, 0xFF, 0xD0, 0x00, 0x00, 0x00, 0x88, 0xFF, 0x5C, 0x00, 0x72, 0xFF,
    0xFF, 0xFD, 0xAB, 0x2E, 0x00, 0x00, 0x00, 0x00, 0x00, 0x00, 0x00, 0x00, 0x47, 0xCE, 0xFF, 0xFF,
    0xFC, 0x62, 0x00, 0x00, 0x00, 0x00, 0xF4, 0xEC, 0x00, 0x00, 0x00, 0x00, 0x5F, 0xFF, 0xB7, 0x00,
    0x83, 0xFF, 0xA9, 0x00, 0x00, 0x00, 0x00, 0xF4, 0xEC, 0x00, 0x00, 0x00, 0x0D, 0xFF, 0xD0, 0x00,
    0x00, 0x00, 0x88, 0xFF, 0x5A, 0x00, 0x00, 0x47, 0xCE, 0xFF, 0xFF, 0xFC, 0x62, 0x00, 0x00, 0x00,
    0x00, 0x00, 0x00, 0x00, 0x00, 0x00, 0x48, 0xC8, 0xFF, 0xE9, 0x00, 0x00, 0x00, 0x00, 0xF4, 0xEC,
    0x00, 0x00, 0x00, 0x00, 0xBB, 0xFF, 0x77, 0x00, 0x41, 0xFF, 0xF8, 0x11, 0x00, 0x00, 0x00, 0xF4,
    0xEC, 0x00, 0x00, 0x00, 0x05, 0xFF, 0xD2, 0x00, 0x00, 0x00, 0x8B, 0xFF, 0x52, 0x00, 0x00, 0x00,
    0x00, 0x48, 0xC8, 0xFF, 0xE9, 0x00, 0x00, 0x00, 0x00, 0x00, 0x00, 0x00, 0x00, 0x00, 0x00, 0x03,
    0xED, 0xF9, 0x01, 0x00, 0x00, 0x00, 0xF4, 0xEC, 0x00, 0x00, 0x00, 0x1A, 0xFD, 0xFF, 0xFF, 0xFF,
    0xFF, 0xFF, 0xFF, 0x68, 0x00, 0x00, 0x00, 0xF4, 0xEC, 0x00, 0x00, 0x00, 0x00, 0xE6, 0xE5, 0x00,
    0x00, 0x00, 0x9D, 0xFF, 0x35, 0x00, 0x00, 0x00, 0x00, 0x00, 0x03, 0xED, 0xF9, 0x01, 0x00, 0x00,
    0x00, 0x00, 0x4F, 0xFF, 0xAA, 0x18, 0x08, 0x54, 0xFD, 0xA3, 0x00, 0x00, 0x00, 0x00, 0xF4, 0xEC,
    0x00, 0x00, 0x00, 0x75, 0xFF, 0x92, 0x00, 0x00, 0x00, 0x51, 0xFF, 0xC8, 0x00, 0x00, 0x00, 0xF4,
    0xEC, 0x00, 0x00, 0x00, 0x00, 0x8A, 0xFF, 0x71, 0x09, 0x30, 0xEB, 0xD2, 0x00, 0x4F, 0xFF, 0xAA,
    0x18, 0x08, 0x54, 0xFD, 0xA3, 0x00, 0x00, 0x00, 0x00, 0x00, 0x00, 0x60, 0xC9, 0xF0, 0xFA, 0xE1,
    0x8E, 0x0A, 0x00, 0x00, 0x00, 0x00, 0xF4, 0xEC, 0x00, 0x00, 0x00, 0xD2, 0xFF, 0x30, 0x00, 0x00,
    0x00, 0x03, 0xE4, 0xFF, 0x28, 0x00, 0x00, 0xF4, 0xEC, 0x00, 0x00, 0x00, 0x00, 0x04, 0x84, 0xE0,
    0xFA, 0xF0, 0xB0, 0x21, 0x00, 0x00, 0x60, 0xC9, 0xF0, 0xFA, 0xE1, 0x8E, 0x0A, 0x00, 0x00, 0x00,
    0x00, 0x00, 0x00, 0x00, 0x00, 0x00, 0x00, 0x00, 0x00, 0x00, 0x00, 0x00, 0x00, 0x00, 0x00, 0x00,
    0x00, 0x00, 0x00, 0x00, 0x00, 0x00, 0x00, 0x00, 0x00, 0x00, 0x00, 0x00, 0x00, 0x00, 0x00, 0x00,
    0x00, 0x00, 0x00, 0x00, 0x00, 0x00, 0x00, 0x00, 0x00, 0x00, 0x00, 0x00, 0x00, 0x00, 0x00, 0x00,
    0x00, 0x00, 0x00, 0x00, 0x00, 0x00, 0x00, 0x00, 0x00, 0x00, 0x00, 0x00, 0x00, 0x00, 0x00, 0x00,
    0x00, 0x00, 0x00, 0x00, 0x00, 0x00, 0x00, 0x00, 0x00, 0x00, 0x00, 0x00, 0x00, 0x00, 0x00, 0x00,
    0x00, 0x00, 0x00, 0x00, 0x00, 0x00, 0x00, 0x00, 0x00, 0x00, 0x00, 0x00, 0x00, 0x00, 0x00, 0x00,
    0x00, 0x00, 0x00, 0x00, 0x00, 0x00, 0x00, 0x00, 0x00, 0x00, 0x00, 0x00, 0x00, 0x00, 0x00, 0x00,
};

const lv_image_dsc_t todo_text_status_en = {
    .header.magic = LV_IMAGE_HEADER_MAGIC,
    .header.cf = LV_COLOR_FORMAT_A8,
    .header.flags = 0,
    .header.w = 56,
    .header.h = 14,
    .header.stride = 56,
    .data_size = 784,
    .data = todo_text_status_en_data,
};

static const uint8_t todo_text_status_zh_data[] = {
    0x00, 0x00, 0x00, 0x00, 0x00, 0x00, 0x00, 0x00, 0x00, 0x00, 0x00, 0x00, 0x00, 0x00, 0x00, 0x00,
    0x00, 0x00, 0x00, 0x00, 0x00, 0x00, 0x00, 0x00, 0x00, 0x00, 0x00, 0x00, 0x00, 0x00, 0x00, 0x00,
    0x00, 0x00, 0x00, 0x00, 0x00, 0x00, 0x00, 0x00, 0x00, 0x00, 0x00, 0x00, 0x00, 0x00, 0x00, 0x00,
    0x00, 0x00, 0x00, 0x00, 0x00, 0x00, 0x00, 0x00, 0x00, 0x00, 0x00, 0x00, 0x00, 0x00, 0x00, 0x00,
    0x00, 0x00, 0x00, 0x00, 0x00, 0x00, 0x00, 0x00, 0x00, 0x00, 0x00, 0x00, 0x00, 0x00, 0x00, 0x00,
    0x00, 0x00, 0x00, 0x00, 0x00, 0x00, 0x00, 0x00, 0x00, 0x00, 0x00, 0x00, 0x00, 0x00, 0x00, 0x00,
    0x00, 0x00, 0x00, 0x00, 0x00, 0x00, 0x00, 0x00, 0x00, 0x00, 0x00, 0x00, 0x00, 0x00, 0x00, 0x00,
    0x00, 0x00, 0x00, 0x00, 0x00, 0x00, 0x00, 0x00, 0x00, 0x00, 0x00, 0x00, 0x00, 0x00, 0x00, 0x03,
    0x00, 0x00, 0x00, 0x00, 0x00, 0x00, 0x00, 0x63, 0xA6, 0x6A, 0x00, 0x00, 0x00, 0xA2, 0xC0, 0x4F,
    0x00, 0x00, 0x00, 0x00, 0x00, 0x00, 0x00, 0x00, 0x00, 0x00, 0x00, 0x00, 0x00, 0x00, 0x00, 0x00,
    0x00, 0x00, 0x00, 0x5C, 0xB8, 0x68, 0x00, 0x00, 0x00, 0x00, 0x00, 0x00, 0x00, 0x00, 0x00, 0x00,
    0x00, 0x00, 0x00, 0x00, 0x00, 0x00, 0x00, 0x00, 0x00, 0x5D, 0xCA, 0x89, 0x00, 0x00, 0x00, 0x00,
    0x00, 0x00, 0x00, 0x85, 0xFF, 0xAF, 0x00, 0x00, 0x00, 0xD2, 0xFF, 0x5F, 0x00, 0x00, 0x00, 0x00,
    0x00, 0x00, 0x00, 0x00, 0x00, 0x00, 0x00, 0x00, 0x00, 0x00, 0x00, 0x00, 0x00, 0x00, 0x00, 0xA7,
    0xFF, 0xDE, 0x01, 0x00, 0x00, 0x00, 0x00, 0x00, 0x00, 0x00, 0x00, 0x00, 0x00, 0x00, 0x00, 0x00,
    0x00, 0x00, 0x00, 0x00, 0x00, 0x84, 0xFF, 0xF3, 0x12, 0x00, 0x00, 0x00, 0x00, 0x00, 0x00, 0x7F,
    0xFF, 0xA1, 0x00, 0x00, 0x00, 0xC9, 0xFF, 0x59, 0x00, 0x00, 0x00, 0x00, 0x00, 0x00, 0x00, 0x00,
    0x00, 0x00, 0x00, 0x00, 0x00, 0x00, 0x00, 0x00, 0x00, 0x00, 0x00, 0x40, 0xFF, 0xFF, 0x41, 0x00,
    0x00, 0x00, 0x00, 0x00, 0x00, 0x00, 0x00, 0x00, 0x00, 0x00, 0x00, 0x00, 0x00, 0x00, 0x00, 0x00,
    0x00, 0x0B, 0xEA, 0xFF, 0x7D, 0x00, 0x00, 0x00, 0x00, 0x00, 0x00, 0x7A, 0xFF, 0x96, 0x00, 0x00,
    0x00, 0xC5, 0xFF, 0x55, 0x00, 0x00, 0x00, 0x00, 0x00, 0x00, 0x00, 0x00, 0x00, 0x21, 0xCC, 0xCC,
    0xCC, 0xCC, 0xCC, 0xCC, 0xCC, 0xCC, 0xCC, 0xCD, 0xFF, 0xFF, 0xE4, 0xCC, 0xCC, 0xCC, 0xCC, 0xCE,
    0xD4, 0xDB, 0xD5, 0x00, 0x00, 0x00, 0x00, 0x00, 0x00, 0x00, 0x00, 0x00, 0x00, 0x00, 0x78, 0xFF,
    0xE7, 0x06, 0x00, 0x07, 0x03, 0x00, 0x00, 0x74, 0xFF, 0x8D, 0x00, 0x00, 0x00, 0xC2, 0xFF, 0x54,
    0x00, 0x00, 0x03, 0x07, 0x00, 0x00, 0x00, 0x00, 0x00, 0x23, 0xFF, 0xFF, 0xF4, 0xF4, 0xF4, 0xF4,
    0xF4, 0xF4, 0xF4, 0xF4, 0xF4, 0xF4, 0xF4, 0xF4, 0xF4, 0xF4, 0xF4, 0xF7, 0xFC, 0xFF, 0xF0, 0x00,
    0x00, 0x00, 0x00, 0x00, 0x00, 0x00, 0x00, 0x00, 0x00, 0x00, 0x17, 0xFD, 0xFF, 0x44, 0x00, 0xD0,
    0xFF, 0xFC, 0xF6, 0xF7, 0xFF, 0xF8, 0xF0, 0xF0, 0xF0, 0xFC, 0xFF, 0xF6, 0xF7, 0xFD, 0xFF, 0xD0,
    0x00, 0x00, 0x00, 0x00, 0x00, 0x1F, 0xFF, 0xFF, 0x03, 0x00, 0x00, 0x00, 0x0C, 0x2C, 0x2C, 0x00,
    0x00, 0x00, 0x00, 0x00, 0x14, 0x48, 0x47, 0x00, 0x00, 0x04, 0x0B, 0x00, 0x00, 0x00, 0x00, 0x00,
    0x00, 0x00, 0x00, 0x00, 0x00, 0x00, 0x00, 0x71, 0x1C, 0x00, 0x00, 0xD0, 0xFF, 0xFF, 0xF9, 0xF8,
    0xFF, 0xF6, 0xEC, 0xEC, 0xEC, 0xFB, 0xFF, 0xF4, 0xF4, 0xFA, 0xFF, 0xD0, 0x00, 0x00, 0x00, 0x00,
    0x00, 0x1B, 0xFF, 0xFF, 0x02, 0x00, 0x00, 0x00, 0x3C, 0xFF, 0xF7, 0x00, 0x00, 0x00, 0x00, 0x00,
    0x3F, 0xFF, 0xF8, 0x00, 0x00, 0x00, 0x00, 0x00, 0x00, 0x00, 0x00, 0x00, 0x00, 0x00, 0x00, 0x00,
    0x00, 0x00, 0x00, 0x00, 0x00, 0x00, 0x00, 0x19, 0x13, 0x06, 0x00, 0x93, 0xFF, 0x7D, 0x00, 0x00,
    0x00, 0xC0, 0xFF, 0x54, 0x00, 0x00, 0x00, 0x04, 0x00, 0x00, 0x00, 0x00, 0x00, 0x1B, 0xFF, 0xFF,
    0x01, 0x00, 0x00, 0x00, 0x31, 0xFF, 0xEC, 0x00, 0x00, 0x00, 0x00, 0x00, 0x35, 0xFF, 0xEE, 0x00,
    0x00, 0x00, 0x00, 0x00, 0x00, 0x00, 0x00, 0x00, 0x00, 0x00, 0x00, 0x00, 0x00, 0x00, 0x00, 0x00,
    0x00, 0x00, 0x00, 0x00, 0x00, 0x00, 0x00, 0x9F, 0xFF, 0x6C, 0x00, 0x00, 0x00, 0xC0, 0xFF, 0x54,
    0x00, 0x00, 0x00, 0x00, 0x00, 0x00, 0x00, 0x00, 0x00, 0x1B, 0xFF, 0xFE, 0x00, 0x86, 0x7C, 0x74,
    0x8A, 0xFF, 0xF3, 0x70, 0x70, 0x70, 0x70, 0x70, 0x8B, 0xFF, 0xF1, 0x71, 0x74, 0x7A, 0x85, 0x06,
    0x00, 0x00, 0x00, 0x00, 0x00, 0x00, 0x00, 0x46, 0xBC, 0xB3, 0xAC, 0xAC, 0xA7, 0x00, 0x00, 0x00,
    0x00, 0x00, 0x00, 0xAA, 0xFF, 0x5A, 0x00, 0x00, 0x00, 0xC0, 0xFF, 0x54, 0x00, 0x00, 0x00, 0x00,
    0x00, 0x00, 0x00, 0x00, 0x00, 0x1E, 0xFF, 0xFC, 0x00, 0xFF, 0xFF, 0xFF, 0xFF, 0xFF, 0xFF, 0xFF,
    0xFF, 0xFF, 0xFF, 0xFF, 0xFF, 0xFF, 0xFF, 0xFF, 0xFF, 0xFF, 0xFF, 0x0C, 0x00, 0x00, 0x00, 0x00,
    0x00, 0x00, 0x00, 0x5C, 0xFF, 0xFF, 0xFF, 0xFF, 0xE9, 0x00, 0x00, 0x00, 0x00, 0x00, 0x00, 0xB6,
    0xFF, 0x49, 0x00, 0x00, 0x00, 0xC0, 0xFF, 0x54, 0x00, 0x00, 0x00, 0x00, 0x00, 0x00, 0x00, 0x00,
    0x00, 0x1F, 0xFF, 0xF7, 0x00, 0x4B, 0x41, 0x39, 0x59, 0xFF, 0xEC, 0x34, 0x34, 0x34, 0x34, 0x34,
    0x5A, 0xFF, 0xE9, 0x36, 0x39, 0x3F, 0x4A, 0x03, 0x00, 0x00, 0x00, 0x00, 0x00, 0x00, 0x00, 0x23,
    0x53, 0x3D, 0x70, 0xFF, 0xD7, 0x00, 0x21, 0x57, 0x4D, 0x48, 0x45, 0xD1, 0xFF, 0x6E, 0x44, 0x44,
    0x44, 0xD1, 0xFF, 0x82, 0x4A, 0x4F, 0x55, 0x5A, 0x21, 0x00, 0x00, 0x00, 0x00, 0x25, 0xFF, 0xF1,
    0x00, 0x00, 0x00, 0x00, 0x30, 0xFF, 0xE8, 0x00, 0x00, 0x00, 0x00, 0x00, 0x30, 0xFF, 0xE5, 0x00,
    0x00, 0x00, 0x00, 0x00, 0x00, 0x00, 0x00, 0x00, 0x00, 0x00, 0x00, 0x00, 0x00, 0x00, 0x4C, 0xFF,
    0xCE, 0x00, 0x5C, 0xFF, 0xFF, 0xFF, 0xFF, 0xFF, 0xFF, 0xFF, 0xFF, 0xFF, 0xFF, 0xFF, 0xFF, 0xFF,
    0xFF, 0xFF, 0xFF, 0xFF, 0x5C, 0x00, 0x00, 0x00, 0x00, 0x2B, 0xFF, 0xEA, 0x00, 0x00, 0x00, 0x00,
    0x34, 0xFF, 0xEE, 0x48, 0x48, 0x48, 0x48, 0x48, 0x6A, 0xFF, 0xE9, 0x00, 0x00, 0x00, 0x00, 0x00,
    0x00, 0x00, 0x00, 0x00, 0x00, 0x00, 0x00, 0x00, 0x00, 0x00, 0x4C, 0xFF, 0xC8, 0x00, 0x40, 0xAB,
    0xA1, 0x9D, 0x9D, 0xFF, 0xFF, 0x9D, 0x98, 0x98, 0x98, 0xE6, 0xFF, 0xBB, 0x9F, 0xA4, 0xAA, 0xB0,
    0x40, 0x00, 0x00, 0x00, 0x00, 0x36, 0xFF, 0xDD, 0x00, 0x00, 0x00, 0x00, 0x3E, 0xFF, 0xFF, 0xFF,
    0xFF, 0xFF, 0xFF, 0xFF, 0xFF, 0xFF, 0xF1, 0x00, 0x00, 0x00, 0x00, 0x00, 0x00, 0x00, 0x00, 0x00,
    0x00, 0x00, 0x00, 0x00, 0x00, 0x00, 0x4C, 0xFF, 0xC8, 0x00, 0x00, 0x00, 0x00, 0x00, 0x2D, 0xFF,
    0xEF, 0x00, 0x00, 0x00, 0x00, 0xC0, 0xFF, 0x54, 0x00, 0x00, 0x00, 0x00, 0x00, 0x00, 0x00, 0x00,
    0x00, 0x43, 0xFF, 0xCB, 0x00, 0x00, 0x00, 0x00, 0x20, 0x78, 0x78, 0x78, 0x78, 0x78, 0x78, 0x78,
    0x78, 0x78, 0x75, 0x00, 0x00, 0x00, 0x00, 0x00, 0x00, 0x00, 0x00, 0x00, 0x00, 0x00, 0x00, 0x00,
    0x00, 0x00, 0x4C, 0xFF, 0xC8, 0x00, 0x00, 0x00, 0x00, 0x00, 0x65, 0xFF, 0xBB, 0x00, 0x00, 0x00,
    0x00, 0xC0, 0xFF, 0x54, 0x00, 0x00, 0x00, 0x00, 0x00, 0x00, 0x00, 0x00, 0x00, 0x57, 0xFF, 0xB9,
    0x00, 0x1C, 0x4B, 0x44, 0x3E, 0x39, 0x38, 0x38, 0x38, 0x38, 0x38, 0x38, 0x38, 0x38, 0x38, 0x38,
    0x26, 0x00, 0x00, 0x00, 0x00, 0x00, 0x00, 0x00, 0x00, 0x00, 0x00, 0x00, 0x00, 0x00, 0x4C, 0xFF,
    0xC8, 0x00, 0x00, 0x00, 0x00, 0x00, 0xB7, 0xFF, 0x7C, 0x00, 0x00, 0x00, 0x00, 0xC0, 0xFF, 0x54,
    0x00, 0x00, 0x00, 0x00, 0x00, 0x00, 0x00, 0x00, 0x00, 0x6F, 0xFF, 0x9D, 0x00, 0x58, 0xFF, 0xFF,
    0xFF, 0xFF, 0xFF, 0xFF, 0xFF, 0xFF, 0xFF, 0xFF, 0xFF, 0xFF, 0xFF, 0xFF, 0x4C, 0x00, 0x00, 0x00,
    0x00, 0x00, 0x00, 0x00, 0x00, 0x00, 0x00, 0x00, 0x00, 0x00, 0x4C, 0xFF, 0xC8, 0x00, 0x00, 0x00,
    0x00, 0x1E, 0xFA, 0xFF, 0x2C, 0x00, 0x00, 0x00, 0x00, 0xC0, 0xFF, 0x54, 0x00, 0x00, 0x00, 0x00,
    0x00, 0x00, 0x00, 0x00, 0x00, 0x90, 0xFF, 0x7A, 0x00, 0x2E, 0x80, 0x76, 0x9C, 0xFF, 0xE2, 0x6C,
    0x6C, 0x6C, 0x6C, 0x6C, 0x6C, 0xE9, 0xFF, 0xA8, 0x00, 0x00, 0x00, 0x00, 0x00, 0x00, 0x00, 0x00,
    0x00, 0x00, 0x00, 0x00, 0x00, 0x00, 0x4C, 0xFF, 0xC8, 0x00, 0x00, 0x00, 0x00, 0xAF, 0xFF, 0xC3,
    0x00, 0x00, 0x00, 0x00, 0x00, 0xC3, 0xFF, 0x56, 0x00, 0x00, 0x00, 0x00, 0x00, 0x00, 0x00, 0x00,
    0x00, 0xB8, 0xFF, 0x57, 0x00, 0x00, 0x00, 0x00, 0x04, 0xCF, 0xFF, 0x68, 0x00, 0x00, 0x00, 0x00,
    0x72, 0xFF, 0xDE, 0x0F, 0x00, 0x00, 0x00, 0x00, 0x00, 0x00, 0x00, 0x00, 0x00, 0x00, 0x00, 0x00,
    0x00, 0x00, 0x4C, 0xFF, 0xC8, 0x00, 0x00, 0x00, 0x80, 0xFF, 0xFF, 0x3A, 0x00, 0x00, 0x00, 0x00,
    0x00, 0xCB, 0xFF, 0x5E, 0x00, 0x00, 0x00, 0x00, 0x00, 0x00, 0x00, 0x00, 0x01, 0xEE, 0xFF, 0x28,
    0x00, 0x00, 0x00, 0x00, 0x00, 0x2C, 0xF7, 0xF8, 0x40, 0x00, 0x00, 0x4B, 0xFC, 0xF4, 0x31, 0x00,
    0x00, 0x00, 0x00, 0x00, 0x00, 0x00, 0x00, 0x00, 0x00, 0x00, 0x00, 0x00, 0x00, 0x00, 0x7E, 0xFF,
    0xED, 0x4B, 0x00, 0x5F, 0xFF, 0xFF, 0x9E, 0x00, 0x00, 0x00, 0x00, 0x00, 0x00, 0xD2, 0xFF, 0x65,
    0x00, 0x00, 0x00, 0x00, 0x00, 0x00, 0x00, 0x00, 0x3A, 0xFF, 0xED, 0x01, 0x00, 0x00, 0x00, 0x00,
    0x00, 0x00, 0x5E, 0xFF, 0xF7, 0x4E, 0x4F, 0xF8, 0xFB, 0x49, 0x00, 0x00, 0x00, 0x00, 0x00, 0x00,
    0x00, 0x00, 0x00, 0x00, 0x00, 0x00, 0x00, 0x00, 0x14, 0xB2, 0xFF, 0xFF, 0xFF, 0xFF, 0xB6, 0x43,
    0x7B, 0xCD, 0x09, 0x00, 0x00, 0x00, 0x00, 0x00, 0x00, 0xC4, 0xE8, 0x62, 0x00, 0x00, 0x00, 0x00,
    0x00, 0x00, 0x00, 0x00, 0x92, 0xFF, 0xA5, 0x00, 0x00, 0x00, 0x00, 0x00, 0x00, 0x00, 0x00, 0x72,
    0xFF, 0xFC, 0xFD, 0xF8, 0x4E, 0x00, 0x00, 0x00, 0x00, 0x00, 0x00, 0x00, 0x00, 0x00, 0x00, 0x00,
    0x00, 0x00, 0x00, 0x41, 0xE6, 0xFF, 0xED, 0x84, 0x8F, 0xEE, 0xFF, 0xFF, 0xDB, 0x91, 0x56, 0x2D,
    0x16, 0x04, 0x00, 0x00, 0x00, 0x00, 0x00, 0x00, 0x01, 0x0E, 0x27, 0x47, 0x47, 0x00, 0x00, 0x0D,
    0xF1, 0xFF, 0x50, 0x00, 0x00, 0x00, 0x00, 0x00, 0x00, 0x00, 0x33, 0x97, 0xF8, 0xFF, 0xFF, 0xED,
    0x88, 0x3C, 0x06, 0x00, 0x00, 0x00, 0x00, 0x00, 0x00, 0x00, 0x00, 0x00, 0x00, 0x00, 0x03, 0xBF,
    0xFF, 0xDC, 0x24, 0x00, 0x00, 0x0E, 0x70, 0xCF, 0xFF, 0xFF, 0xFF, 0xFF, 0xFF, 0xFF, 0xF2, 0xE6,
    0xE5, 0xE4, 0xE4, 0xF0, 0xFE, 0xFF, 0xFF, 0xFF, 0x7D, 0x00, 0x00, 0x7C, 0xFF, 0xEB, 0x05, 0x00,
    0x00, 0x0F, 0x38, 0x64, 0xA0, 0xE4, 0xFF, 0xFF, 0xEF, 0x96, 0xB1, 0xFC, 0xFF, 0xFF, 0xF9, 0xD0,
    0xAC, 0x8B, 0x71, 0x65, 0x33, 0x00, 0x00, 0x00, 0x00, 0x00, 0x00, 0x0A, 0xAE, 0x1C, 0x00, 0x00,
    0x00, 0x00, 0x00, 0x00, 0x1F, 0x62, 0x95, 0xC5, 0xEF, 0xFF, 0xFF, 0xFF, 0xFF, 0xFF, 0xFF, 0xFF,
    0xFF, 0xFF, 0xFF, 0xFF, 0x43, 0x00, 0x00, 0x6A, 0xE2, 0x84, 0x00, 0x40, 0xF7, 0xFF, 0xFF, 0xFF,
    0xFF, 0xF2, 0xAA, 0x58, 0x08, 0x00, 0x00, 0x19, 0x67, 0xB1, 0xEF, 0xFF, 0xFF, 0xFF, 0xFF, 0xF9,
    0x22, 0x00, 0x00, 0x00, 0x00, 0x00, 0x00, 0x00, 0x00, 0x00, 0x00, 0x00, 0x00, 0x00, 0x00, 0x00,
    0x00, 0x00, 0x00, 0x00, 0x00, 0x06, 0x1B, 0x2D, 0x37, 0x3D, 0x42, 0x45, 0x48, 0x4A, 0x4C, 0x4C,
    0x0C, 0x00, 0x00, 0x00, 0x09, 0x0F, 0x00, 0x00, 0x8D, 0xD1, 0xA6, 0x73, 0x38, 0x05, 0x00, 0x00,
    0x00, 0x00, 0x00, 0x00, 0x00, 0x00, 0x01, 0x27, 0x5C, 0x87, 0xB0, 0x8B, 0x00, 0x00, 0x00, 0x00,
    0x00, 0x00, 0x00, 0x00, 0x00, 0x00, 0x00, 0x00, 0x00, 0x00, 0x00, 0x00, 0x00, 0x00, 0x00, 0x00,
    0x00, 0x00, 0x00, 0x00, 0x00, 0x00, 0x00, 0x00, 0x00, 0x00, 0x00, 0x00, 0x00, 0x00, 0x00, 0x00,
    0x00, 0x00, 0x00, 0x00, 0x00, 0x00, 0x00, 0x00, 0x00, 0x00, 0x00, 0x00, 0x00, 0x00, 0x00, 0x00,
    0x00, 0x00, 0x00, 0x00, 0x00, 0x00, 0x00, 0x00, 0x00, 0x00, 0x00, 0x00, 0x00, 0x00, 0x00, 0x00,
    0x00, 0x00, 0x00, 0x00, 0x00, 0x00, 0x00, 0x00, 0x00, 0x00, 0x00, 0x00, 0x00, 0x00, 0x00, 0x00,
    0x00, 0x00, 0x00, 0x00, 0x00, 0x00, 0x00, 0x00, 0x00, 0x00, 0x00, 0x00, 0x00, 0x00, 0x00, 0x00,
    0x00, 0x00, 0x00, 0x00, 0x00, 0x00, 0x00, 0x00, 0x00, 0x00, 0x00, 0x00, 0x00, 0x00, 0x00, 0x00,
    0x00, 0x00, 0x00, 0x00, 0x00, 0x00, 0x00, 0x00,
};

const lv_image_dsc_t todo_text_status_zh = {
    .header.magic = LV_IMAGE_HEADER_MAGIC,
    .header.cf = LV_COLOR_FORMAT_A8,
    .header.flags = 0,
    .header.w = 60,
    .header.h = 30,
    .header.stride = 60,
    .data_size = 1800,
    .data = todo_text_status_zh_data,
};

static const uint8_t todo_text_btn_prev_data[] = {
    0x00, 0x00, 0x00, 0x00, 0x00, 0x00, 0x00, 0x00, 0x00, 0x00, 0x00, 0x00, 0x00, 0x00, 0x00, 0x00,
    0x00, 0x00, 0x00, 0x00, 0x00, 0x00, 0x00, 0x00, 0x00, 0x00, 0x00, 0x00, 0x00, 0x00, 0x00, 0x00,
    0x00, 0x00, 0x00, 0x00, 0x00, 0x00, 0x00, 0x00, 0x00, 0x00, 0x00, 0x00, 0x00, 0x00, 0x00, 0x00,
    0x00, 0x04, 0x14, 0x00, 0x00, 0x00, 0x00, 0x00, 0x00, 0x00, 0x00, 0x00, 0x00, 0x00, 0x00, 0x00,
    0x00, 0x00, 0x00, 0x00, 0x00, 0x00, 0x00, 0x00, 0x00, 0x00, 0x00, 0x00, 0x00, 0x00, 0x00, 0x00,
    0x00, 0x00, 0x00, 0x00, 0x00, 0x00, 0x00, 0x00, 0x00, 0x34, 0xFF, 0x03, 0x00, 0x00, 0x00, 0x00,
    0x00, 0x00, 0x00, 0x00, 0x00, 0x1B, 0x5E, 0x57, 0x56, 0x56, 0x56, 0x56, 0x56, 0x56, 0x56, 0x56,
    0x56, 0x56, 0x57, 0x5E, 0x23, 0x00, 0x00, 0x00, 0x00, 0x00, 0x00, 0x00, 0x00, 0x00, 0x00, 0x00,
    0x00, 0x2E, 0xFF, 0x02, 0x00, 0x00, 0x00, 0x00, 0x00, 0x00, 0x00, 0x00, 0x00, 0x27, 0x8B, 0x80,
    0x79, 0x79, 0x79, 0x79, 0xCA, 0xCF, 0x79, 0x79, 0x79, 0x79, 0x7E, 0x86, 0x33, 0x00, 0x00, 0x00,
    0x00, 0x00, 0x00, 0x00, 0x00, 0x00, 0x00, 0x00, 0x00, 0x2A, 0xFF, 0x02, 0x00, 0x00, 0x00, 0x00,
    0x00, 0x00, 0x00, 0x00, 0x00, 0x00, 0x00, 0x00, 0x00, 0x00, 0x00, 0x00, 0x86, 0x5E, 0x00, 0x00,
    0x00, 0x00, 0x00, 0x00, 0x00, 0x00, 0x00, 0x00, 0x00, 0x00, 0x00, 0x00, 0x00, 0x00, 0x00, 0x00,
    0x00, 0x2A, 0xFF, 0x02, 0x00, 0x00, 0x00, 0x00, 0x00, 0x00, 0x00, 0x00, 0x00, 0x00, 0x00, 0x00,
    0x00, 0x00, 0x00, 0x00, 0xB5, 0x3D, 0x00, 0x00, 0x00, 0x00, 0x00, 0x00, 0x00, 0x00, 0x00, 0x00,
    0x00, 0x00, 0x00, 0x00, 0x00, 0x00, 0x00, 0x00, 0x00, 0x2A, 0xFF, 0x06, 0x02, 0x02, 0x02, 0x02,
    0x03, 0x02, 0x00, 0x00, 0x00, 0x00, 0x00, 0x2F, 0xDA, 0xDA, 0xDA, 0xDA, 0xFD, 0xE9, 0xDA, 0xDA,
    0xDA, 0xDA, 0x66, 0x00, 0x00, 0x00, 0x00, 0x00, 0x00, 0x00, 0x00, 0x00, 0x00, 0x00, 0x00, 0x00,
    0x00, 0x2A, 0xFF, 0xFF, 0xFF, 0xFF, 0xFF, 0xFF, 0xFF, 0x91, 0x00, 0x00, 0x00, 0x00, 0x00, 0x30,
    0xFF, 0x10, 0x0B, 0x0B, 0x0B, 0x0B, 0x0B, 0x0B, 0x0B, 0xC5, 0x6C, 0x00, 0x00, 0x00, 0x00, 0x00,
    0x00, 0x00, 0x00, 0x00, 0x00, 0x00, 0x00, 0x00, 0x00, 0x2A, 0xFF, 0x25, 0x1C, 0x1C, 0x1C, 0x1E,
    0x23, 0x17, 0x00, 0x00, 0x00, 0x00, 0x00, 0x2A, 0xFF, 0x01, 0x00, 0x00, 0x23, 0x0F, 0x00, 0x00,
    0x00, 0xB7, 0x64, 0x00, 0x00, 0x00, 0x00, 0x00, 0x00, 0x00, 0x00, 0x00, 0x00, 0x00, 0x00, 0x00,
    0x00, 0x2A, 0xFF, 0x02, 0x00, 0x00, 0x00, 0x00, 0x00, 0x00, 0x00, 0x00, 0x00, 0x00, 0x00, 0x2A,
    0xFF, 0x01, 0x00, 0x00, 0xE6, 0x73, 0x00, 0x00, 0x00, 0xB7, 0x64, 0x00, 0x00, 0x00, 0x00, 0x00,
    0x00, 0x00, 0x00, 0x00, 0x00, 0x00, 0x00, 0x00, 0x00, 0x2A, 0xFF, 0x02, 0x00, 0x00, 0x00, 0x00,
    0x00, 0x00, 0x00, 0x00, 0x00, 0x00, 0x00, 0x2A, 0xFF, 0x01, 0x00, 0x00, 0xFB, 0x32, 0x00, 0x00,
    0x00, 0xB7, 0x64, 0x00, 0x00, 0x00, 0x00, 0x00, 0x00, 0x00, 0x00, 0x00, 0x00, 0x00, 0x00, 0x00,
    0x00, 0x2A, 0xFF, 0x02, 0x00, 0x00, 0x00, 0x00, 0x00, 0x00, 0x00, 0x00, 0x00, 0x00, 0x00, 0x2C,
    0xFF, 0x01, 0x00, 0x06, 0xFF, 0x0D, 0x00, 0x00, 0x00, 0xB7, 0x68, 0x00, 0x00, 0x00, 0x00, 0x00,
    0x00, 0x00, 0x00, 0x00, 0x00, 0x00, 0x00, 0x00, 0x00, 0x2A, 0xFF, 0x02, 0x00, 0x00, 0x00, 0x00,
    0x00, 0x00, 0x00, 0x00, 0x00, 0x00, 0x00, 0x34, 0xFF, 0x01, 0x00, 0x2F, 0xEB, 0x00, 0x00, 0x00,
    0x00, 0xB7, 0x73, 0x00, 0x00, 0x00, 0x00, 0x00, 0x00, 0x00, 0x00, 0x00, 0x00, 0x00, 0x00, 0x00,
    0x00, 0x2A, 0xFF, 0x02, 0x00, 0x00, 0x00, 0x00, 0x00, 0x00, 0x00, 0x00, 0x00, 0x00, 0x00, 0x1A,
    0x74, 0x00, 0x01, 0xCA, 0x6C, 0x00, 0x21, 0x0E, 0x00, 0x1C, 0x13, 0x00, 0x00, 0x00, 0x00, 0x00,
    0x00, 0x00, 0x00, 0x00, 0x00, 0x00, 0x00, 0x00, 0x00, 0x2A, 0xFF, 0x02, 0x00, 0x00, 0x00, 0x00,
    0x00, 0x00, 0x00, 0x00, 0x00, 0x00, 0x00, 0x00, 0x00, 0x02, 0x9B, 0xE4, 0x05, 0x00, 0x8E, 0xFF,
    0x78, 0x06, 0x00, 0x00, 0x00, 0x00, 0x00, 0x00, 0x00, 0x00, 0x00, 0x63, 0x59, 0x52, 0x51, 0x51,
    0x51, 0x8C, 0xFF, 0x5B, 0x51, 0x51, 0x51, 0x51, 0x51, 0x55, 0x5F, 0x01, 0x00, 0x00, 0x00, 0x04,
    0x3E, 0xE2, 0xCF, 0x0B, 0x00, 0x00, 0x00, 0x15, 0xB5, 0xF1, 0x41, 0x00, 0x00, 0x00, 0x00, 0x00,
    0x00, 0x00, 0x00, 0xAF, 0xA2, 0x9D, 0x9D, 0x9D, 0x9D, 0x9D, 0x9D, 0x9D, 0x9D, 0x9D, 0x9D, 0x9D,
    0x9D, 0xA6, 0xB0, 0x02, 0x00, 0x29, 0xBA, 0xFF, 0xED, 0x51, 0x01, 0x00, 0x00, 0x00, 0x00, 0x00,
    0x00, 0x46, 0xFB, 0x9D, 0x00, 0x00, 0x00, 0x00, 0x00, 0x00, 0x00, 0x00, 0x00, 0x00, 0x00, 0x00,
    0x00, 0x00, 0x00, 0x00, 0x00, 0x00, 0x00, 0x00, 0x00, 0x00, 0x00, 0x00, 0x00, 0x02, 0x7C, 0x2A,
    0x01, 0x00, 0x00, 0x00, 0x00, 0x00, 0x00, 0x00, 0x00, 0x00, 0x14, 0x1C, 0x00, 0x00, 0x00, 0x00,
    0x00, 0x00, 0x01, 0xFF, 0xFF, 0xFF, 0xFB, 0xE6, 0x80, 0x02, 0x00, 0x01, 0xFF, 0xFF, 0xFF, 0xFF,
    0xEF, 0xB9, 0x2A, 0x00, 0x01, 0xFF, 0xFF, 0xFF, 0xFF, 0xFF, 0xFF, 0xB7, 0x00, 0xB4, 0xFF, 0x08,
    0x00, 0x00, 0x00, 0x39, 0xFF, 0x3C, 0x00, 0x00, 0x00, 0x00, 0x01, 0xFF, 0xB0, 0x00, 0x00, 0x2A,
    0xFF, 0x88, 0x00, 0x01, 0xFF, 0xB0, 0x00, 0x00, 0x01, 0x97, 0xFF, 0x0D, 0x01, 0xFF, 0xB0, 0x00,
    0x00, 0x00, 0x00, 0x00, 0x00, 0x41, 0xFF, 0x38, 0x00, 0x00, 0x00, 0x94, 0xFF, 0x06, 0x00, 0x00,
    0x00, 0x00, 0x01, 0xFF, 0xB0, 0x00, 0x00, 0x00, 0xD9, 0xFB, 0x00, 0x01, 0xFF, 0xB0, 0x00, 0x00,
    0x00, 0x2E, 0xFF, 0x42, 0x01, 0xFF, 0xB0, 0x00, 0x00, 0x00, 0x00, 0x00, 0x00, 0x08, 0xFF, 0x97,
    0x00, 0x00, 0x01, 0xF7, 0xAD, 0x00, 0x00, 0x00, 0x00, 0x00, 0x01, 0xFF, 0xB0, 0x00, 0x00, 0x00,
    0xE8, 0xFB, 0x00, 0x01, 0xFF, 0xB0, 0x00, 0x00, 0x00, 0x37, 0xFF, 0x3A, 0x01, 0xFF, 0xB0, 0x00,
    0x00, 0x00, 0x00, 0x00, 0x00, 0x00, 0xB5, 0xF9, 0x01, 0x00, 0x1C, 0xFF, 0x3D, 0x00, 0x00, 0x00,
    0x00, 0x00, 0x01, 0xFF, 0xB0, 0x00, 0x00, 0x36, 0xFF, 0x7E, 0x00, 0x01, 0xFF, 0xB0, 0x00, 0x00,
    0x02, 0x9E, 0xF5, 0x06, 0x01, 0xFF, 0xFF, 0xFF, 0xFF, 0xFF, 0xFF, 0x40, 0x00, 0x00, 0x43, 0xFF,
    0x20, 0x00, 0x61, 0xFF, 0x06, 0x00, 0x00, 0x00, 0x00, 0x00, 0x01, 0xFF, 0xFF, 0xFF, 0xF9, 0xDA,
    0x64, 0x01, 0x00, 0x01, 0xFF, 0xFF, 0xFF, 0xFF, 0xFF, 0x8F, 0x0F, 0x00, 0x01, 0xFF, 0xB0, 0x00,
    0x00, 0x00, 0x00, 0x00, 0x00, 0x00, 0x08, 0xFF, 0x6C, 0x00, 0xCE, 0xAD, 0x00, 0x00, 0x00, 0x00,
    0x00, 0x00, 0x01, 0xFF, 0xB0, 0x00, 0x00, 0x00, 0x00, 0x00, 0x00, 0x01, 0xFF, 0xB0, 0x00, 0x26,
    0xFD, 0xA6, 0x02, 0x00, 0x01, 0xFF, 0xB0, 0x00, 0x00, 0x00, 0x00, 0x00, 0x00, 0x00, 0x00, 0xB9,
    0xDE, 0x0A, 0xFF, 0x3D, 0x00, 0x00, 0x00, 0x00, 0x00, 0x00, 0x01, 0xFF, 0xB0, 0x00, 0x00, 0x00,
    0x00, 0x00, 0x00, 0x01, 0xFF, 0xB0, 0x00, 0x00, 0x51, 0xFF, 0x8F, 0x00, 0x01, 0xFF, 0xB0, 0x00,
    0x00, 0x00, 0x00, 0x00, 0x00, 0x00, 0x00, 0x44, 0xFF, 0x82, 0xFF, 0x06, 0x00, 0x00, 0x00, 0x00,
    0x00, 0x00, 0x01, 0xFF, 0xB0, 0x00, 0x00, 0x00, 0x00, 0x00, 0x00, 0x01, 0xFF, 0xB0, 0x00, 0x00,
    0x00, 0xC0, 0xFF, 0x28, 0x01, 0xFF, 0xB0, 0x00, 0x00, 0x00, 0x00, 0x00, 0x00, 0x00, 0x00, 0x09,
    0xFF, 0xFF, 0xAF, 0x00, 0x00, 0x00, 0x00, 0x00, 0x00, 0x00, 0x01, 0xFF, 0xB0, 0x00, 0x00, 0x00,
    0x00, 0x00, 0x00, 0x01, 0xFF, 0xB0, 0x00, 0x00, 0x00, 0x11, 0xFD, 0xDC, 0x04, 0xFF, 0xFF, 0xFF,
    0xFF, 0xFF, 0xFF, 0xFF, 0x00, 0x00, 0x00, 0x00, 0xBA, 0xFF, 0x3E, 0x00, 0x00, 0x00, 0x00, 0x00,
    0x00, 0x00, 0x00, 0x00, 0x00, 0x00, 0x00, 0x00, 0x00, 0x00, 0x00, 0x00, 0x00, 0x00, 0x00, 0x00,
    0x00, 0x00, 0x00, 0x00, 0x00, 0x00, 0x00, 0x00, 0x00, 0x00, 0x00, 0x00, 0x00, 0x00, 0x00, 0x00,
    0x00, 0x00, 0x00, 0x00, 0x00, 0x00, 0x00, 0x00,
};

const lv_image_dsc_t todo_text_btn_prev = {
    .header.magic = LV_IMAGE_HEADER_MAGIC,
    .header.cf = LV_COLOR_FORMAT_A8,
    .header.flags = 0,
    .header.w = 40,
    .header.h = 29,
    .header.stride = 40,
    .data_size = 1160,
    .data = todo_text_btn_prev_data,
};

static const uint8_t todo_text_btn_next_data[] = {
    0x00, 0x00, 0x00, 0x00, 0x00, 0x00, 0x00, 0x00, 0x00, 0x00, 0x00, 0x00, 0x00, 0x00, 0x00, 0x00,
    0x00, 0x00, 0x00, 0x00, 0x00, 0x00, 0x00, 0x00, 0x00, 0x00, 0x00, 0x00, 0x00, 0x00, 0x00, 0x00,
    0x00, 0x00, 0x00, 0x00, 0x00, 0x00, 0x00, 0x00, 0x00, 0x00, 0x00, 0x10, 0x11, 0x0D, 0x0C, 0x0C,
    0x0C, 0x0C, 0x0C, 0x0C, 0x0C, 0x0C, 0x0C, 0x0C, 0x0D, 0x11, 0x0E, 0x00, 0x00, 0x1B, 0x5E, 0x57,
    0x56, 0x56, 0x56, 0x56, 0x56, 0x56, 0x56, 0x56, 0x56, 0x56, 0x57, 0x5E, 0x23, 0x00, 0x00, 0x00,
    0x00, 0x00, 0x00, 0xC5, 0xFF, 0xFF, 0xFF, 0xFF, 0xFF, 0xFF, 0xFF, 0xFF, 0xFF, 0xFF, 0xFF, 0xFF,
    0xFF, 0xFF, 0xAA, 0x00, 0x00, 0x27, 0x8B, 0x80, 0x79, 0x79, 0x79, 0x79, 0xCA, 0xCF, 0x79, 0x79,
    0x79, 0x79, 0x7E, 0x86, 0x33, 0x00, 0x00, 0x00, 0x00, 0x00, 0x00, 0x06, 0x06, 0x04, 0x03, 0x03,
    0x03, 0x1E, 0xFF, 0x17, 0x03, 0x03, 0x03, 0x03, 0x03, 0x05, 0x05, 0x00, 0x00, 0x00, 0x00, 0x00,
    0x00, 0x00, 0x00, 0x00, 0x86, 0x5E, 0x00, 0x00, 0x00, 0x00, 0x00, 0x00, 0x00, 0x00, 0x00, 0x00,
    0x00, 0x00, 0x00, 0x00, 0x00, 0x00, 0x00, 0x00, 0x00, 0x12, 0xFF, 0x0C, 0x00, 0x00, 0x00, 0x00,
    0x00, 0x00, 0x00, 0x00, 0x00, 0x00, 0x00, 0x00, 0x00, 0x00, 0x00, 0x00, 0xB5, 0x3D, 0x00, 0x00,
    0x00, 0x00, 0x00, 0x00, 0x00, 0x00, 0x00, 0x00, 0x00, 0x00, 0x00, 0x00, 0x00, 0x00, 0x00, 0x00,
    0x00, 0x12, 0xFF, 0x0C, 0x00, 0x00, 0x00, 0x00, 0x00, 0x00, 0x00, 0x00, 0x00, 0x00, 0x00, 0x2F,
    0xDA, 0xDA, 0xDA, 0xDA, 0xFD, 0xE9, 0xDA, 0xDA, 0xDA, 0xDA, 0x66, 0x00, 0x00, 0x00, 0x00, 0x00,
    0x00, 0x00, 0x00, 0x00, 0x00, 0x00, 0x00, 0x00, 0x00, 0x12, 0xFF, 0x0C, 0x00, 0x02, 0x00, 0x00,
    0x00, 0x00, 0x00, 0x00, 0x00, 0x00, 0x00, 0x30, 0xFF, 0x10, 0x0B, 0x0B, 0x0B, 0x0B, 0x0B, 0x0B,
    0x0B, 0xC5, 0x6C, 0x00, 0x00, 0x00, 0x00, 0x00, 0x00, 0x00, 0x00, 0x00, 0x00, 0x00, 0x00, 0x00,
    0x00, 0x12, 0xFF, 0x0C, 0x2C, 0xE8, 0x15, 0x00, 0x00, 0x00, 0x00, 0x00, 0x00, 0x00, 0x00, 0x2A,
    0xFF, 0x01, 0x00, 0x00, 0x23, 0x0F, 0x00, 0x00, 0x00, 0xB7, 0x64, 0x00, 0x00, 0x00, 0x00, 0x00,
    0x00, 0x00, 0x00, 0x00, 0x00, 0x00, 0x00, 0x00, 0x00, 0x12, 0xFF, 0x0C, 0x03, 0xB0, 0xF7, 0x20,
    0x00, 0x00, 0x00, 0x00, 0x00, 0x00, 0x00, 0x2A, 0xFF, 0x01, 0x00, 0x00, 0xE6, 0x73, 0x00, 0x00,
    0x00, 0xB7, 0x64, 0x00, 0x00, 0x00, 0x00, 0x00, 0x00, 0x00, 0x00, 0x00, 0x00, 0x00, 0x00, 0x00,
    0x00, 0x12, 0xFF, 0x0C, 0x00, 0x01, 0xA6, 0xFB, 0x23, 0x00, 0x00, 0x00, 0x00, 0x00, 0x00, 0x2A,
    0xFF, 0x01, 0x00, 0x00, 0xFB, 0x32, 0x00, 0x00, 0x00, 0xB7, 0x64, 0x00, 0x00, 0x00, 0x00, 0x00,
    0x00, 0x00, 0x00, 0x00, 0x00, 0x00, 0x00, 0x00, 0x00, 0x12, 0xFF, 0x0C, 0x00, 0x00, 0x01, 0xA8,
    0xFB, 0x20, 0x00, 0x00, 0x00, 0x00, 0x00, 0x2C, 0xFF, 0x01, 0x00, 0x06, 0xFF, 0x0D, 0x00, 0x00,
    0x00, 0xB7, 0x68, 0x00, 0x00, 0x00, 0x00, 0x00, 0x00, 0x00, 0x00, 0x00, 0x00, 0x00, 0x00, 0x00,
    0x00, 0x12, 0xFF, 0x0C, 0x00, 0x00, 0x00, 0x02, 0xBC, 0x2A, 0x00, 0x00, 0x00, 0x00, 0x00, 0x34,
    0xFF, 0x01, 0x00, 0x2F, 0xEB, 0x00, 0x00, 0x00, 0x00, 0xB7, 0x73, 0x00, 0x00, 0x00, 0x00, 0x00,
    0x00, 0x00, 0x00, 0x00, 0x00, 0x00, 0x00, 0x00, 0x00, 0x12, 0xFF, 0x0C, 0x00, 0x00, 0x00, 0x00,
    0x00, 0x00, 0x00, 0x00, 0x00, 0x00, 0x00, 0x1A, 0x74, 0x00, 0x01, 0xCA, 0x6C, 0x00, 0x21, 0x0E,
    0x00, 0x1C, 0x13, 0x00, 0x00, 0x00, 0x00, 0x00, 0x00, 0x00, 0x00, 0x00, 0x00, 0x00, 0x00, 0x00,
    0x00, 0x12, 0xFF, 0x0C, 0x00, 0x00, 0x00, 0x00, 0x00, 0x00, 0x00, 0x00, 0x00, 0x00, 0x00, 0x00,
    0x00, 0x02, 0x9B, 0xE4, 0x05, 0x00, 0x8E, 0xFF, 0x78, 0x06, 0x00, 0x00, 0x00, 0x00, 0x00, 0x00,
    0x00, 0x00, 0x00, 0x00, 0x00, 0x00, 0x00, 0x00, 0x00, 0x14, 0xFF, 0x0D, 0x00, 0x00, 0x00, 0x00,
    0x00, 0x00, 0x00, 0x00, 0x00, 0x00, 0x00, 0x04, 0x3E, 0xE2, 0xCF, 0x0B, 0x00, 0x00, 0x00, 0x15,
    0xB5, 0xF1, 0x41, 0x00, 0x00, 0x00, 0x00, 0x00, 0x00, 0x00, 0x00, 0x00, 0x00, 0x00, 0x00, 0x00,
    0x00, 0x18, 0xFF, 0x10, 0x00, 0x00, 0x00, 0x00, 0x00, 0x00, 0x00, 0x00, 0x00, 0x29, 0xBA, 0xFF,
    0xED, 0x51, 0x01, 0x00, 0x00, 0x00, 0x00, 0x00, 0x00, 0x46, 0xFB, 0x9D, 0x00, 0x00, 0x00, 0x00,
    0x00, 0x00, 0x00, 0x00, 0x00, 0x00, 0x00, 0x00, 0x00, 0x02, 0x12, 0x01, 0x00, 0x00, 0x00, 0x00,
    0x00, 0x00, 0x00, 0x00, 0x00, 0x02, 0x7C, 0x2A, 0x01, 0x00, 0x00, 0x00, 0x00, 0x00, 0x00, 0x00,
    0x00, 0x00, 0x14, 0x1C, 0x00, 0x00, 0x00, 0x00, 0x00, 0x00, 0x00, 0xFF, 0xED, 0x03, 0x00, 0x00,
    0x27, 0xFF, 0x1E, 0x01, 0xFF, 0xFF, 0xFF, 0xFF, 0xFF, 0xFF, 0xB7, 0x00, 0x2A, 0xFF, 0xA2, 0x00,
    0x00, 0x06, 0xF1, 0xE6, 0x03, 0x85, 0xFF, 0xFF, 0xFF, 0xFF, 0xFF, 0xFF, 0x74, 0x00, 0x00, 0x00,
    0x00, 0x00, 0x00, 0xFF, 0xFF, 0x69, 0x00, 0x00, 0x27, 0xFF, 0x1E, 0x01, 0xFF, 0xB0, 0x00, 0x00,
    0x00, 0x00, 0x00, 0x00, 0x00, 0x9D, 0xFF, 0x2F, 0x00, 0x8B, 0xFF, 0x32, 0x00, 0x00, 0x00, 0x00,
    0xE9, 0xDA, 0x00, 0x00, 0x00, 0x00, 0x00, 0x00, 0x00, 0x00, 0x00, 0xFF, 0xFF, 0xFD, 0x0B, 0x00,
    0x27, 0xFF, 0x1E, 0x01, 0xFF, 0xB0, 0x00, 0x00, 0x00, 0x00, 0x00, 0x00, 0x00, 0x09, 0xF9, 0xE4,
    0x36, 0xFF, 0xAA, 0x00, 0x00, 0x00, 0x00, 0x00, 0xE9, 0xDA, 0x00, 0x00, 0x00, 0x00, 0x00, 0x00,
    0x00, 0x00, 0x00, 0xFF, 0xCA, 0xFF, 0x98, 0x00, 0x27, 0xFF, 0x1E, 0x01, 0xFF, 0xB0, 0x00, 0x00,
    0x00, 0x00, 0x00, 0x00, 0x00, 0x00, 0x55, 0xFF, 0xFF, 0xFD, 0x0D, 0x00, 0x00, 0x00, 0x00, 0x00,
    0xE9, 0xDA, 0x00, 0x00, 0x00, 0x00, 0x00, 0x00, 0x00, 0x00, 0x00, 0xFF, 0x7F, 0x6D, 0xFF, 0x1E,
    0x27, 0xFF, 0x1E, 0x01, 0xFF, 0xFF, 0xFF, 0xFF, 0xFF, 0xFF, 0x40, 0x00, 0x00, 0x00, 0x01, 0xDE,
    0xFF, 0x68, 0x00, 0x00, 0x00, 0x00, 0x00, 0x00, 0xE9, 0xDA, 0x00, 0x00, 0x00, 0x00, 0x00, 0x00,
    0x00, 0x00, 0x00, 0xFF, 0x7F, 0x04, 0xEF, 0xC5, 0x2E, 0xFF, 0x1E, 0x01, 0xFF, 0xB0, 0x00, 0x00,
    0x00, 0x00, 0x00, 0x00, 0x00, 0x00, 0x0D, 0xFD, 0xFF, 0xB9, 0x00, 0x00, 0x00, 0x00, 0x00, 0x00,
    0xE9, 0xDA, 0x00, 0x00, 0x00, 0x00, 0x00, 0x00, 0x00, 0x00, 0x00, 0xFF, 0x7F, 0x00, 0x44, 0xFF,
    0xB7, 0xFF, 0x1E, 0x01, 0xFF, 0xB0, 0x00, 0x00, 0x00, 0x00, 0x00, 0x00, 0x00, 0x00, 0xAB, 0xFF,
    0xD3, 0xFF, 0x3F, 0x00, 0x00, 0x00, 0x00, 0x00, 0xE9, 0xDA, 0x00, 0x00, 0x00, 0x00, 0x00, 0x00,
    0x00, 0x00, 0x00, 0xFF, 0x7F, 0x00, 0x01, 0xCF, 0xFF, 0xFF, 0x1E, 0x01, 0xFF, 0xB0, 0x00, 0x00,
    0x00, 0x00, 0x00, 0x00, 0x00, 0x35, 0xFF, 0x9A, 0x07, 0xF3, 0xF1, 0x05, 0x00, 0x00, 0x00, 0x00,
    0xE9, 0xDA, 0x00, 0x00, 0x00, 0x00, 0x00, 0x00, 0x00, 0x00, 0x00, 0xFF, 0x7F, 0x00, 0x00, 0x26,
    0xFF, 0xFF, 0x1E, 0x01, 0xFF, 0xB0, 0x00, 0x00, 0x00, 0x00, 0x00, 0x00, 0x04, 0xE9, 0xF7, 0x09,
    0x00, 0x46, 0xFF, 0x88, 0x00, 0x00, 0x00, 0x00, 0xE9, 0xDA, 0x00, 0x00, 0x00, 0x00, 0x00, 0x00,
    0x00, 0x00, 0x00, 0xFF, 0x7F, 0x00, 0x00, 0x00, 0xA6, 0xFF, 0x1E, 0x01, 0xFF, 0xFF, 0xFF, 0xFF,
    0xFF, 0xFF, 0xFF, 0x00, 0x7B, 0xFF, 0x4F, 0x00, 0x00, 0x00, 0xC3, 0xFF, 0x1F, 0x00, 0x00, 0x00,
    0xE9, 0xDA, 0x00, 0x00, 0x00, 0x00, 0x00, 0x00, 0x00, 0x00, 0x00, 0x00, 0x00, 0x00, 0x00, 0x00,
    0x00, 0x00, 0x00, 0x00, 0x00, 0x00, 0x00, 0x00, 0x00, 0x00, 0x00, 0x00, 0x00, 0x00, 0x00, 0x00,
    0x00, 0x00, 0x00, 0x00, 0x00, 0x00, 0x00, 0x00, 0x00, 0x00, 0x00, 0x00, 0x00, 0x00, 0x00, 0x00,
};

const lv_image_dsc_t todo_text_btn_next = {
    .header.magic = LV_IMAGE_HEADER_MAGIC,
    .header.cf = LV_COLOR_FORMAT_A8,
    .header.flags = 0,
    .header.w = 40,
    .header.h = 28,
    .header.stride = 40,
    .data_size = 1120,
    .data = todo_text_btn_next_data,
};

static const uint8_t todo_text_page_data[] = {
    0x00, 0x00, 0x00, 0x00, 0x00, 0x00, 0x00, 0x00, 0x00, 0x00, 0x00, 0x00, 0x00, 0x00, 0x00, 0x00,
    0x00, 0x00, 0x00, 0x00, 0x00, 0x00, 0x00, 0x00, 0x00, 0x00, 0x00, 0x00, 0x00, 0x00, 0x00, 0x00,
    0x00, 0x00, 0x00, 0x00, 0x00, 0x00, 0x00, 0x00, 0x00, 0x00, 0x00, 0x00, 0x00, 0x00, 0x00, 0x00,
    0x00, 0x00, 0x00, 0x00, 0x00, 0x00, 0x00, 0x00, 0x00, 0x00, 0x00, 0x00, 0x00, 0x00, 0x58, 0xFF,
    0xFF, 0xFA, 0xCA, 0x1A, 0x00, 0x00, 0xAB, 0xFB, 0x17, 0x00, 0x00, 0x00, 0x39, 0xCC, 0xF8, 0xDF,
    0x64, 0x00, 0x58, 0xFF, 0xFF, 0xFF, 0xFF, 0x70, 0x00, 0x00, 0x00, 0x00, 0x58, 0xF4, 0x00, 0x1A,
    0xE7, 0x84, 0x00, 0x0E, 0xF2, 0xBA, 0x71, 0x00, 0x00, 0x18, 0xF0, 0x78, 0x0C, 0x54, 0xFD, 0x2F,
    0x58, 0xF4, 0x00, 0x00, 0x00, 0x00, 0x00, 0x00, 0x00, 0x00, 0x58, 0xF4, 0x00, 0x1B, 0xE7, 0x7A,
    0x00, 0x63, 0xBF, 0x60, 0xCF, 0x00, 0x00, 0x6D, 0xE4, 0x01, 0x00, 0x00, 0x00, 0x00, 0x58, 0xF4,
    0x00, 0x00, 0x00, 0x00, 0x00, 0x00, 0x00, 0x00, 0x58, 0xFF, 0xFF, 0xF8, 0xBD, 0x12, 0x00, 0xBF,
    0x75, 0x17, 0xFE, 0x2D, 0x00, 0x89, 0xCB, 0x00, 0x58, 0xFF, 0xFF, 0x74, 0x58, 0xFF, 0xFF, 0xFF,
    0xFF, 0x30, 0x00, 0x00, 0x00, 0x00, 0x58, 0xF4, 0x00, 0x00, 0x00, 0x00, 0x1C, 0xFD, 0xFF, 0xFF,
    0xFF, 0x8C, 0x00, 0x6C, 0xE8, 0x02, 0x00, 0x00, 0xDC, 0x74, 0x58, 0xF4, 0x00, 0x00, 0x00, 0x00,
    0x00, 0x00, 0x00, 0x00, 0x58, 0xF4, 0x00, 0x00, 0x00, 0x00, 0x77, 0xC5, 0x00, 0x00, 0x61, 0xE6,
    0x03, 0x18, 0xF1, 0x7E, 0x0F, 0x56, 0xF6, 0x74, 0x58, 0xF4, 0x00, 0x00, 0x00, 0x00, 0x00, 0x00,
    0x00, 0x00, 0x58, 0xF4, 0x00, 0x00, 0x00, 0x00, 0xD2, 0x81, 0x00, 0x00, 0x19, 0xFF, 0x48, 0x00,
    0x39, 0xC7, 0xF8, 0xE9, 0xA1, 0x1E, 0x58, 0xFF, 0xFF, 0xFF, 0xFF, 0x90, 0x00, 0x00, 0x00, 0x00,
    0x00, 0x00, 0x00, 0x00, 0x00, 0x00, 0x00, 0x00, 0x00, 0x00, 0x00, 0x00, 0x00, 0x00, 0x00, 0x00,
    0x00, 0x00, 0x00, 0x00, 0x00, 0x00, 0x00, 0x00, 0x00, 0x00, 0x00, 0x00, 0x00, 0x00, 0x00, 0x00,
    0x00, 0x00, 0x00, 0x00, 0x00, 0x00, 0x00, 0x00, 0x00, 0x00, 0x00, 0x00, 0x00, 0x00, 0x00, 0x00,
    0x00, 0x00, 0x00, 0x00, 0x00, 0x00, 0x00, 0x00, 0x00, 0x00,
};

const lv_image_dsc_t todo_text_page = {
    .header.magic = LV_IMAGE_HEADER_MAGIC,
    .header.cf = LV_COLOR_FORMAT_A8,
    .header.flags = 0,
    .header.w = 30,
    .header.h = 11,
    .header.stride = 30,
    .data_size = 330,
    .data = todo_text_page_data,
};

static const uint8_t todo_text_t0_en_data[] = {
    0x00, 0x00, 0x00, 0x00, 0x00, 0x00, 0x00, 0x00, 0x00, 0x00, 0x00, 0x00, 0x00, 0x00, 0x00, 0x00,
    0x00, 0x00, 0x00, 0x00, 0x00, 0x00, 0x00, 0x00, 0x00, 0x00, 0x00, 0x00, 0x00, 0x00, 0x00, 0x00,
    0x00, 0x00, 0x00, 0x00, 0x00, 0x00, 0x00, 0x00, 0x00, 0x00, 0x00, 0x00, 0x00, 0x00, 0x00, 0x00,
    0x00, 0x00, 0x00, 0x00, 0x00, 0x00, 0x00, 0x00, 0x00, 0x00, 0x00, 0x00, 0x00, 0x00, 0x00, 0x00,
    0x00, 0x00, 0x00, 0x00, 0x00, 0x00, 0x00, 0x00, 0x00, 0x00, 0x00, 0x00, 0x00, 0x00, 0x00, 0x00,
    0x00, 0x00, 0x00, 0x00, 0x00, 0x00, 0x00, 0x00, 0x00, 0x00, 0x00, 0x00, 0x00, 0x00, 0x00, 0x00,
    0x00, 0x00, 0x00, 0x00, 0x00, 0x00, 0x00, 0x00, 0x00, 0x00, 0x00, 0x00, 0x00, 0x00, 0x00, 0x00,
    0x00, 0x00, 0x00, 0x00, 0x00, 0x00, 0x00, 0x00, 0x00, 0x00, 0x00, 0x00, 0x00, 0x00, 0x00, 0x00,
    0x00, 0x00, 0x00, 0x00, 0x00, 0x00, 0x00, 0x00, 0x00, 0x00, 0x00, 0x00, 0x00, 0x00, 0x00, 0x00,
    0x00, 0x00, 0x00, 0x00, 0x00, 0x00, 0x00, 0x00, 0x00, 0x00, 0x00, 0x00, 0x00, 0x00, 0x00, 0x00,
    0x00, 0x00, 0x00, 0x00, 0x00, 0x00, 0x00, 0x00, 0x00, 0x00, 0x00, 0x00, 0x00, 0x00, 0x00, 0x00,
    0x00, 0x00, 0x00, 0x00, 0x00, 0x00, 0x00, 0x00, 0x00, 0x00, 0x00, 0x00, 0x00, 0x00, 0x00, 0x00,
    0x00, 0x00, 0x00, 0x00, 0x00, 0x00, 0x00, 0x00, 0x00, 0x00, 0x00, 0x00, 0x00, 0x00, 0x00, 0x00,
    0x00, 0x00, 0x00, 0x00, 0x00, 0x00, 0x00, 0x00, 0x00, 0x00, 0x00, 0x00, 0x00, 0x00, 0x00, 0x00,
    0x00, 0x00, 0x00, 0x00, 0x00, 0x00, 0x00, 0x00, 0x00, 0x00, 0x00, 0x00, 0x00, 0x00, 0x00, 0xB1,
    0xEA, 0x11, 0x00, 0x47, 0xFF, 0x5C, 0x00, 0x00, 0x6B, 0xFF, 0x84, 0x00, 0x00, 0x00, 0x2E, 0xBF,
    0xF7, 0xE6, 0xA0, 0x15, 0x00, 0x00, 0x00, 0x00, 0x02, 0x8C, 0xE0, 0xF5, 0xCA, 0x38, 0x00, 0x44,
    0xFF, 0x2C, 0x00, 0x00, 0xFC, 0x74, 0x00, 0x00, 0x6B, 0xFF, 0x84, 0x00, 0x00, 0x40, 0xFF, 0x6A,
    0x00, 0x00, 0xEC, 0x6C, 0x00, 0x00, 0x00, 0x4C, 0xFF, 0xF8, 0x09, 0x00, 0xAF, 0xFF, 0xA0, 0xD9,
    0xA0, 0x00, 0x3B, 0xFF, 0xC0, 0x00, 0x25, 0xFF, 0x4B, 0x00, 0x00, 0xC8, 0xFF, 0xFF, 0xFF, 0xFF,
    0xE8, 0x44, 0xFF, 0xFF, 0xFF, 0xF5, 0xBE, 0x17, 0x00, 0x00, 0x6B, 0xFF, 0x84, 0x00, 0x00, 0x40,
    0xFF, 0x6A, 0x00, 0x00, 0xEC, 0x6C, 0x02, 0x8C, 0xE0, 0xF5, 0xCA, 0x38, 0x00, 0x00, 0x00, 0x00,
    0x00, 0x00, 0x00, 0x00, 0x00, 0x1A, 0xF0, 0x95, 0x06, 0xD9, 0xB6, 0x00, 0x00, 0x00, 0xD0, 0xAD,
    0xE8, 0x05, 0x00, 0x16, 0xEA, 0xA8, 0x15, 0x23, 0xCA, 0xC6, 0x02, 0x00, 0x00, 0x00, 0x49, 0xFF,
    0x3D, 0x0C, 0xB5, 0xDA, 0x00, 0x44, 0xFF, 0x2C, 0x00, 0x00, 0xFC, 0x74, 0x00, 0x00, 0xD0, 0xAD,
    0xE8, 0x05, 0x00, 0x40, 0xFF, 0xD2, 0x09, 0x00, 0xEC, 0x6C, 0x00, 0x00, 0x00, 0x4C, 0xFF, 0xF7,
    0x47, 0x03, 0xEF, 0xF6, 0xA0, 0x9A, 0xD9, 0x00, 0x81, 0xFC, 0xF8, 0x09, 0x5E, 0xFD, 0x0F, 0x00,
    0x00, 0x00, 0x00, 0xA8, 0xC8, 0x00, 0x00, 0x44, 0xFF, 0x2C, 0x00, 0x29, 0xFC, 0x83, 0x00, 0x00,
    0xD0, 0xAD, 0xE8, 0x05, 0x00, 0x40, 0xFF, 0xD2, 0x09, 0x00, 0xEC, 0x6C, 0x49, 0xFF, 0x3D, 0x0C,
    0xB5, 0xDA, 0x00, 0x00, 0x00, 0x00, 0x00, 0x00, 0x00, 0x00, 0x00, 0x00, 0x65, 0xFD, 0xA2, 0xF2,
    0x1D, 0x00, 0x00, 0x37, 0xFA, 0x19, 0xF2, 0x56, 0x00, 0x6F, 0xFF, 0x14, 0x00, 0x00, 0x43, 0xFF,
    0x35, 0x00, 0x00, 0x00, 0x34, 0xFE, 0x8A, 0x33, 0x06, 0x00, 0x00, 0x44, 0xFF, 0x2C, 0x00, 0x00,
    0xFC, 0x74, 0x00, 0x37, 0xFA, 0x19, 0xF2, 0x56, 0x00, 0x40, 0xFF, 0x75, 0x75, 0x00, 0xEC, 0x6C,
    0x00, 0x00, 0x00, 0x4C, 0xFF, 0xBD, 0x8D, 0x38, 0xF9, 0xC2, 0xA0, 0x5B, 0xFF, 0x14, 0xC7, 0x9B,
    0xFD, 0x43, 0x97, 0xCD, 0x00, 0x00, 0x00, 0x00, 0x00, 0xA8, 0xC8, 0x00, 0x00, 0x44, 0xFF, 0x2C,
    0x01, 0x2A, 0xFC, 0x76, 0x00, 0x37, 0xFA, 0x19, 0xF2, 0x56, 0x00, 0x40, 0xFF, 0x75, 0x75, 0x00,
    0xEC, 0x6C, 0x34, 0xFE, 0x8A, 0x33, 0x06, 0x00, 0x00, 0x00, 0x00, 0x00, 0x00, 0x00, 0x00, 0x00,
    0x00, 0x00, 0x00, 0xBE, 0xFF, 0x69, 0x00, 0x00, 0x00, 0x9C, 0xB9, 0x00, 0xA6, 0xBF, 0x00, 0x88,
    0xF3, 0x00, 0x00, 0x00, 0x24, 0xFF, 0x55, 0x00, 0x00, 0x00, 0x00, 0x5B, 0xD6, 0xFF, 0xF3, 0x70,
    0x00, 0x44, 0xFF, 0xFF, 0xFF, 0xFF, 0xFF, 0x74, 0x00, 0x9C, 0xB9, 0x00, 0xA6, 0xBF, 0x00, 0x40,
    0xFF, 0x17, 0xC4, 0x0D, 0xEC, 0x6C, 0x00, 0x00, 0x00, 0x4C, 0xFF, 0x7B, 0xD2, 0x7C, 0xC2, 0xB8,
    0xA0, 0x1C, 0xFF, 0x5C, 0xFC, 0x43, 0xCC, 0x84, 0xD1, 0x8D, 0x00, 0x00, 0x00, 0x00, 0x00, 0xA8,
    0xC8, 0x00, 0x00, 0x44, 0xFF, 0xFF, 0xFF, 0xF5, 0x95, 0x0A, 0x00, 0x9C, 0xB9, 0x00, 0xA6, 0xBF,
    0x00, 0x40, 0xFF, 0x17, 0xC4, 0x0D, 0xEC, 0x6C, 0x00, 0x5B, 0xD6, 0xFF, 0xF3, 0x70, 0x00, 0x00,
    0x00, 0x00, 0x00, 0x00, 0x00, 0x00, 0x00, 0x00, 0x00, 0x64, 0xFF, 0x0C, 0x00, 0x00, 0x0D, 0xF4,
    0xFF, 0xFF, 0xFF, 0xFF, 0x29, 0x68, 0xFF, 0x16, 0x00, 0x00, 0x47, 0xFF, 0x36, 0x70, 0xFF, 0xFF,
    0x40, 0x00, 0x00, 0x29, 0xAC, 0xFF, 0x1C, 0x44, 0xFF, 0x2C, 0x00, 0x00, 0xFC, 0x74, 0x0D, 0xF4,
    0xFF, 0xFF, 0xFF, 0xFF, 0x29, 0x40, 0xFF, 0x14, 0x56, 0x7F, 0xEC, 0x6C, 0x00, 0x00, 0x00, 0x4C,
    0xFF, 0x39, 0xFF, 0xD6, 0x80, 0xB8, 0xA0, 0x00, 0xDD, 0xD6, 0xF6, 0x07, 0x86, 0xD2, 0xFD, 0x4E,
    0x00, 0x00, 0x00, 0x00, 0x00, 0xA8, 0xC8, 0x00, 0x00, 0x44, 0xFF, 0x2D, 0x56, 0xFD, 0x79, 0x00,
    0x0D, 0xF4, 0xFF, 0xFF, 0xFF, 0xFF, 0x29, 0x40, 0xFF, 0x14, 0x56, 0x7F, 0xEC, 0x6C, 0x00, 0x00,
    0x00, 0x29, 0xAC, 0xFF, 0x1C, 0x00, 0x00, 0x00, 0x00, 0x00, 0x00, 0x00, 0x00, 0x00, 0x00, 0x64,
    0xFF, 0x0C, 0x00, 0x00, 0x68, 0xF2, 0x06, 0x00, 0x00, 0xDC, 0x91, 0x14, 0xEB, 0xAB, 0x16, 0x23,
    0xCC, 0xC8, 0x02, 0x00, 0x00, 0x00, 0x79, 0xEF, 0x2E, 0x08, 0x85, 0xFA, 0x14, 0x44, 0xFF, 0x2C,
    0x00, 0x00, 0xFC, 0x74, 0x68, 0xF2, 0x06, 0x00, 0x00, 0xDC, 0x91, 0x40, 0xFF, 0x14, 0x01, 0xC0,
    0xF5, 0x6C, 0x00, 0x00, 0x00, 0x4C, 0xFF, 0x0D, 0xE9, 0xFF, 0x3E, 0xB8, 0xA0, 0x00, 0x9E, 0xFF,
    0xB8, 0x00, 0x41, 0xFF, 0xFD, 0x11, 0x00, 0x00, 0x00, 0x00, 0x00, 0xA8, 0xC8, 0x00, 0x00, 0x44,
    0xFF, 0x2C, 0x00, 0x8D, 0xFD, 0x3B, 0x68, 0xF2, 0x06, 0x00, 0x00, 0xDC, 0x91, 0x40, 0xFF, 0x14,
    0x01, 0xC0, 0xF5, 0x6C, 0x79, 0xEF, 0x2E, 0x08, 0x85, 0xFA, 0x14, 0x00, 0x00, 0x00, 0x00, 0x00,
    0x00, 0x00, 0x00, 0x00, 0x00, 0x64, 0xFF, 0x0C, 0x00, 0x00, 0xCD, 0xAD, 0x00, 0x00, 0x00, 0x8C,
    0xF0, 0x0A, 0x2C, 0xB7, 0xEE, 0xE8, 0xA3, 0x17, 0x00, 0x00, 0x00, 0x00, 0x07, 0x9A, 0xEA, 0xFA,
    0xDA, 0x58, 0x00, 0x44, 0xFF, 0x2C, 0x00, 0x00, 0xFC, 0x74, 0xCD, 0xAD, 0x00, 0x00, 0x00, 0x8C,
    0xF0, 0x47, 0xFF, 0x14, 0x00, 0x4B, 0xFF, 0x6C, 0x00, 0x00, 0x00, 0x4C, 0xFF, 0x0C, 0xA9, 0xF6,
    0x06, 0xB8, 0xA0, 0x00, 0x5F, 0xFF, 0x72, 0x00, 0x06, 0xF4, 0xCF, 0x00, 0x00, 0x00, 0x00, 0x00,
    0x00, 0xA8, 0xC8, 0x00, 0x00, 0x44, 0xFF, 0x2C, 0x00, 0x09, 0xDA, 0xD4, 0xCE, 0xAD, 0x00, 0x00,
    0x00, 0x8C, 0xF0, 0x47, 0xFF, 0x14, 0x00, 0x4B, 0xFF, 0x6C, 0x07, 0x9A, 0xEA, 0xFA, 0xDA, 0x58,
    0x00, 0x48, 0xFF, 0x18, 0x00, 0x00, 0x00, 0x00, 0x00, 0x00, 0x00, 0x00, 0x00, 0x00, 0x00, 0x00,
    0x00, 0x00, 0x00, 0x00, 0x00, 0x00, 0x00, 0x00, 0x00, 0x00, 0x00, 0x00, 0x00, 0x00, 0x00, 0x00,
    0x00, 0x00, 0x00, 0x00, 0x00, 0x00, 0x00, 0x00, 0x00, 0x00, 0x00, 0x00, 0x00, 0x00, 0x00, 0x00,
    0x00, 0x00, 0x00, 0x00, 0x00, 0x00, 0x00, 0x00, 0x00, 0x00, 0x00, 0x00, 0x00, 0x00, 0x00, 0x00,
    0x00, 0x00, 0x00, 0x00, 0x00, 0x00, 0x00, 0x00, 0x00, 0x00, 0x00, 0x00, 0x00, 0x00, 0x00, 0x00,
    0x00, 0x00, 0x00, 0x00, 0x00, 0x00, 0x00, 0x00, 0x00, 0x00, 0x00, 0x00, 0x00, 0x00, 0x00, 0x00,
    0x00, 0x00, 0x00, 0x00, 0x00, 0x00, 0x00, 0x00, 0x00, 0x00, 0x00, 0x00, 0x00, 0x00, 0x00, 0x00,
    0x00, 0x00, 0x00, 0x00, 0x00, 0x00, 0x00, 0x00, 0x00, 0x00, 0x00, 0x00, 0x00, 0x00, 0x00, 0x00,
    0x00, 0x00, 0x00, 0x00, 0x00, 0x00, 0x00, 0x00, 0x00, 0x00, 0x00, 0x00, 0x00, 0x00, 0x00, 0x00,
    0x00, 0x00, 0x00, 0x00, 0x00, 0x00, 0x00, 0x00, 0x00, 0x00, 0x00, 0x00, 0x00, 0x00, 0x00, 0x00,
    0x00, 0x00, 0x00, 0x00, 0x00, 0x00, 0x00, 0x00, 0x00, 0x00, 0x00, 0x00, 0x00, 0x00, 0x00, 0x00,
    0x00, 0x00, 0x00, 0x00, 0x00, 0x00, 0x00, 0x00, 0x00, 0x00, 0x00, 0x00, 0x00, 0x00, 0x00, 0x00,
    0x00, 0x00, 0x00, 0x00, 0x00, 0x00, 0x00, 0x00, 0x00, 0x00, 0x00, 0x00, 0x00, 0x00, 0x00, 0x00,
    0x00, 0x00, 0x00, 0x00, 0x00, 0x00, 0x00, 0x00, 0x00, 0x00, 0x00, 0x00, 0x00, 0x00, 0x00, 0x00,
    0x00, 0x00, 0x00, 0x00, 0x00, 0x00, 0x00, 0x00, 0x00, 0x00, 0x00, 0x00, 0x00, 0x00, 0x00, 0x00,
    0x00, 0x00,
};

const lv_image_dsc_t todo_text_t0_en = {
    .header.magic = LV_IMAGE_HEADER_MAGIC,
    .header.cf = LV_COLOR_FORMAT_A8,
    .header.flags = 0,
    .header.w = 118,
    .header.h = 11,
    .header.stride = 118,
    .data_size = 1298,
    .data = todo_text_t0_en_data,
};

static const uint8_t todo_text_t0_zh_data[] = {
    0x00, 0x00, 0x00, 0x00, 0x00, 0x00, 0x00, 0x00, 0x00, 0x00, 0x00, 0x00, 0x00, 0x00, 0x00, 0x00,
    0x00, 0x00, 0x00, 0x00, 0x00, 0x00, 0x00, 0x00, 0x00, 0x00, 0x00, 0x00, 0x00, 0x00, 0x00, 0x00,
    0x00, 0x00, 0x00, 0x00, 0x00, 0x00, 0x00, 0x00, 0x00, 0x00, 0x00, 0x00, 0x00, 0x00, 0x00, 0x00,
    0x00, 0x00, 0x00, 0x00, 0x00, 0x00, 0x00, 0x00, 0x00, 0x00, 0x00, 0x00, 0x00, 0x00, 0x00, 0x00,
    0x00, 0x00, 0x00, 0x00, 0x00, 0x00, 0x00, 0x00, 0x00, 0x00, 0x00, 0x00, 0x00, 0x00, 0x00, 0x00,
    0x00, 0x00, 0x00, 0x00, 0x00, 0x00, 0x00, 0x00, 0x00, 0x00, 0x00, 0x00, 0x00, 0x00, 0x00, 0x00,
    0x00, 0x00, 0x00, 0x00, 0x00, 0x00, 0x00, 0x00, 0x00, 0x00, 0x00, 0x00, 0x00, 0x00, 0x00, 0x00,
    0x00, 0x00, 0x00, 0x00, 0x00, 0x00, 0x00, 0x00, 0x00, 0x00, 0x00, 0x00, 0x00, 0x00, 0x00, 0x00,
    0x00, 0x00, 0x00, 0x00, 0x00, 0x00, 0x00, 0x00, 0x00, 0x00, 0x00, 0x00, 0x00, 0x00, 0x00, 0x00,
    0x00, 0x00, 0x00, 0x00, 0x00, 0x00, 0x00, 0x00, 0x00, 0x00, 0x00, 0x00, 0x00, 0x00, 0x00, 0x00,
    0x00, 0x00, 0x00, 0x00, 0x00, 0x00, 0x00, 0x00, 0x00, 0x00, 0x00, 0x00, 0x00, 0x00, 0x00, 0x00,
    0x00, 0x00, 0x00, 0x00, 0x00, 0x00, 0x00, 0x00, 0x00, 0x00, 0x00, 0x00, 0x00, 0x00, 0x00, 0x00,
    0x00, 0x00, 0x00, 0x00, 0x00, 0x00, 0x00, 0x00, 0x00, 0x00, 0x00, 0x00, 0x00, 0x00, 0x00, 0x00,
    0x00, 0x00, 0x00, 0x00, 0x00, 0x00, 0x00, 0x00, 0x00, 0x00, 0x00, 0x00, 0x00, 0x00, 0x00, 0x00,
    0x00, 0x00, 0x00, 0x00, 0x00, 0x00, 0x00, 0x00, 0x00, 0x00, 0x00, 0x00, 0x00, 0x00, 0x00, 0x00,
    0x00, 0x00, 0x00, 0x00, 0x00, 0x00, 0x00, 0x00, 0x00, 0x00, 0x00, 0x00, 0x00, 0x00, 0x00, 0x00,
    0x00, 0x00, 0x00, 0x00, 0x00, 0x00, 0x00, 0x00, 0x00, 0x00, 0x00, 0x00, 0x00, 0x00, 0x00, 0x00,
    0x00, 0x00, 0x00, 0x00, 0x00, 0x00, 0x00, 0x00, 0x00, 0x00, 0x00, 0x00, 0x00, 0x00, 0x00, 0x00,
    0x00, 0x00, 0x00, 0x00, 0x00, 0x00, 0x00, 0x00, 0x00, 0x00, 0x00, 0x00, 0x00, 0x00, 0x00, 0x00,
    0x00, 0x00, 0x00, 0x00, 0x00, 0x00, 0x00, 0x00, 0x00, 0x00, 0x00, 0x00, 0x01, 0x00, 0x00, 0x00,
    0x00, 0x00, 0x00, 0x00, 0x00, 0x00, 0x00, 0x02, 0x14, 0x02, 0x00, 0x00, 0x00, 0x06, 0x01, 0x00,
    0x00, 0x00, 0x00, 0x00, 0x00, 0x00, 0x00, 0x00, 0x03, 0x3D, 0x12, 0x00, 0x00, 0x00, 0x00, 0x00,
    0x00, 0x00, 0x00, 0x00, 0x00, 0x00, 0x00, 0x00, 0x00, 0x00, 0x00, 0x00, 0x00, 0x00, 0x00, 0x00,
    0x00, 0x00, 0x00, 0x00, 0x00, 0x01, 0x00, 0x00, 0x00, 0x00, 0x00, 0x00, 0x08, 0x00, 0x00, 0x00,
    0x00, 0x00, 0x00, 0x00, 0x00, 0x00, 0x00, 0x00, 0x00, 0x00, 0x2E, 0x09, 0x00, 0x00, 0x00, 0x00,
    0x00, 0x00, 0x00, 0x04, 0x00, 0x00, 0x00, 0x00, 0x23, 0x0A, 0x00, 0x00, 0x00, 0x00, 0x00, 0x00,
    0x00, 0x08, 0x00, 0x00, 0x00, 0x00, 0x00, 0x1C, 0x2F, 0x00, 0x00, 0x00, 0x00, 0x00, 0x00, 0x00,
    0x02, 0x00, 0x00, 0x00, 0x00, 0x00, 0x00, 0x00, 0x26, 0x01, 0x00, 0x00, 0x00, 0x00, 0x00, 0x00,
    0x00, 0x00, 0x00, 0x00, 0x00, 0x10, 0x01, 0x00, 0x00, 0x00, 0x00, 0x00, 0x00, 0x00, 0x00, 0x00,
    0x00, 0x01, 0x88, 0x30, 0x00, 0x00, 0xB2, 0x7A, 0x00, 0x89, 0x8B, 0x01, 0x50, 0x5D, 0x01, 0x00,
    0x00, 0x1A, 0xFF, 0x0E, 0x00, 0x00, 0x00, 0x79, 0xE3, 0x04, 0x00, 0x00, 0x00, 0x00, 0x00, 0x00,
    0x00, 0x00, 0x01, 0xF4, 0x52, 0x00, 0x00, 0x02, 0x1E, 0x43, 0x72, 0x36, 0x00, 0x00, 0x00, 0x00,
    0x00, 0x00, 0x00, 0x1D, 0xE4, 0x1C, 0x00, 0x00, 0x00, 0x00, 0x00, 0x00, 0x00, 0x00, 0x4A, 0xAA,
    0x00, 0x00, 0xAE, 0x3C, 0x00, 0x00, 0x88, 0x9A, 0x00, 0x00, 0x00, 0x00, 0x08, 0x50, 0x00, 0x00,
    0x00, 0x00, 0x00, 0x00, 0xF2, 0x2B, 0x00, 0x00, 0x00, 0x00, 0x00, 0x00, 0x00, 0x69, 0xC4, 0x0A,
    0x00, 0x00, 0xC8, 0x70, 0x00, 0x00, 0x00, 0x00, 0x00, 0x00, 0x00, 0x91, 0xA9, 0x00, 0x00, 0x00,
    0x00, 0xA8, 0xFD, 0x24, 0x00, 0x00, 0x00, 0x00, 0x00, 0x00, 0x8B, 0xAD, 0x02, 0x05, 0x35, 0x00,
    0x00, 0x01, 0xED, 0x6A, 0x00, 0x00, 0x00, 0x00, 0x0A, 0x24, 0x24, 0x24, 0x24, 0x07, 0x00, 0x96,
    0x98, 0x00, 0x00, 0x00, 0x00, 0x00, 0x00, 0x00, 0x00, 0x00, 0x00, 0x00, 0xD0, 0x8D, 0x00, 0x07,
    0xF6, 0x69, 0x02, 0xE7, 0x78, 0x00, 0xCE, 0xAE, 0x00, 0x00, 0x00, 0x10, 0xFC, 0x00, 0x00, 0x00,
    0x03, 0xD8, 0xE4, 0x58, 0x00, 0x00, 0x00, 0x00, 0x00, 0x00, 0x00, 0x04, 0x22, 0xD2, 0xC5, 0xB0,
    0xD5, 0xF6, 0xE4, 0xBC, 0x96, 0x3C, 0x00, 0x00, 0x00, 0x00, 0x00, 0x00, 0x00, 0x1A, 0xFF, 0x19,
    0x00, 0x00, 0x00, 0x00, 0x00, 0x00, 0x00, 0x1F, 0xE5, 0x49, 0x6A, 0x63, 0xB0, 0x38, 0xA9, 0x0B,
    0xAE, 0x5F, 0x00, 0x00, 0x00, 0x00, 0x41, 0xF5, 0xBB, 0x21, 0x01, 0x04, 0x04, 0x04, 0xED, 0x28,
    0x04, 0x04, 0x02, 0x00, 0x00, 0x00, 0x00, 0xC4, 0xA4, 0x00, 0x00, 0x00, 0xE4, 0x33, 0x00, 0x00,
    0x00, 0x00, 0x00, 0x00, 0x00, 0xB1, 0x6B, 0x00, 0x00, 0x00, 0x46, 0xE8, 0x6B, 0xD3, 0x13, 0x00,
    0x00, 0x00, 0x00, 0x00, 0xE1, 0x62, 0x00, 0x24, 0xFB, 0x19, 0x4E, 0x75, 0xF9, 0x58, 0x51, 0x58,
    0x16, 0x00, 0x43, 0xF0, 0xC0, 0xC0, 0xF6, 0x2F, 0x0F, 0xF0, 0xC4, 0xAC, 0xAC, 0xAC, 0x35, 0x00,
    0x00, 0x00, 0x00, 0x00, 0x00, 0x00, 0x85, 0xE4, 0x02, 0x44, 0xE8, 0x07, 0x49, 0xEC, 0x0A, 0x26,
    0xFC, 0x26, 0x00, 0x00, 0x2C, 0x31, 0xFC, 0x24, 0x24, 0x00, 0x66, 0xD4, 0x24, 0xE4, 0x2B, 0x00,
    0x00, 0x00, 0x00, 0xB5, 0xDD, 0xFB, 0xE4, 0xCC, 0xFB, 0x62, 0x33, 0x0B, 0x53, 0x97, 0x05, 0x00,
    0x00, 0x00, 0x00, 0x00, 0x00, 0x00, 0x00, 0x14, 0xFF, 0x18, 0x00, 0x00, 0x00, 0x00, 0x00, 0x00,
    0x13, 0xDC, 0x71, 0x06, 0x7F, 0x77, 0xAD, 0x35, 0xD4, 0x09, 0xE7, 0x31, 0x08, 0x0D, 0x03, 0x00,
    0x00, 0x1F, 0xC4, 0x59, 0x73, 0xFD, 0xF8, 0xF8, 0xFF, 0xF9, 0xF8, 0xFE, 0x98, 0x00, 0x00, 0x00,
    0x36, 0xFF, 0x2C, 0xAF, 0xEB, 0xE8, 0xFF, 0xEA, 0xE8, 0xE8, 0xEF, 0x58, 0x00, 0x2A, 0xF0, 0xFA,
    0xEF, 0xED, 0x5F, 0x1D, 0xE4, 0x49, 0x00, 0x83, 0xDC, 0x2F, 0x00, 0x00, 0x00, 0x44, 0xFF, 0xDE,
    0xE2, 0x24, 0xD0, 0x6A, 0x84, 0xD2, 0xC9, 0x90, 0x91, 0x99, 0x25, 0x00, 0x3D, 0xC0, 0x00, 0x00,
    0xD8, 0x29, 0x85, 0xC2, 0x38, 0x38, 0x75, 0xDC, 0x04, 0x00, 0x00, 0x00, 0x00, 0x00, 0x00, 0x00,
    0x2B, 0x4E, 0x02, 0x9F, 0x83, 0x00, 0xB7, 0x87, 0x00, 0x8A, 0xAD, 0x00, 0x00, 0x00, 0xE2, 0xE3,
    0xFF, 0xDD, 0xB5, 0x2B, 0xF3, 0x41, 0x00, 0x5A, 0xEB, 0x57, 0x00, 0x00, 0x00, 0x54, 0x3D, 0x0F,
    0x00, 0x04, 0xD9, 0x85, 0x1D, 0x9E, 0xE9, 0x63, 0x01, 0x00, 0x00, 0x00, 0x56, 0xA1, 0x00, 0x00,
    0x00, 0x14, 0xFF, 0x18, 0x00, 0x00, 0x00, 0x93, 0x4F, 0x00, 0x00, 0x43, 0x02, 0xC5, 0xA5, 0xA8,
    0xCB, 0x80, 0xE1, 0x3A, 0xF5, 0xCC, 0xF6, 0xD7, 0x28, 0x00, 0x15, 0x00, 0x02, 0x00, 0x69, 0xB0,
    0x00, 0x00, 0xEC, 0x24, 0x00, 0xE4, 0x5A, 0x00, 0x00, 0x00, 0xB7, 0xE2, 0x00, 0x0D, 0x09, 0x41,
    0xE0, 0x08, 0x08, 0x08, 0x0D, 0x07, 0x00, 0x03, 0x26, 0xF0, 0x10, 0x12, 0x22, 0xD7, 0xD0, 0xCC,
    0xCC, 0xCC, 0xCA, 0xF9, 0x99, 0x20, 0x0A, 0xD3, 0x75, 0x1D, 0x24, 0x06, 0x32, 0x0D, 0x00, 0xDB,
    0x37, 0x00, 0x00, 0x00, 0x00, 0x00, 0x3E, 0xC0, 0x00, 0x00, 0xD8, 0x64, 0xE3, 0xD6, 0x44, 0x02,
    0xCB, 0x58, 0x00, 0x00, 0x00, 0x00, 0x00, 0x00, 0x00, 0x00, 0x00, 0x00, 0x1C, 0xF7, 0x1E, 0x27,
    0xF8, 0x1B, 0x12, 0xF0, 0x36, 0x00, 0x00, 0x00, 0x00, 0x5F, 0xFC, 0x00, 0x2E, 0xE3, 0xD8, 0x80,
    0x80, 0x80, 0x93, 0xF8, 0xCA, 0x23, 0x00, 0x00, 0x00, 0x00, 0x00, 0x00, 0x62, 0xFE, 0xF8, 0x88,
    0x0E, 0x00, 0x44, 0x28, 0x00, 0x00, 0x6F, 0xD4, 0x00, 0x00, 0x00, 0x14, 0xFF, 0x18, 0x00, 0x00,
    0x00, 0xD3, 0x6F, 0x00, 0x00, 0x00, 0x68, 0xB4, 0x35, 0x60, 0x60, 0x60, 0x60, 0x84, 0x94, 0x00,
    0xD9, 0x16, 0x00, 0x08, 0xEA, 0xA5, 0x18, 0x00, 0x67, 0xB0, 0x00, 0x00, 0xEC, 0x24, 0x05, 0x6A,
    0x17, 0x00, 0x00, 0x4E, 0xFF, 0xE0, 0x18, 0x2C, 0x28, 0x81, 0xBD, 0x28, 0x28, 0x28, 0x28, 0x2C,
    0x06, 0x00, 0x5E, 0xAB, 0x54, 0x2A, 0xE6, 0x90, 0x0F, 0x24, 0x24, 0x24, 0x0F, 0x3D, 0xB6, 0x1A,
    0x4A, 0xE8, 0x79, 0x70, 0x67, 0x00, 0x00, 0x00, 0x45, 0xCE, 0x41, 0xD8, 0x00, 0x00, 0x00, 0x00,
    0x44, 0xF7, 0xDC, 0xDC, 0xFA, 0x4E, 0x41, 0x25, 0xE0, 0xA3, 0xB6, 0x00, 0x00, 0x00, 0x00, 0x00,
    0x00, 0x00, 0x45, 0xE2, 0xDC, 0xAE, 0x3F, 0xEC, 0x09, 0x59, 0xE0, 0x03, 0x37, 0xF3, 0x0E, 0x00,
    0x00, 0x00, 0x00, 0xBA, 0xFC, 0x01, 0xB4, 0xAB, 0x57, 0x82, 0x80, 0x81, 0x33, 0x2D, 0x97, 0x01,
    0x00, 0x11, 0x46, 0x6B, 0x9A, 0xD7, 0xED, 0xA2, 0xD5, 0xD4, 0x72, 0x49, 0xD9, 0x9C, 0x00, 0x00,
    0x6C, 0xD0, 0x00, 0x00, 0x00, 0x14, 0xFF, 0x18, 0x00, 0x00, 0x00, 0xD0, 0x6C, 0x00, 0x00, 0x20,
    0xF0, 0x3D, 0x85, 0xA3, 0xA0, 0xA3, 0x77, 0xE0, 0x80, 0x00, 0xE7, 0x08, 0x00, 0x00, 0x22, 0xBA,
    0xC9, 0x00, 0x69, 0xD4, 0x74, 0x74, 0xF5, 0x87, 0x74, 0x6E, 0x00, 0x00, 0x14, 0xE4, 0xA8, 0xE0,
    0x67, 0xCE, 0xC8, 0xEF, 0xDE, 0xC8, 0xC8, 0xC8, 0xC9, 0xCF, 0x1A, 0x00, 0xAF, 0x54, 0xFC, 0x10,
    0x4E, 0xEC, 0xE4, 0xE7, 0x89, 0x2A, 0x36, 0x7C, 0x72, 0x00, 0x00, 0x31, 0xB8, 0xCA, 0x74, 0x85,
    0xED, 0x80, 0xDA, 0xB0, 0x88, 0xE8, 0x65, 0x69, 0x00, 0x00, 0x02, 0x08, 0x61, 0xA3, 0x08, 0x01,
    0x00, 0x07, 0xA0, 0xFF, 0x8B, 0x06, 0x00, 0x00, 0x00, 0x00, 0x00, 0x00, 0x12, 0x39, 0x97, 0xC2,
    0x00, 0xC1, 0x72, 0x03, 0xD8, 0x60, 0x00, 0xB9, 0x86, 0x00, 0x00, 0x00, 0x29, 0xF5, 0xFD, 0xB3,
    0x21, 0x0A, 0x02, 0x4A, 0x4F, 0x00, 0x1F, 0x7B, 0x11, 0x00, 0x00, 0x0D, 0xC9, 0xB3, 0x75, 0x37,
    0x03, 0x00, 0x03, 0x59, 0xB7, 0xF3, 0xD7, 0x1E, 0x00, 0x00, 0x6C, 0xD0, 0x00, 0x00, 0x00, 0x14,
    0xFF, 0x18, 0x00, 0x00, 0x00, 0xD0, 0x6C, 0x00, 0x0C, 0xCD, 0xF2, 0x38, 0x25, 0x27, 0x25, 0x27,
    0x50, 0xD0, 0xBE, 0x01, 0xF5, 0x00, 0x00, 0x00, 0x00, 0x01, 0x18, 0x00, 0x72, 0xD1, 0xDF, 0xB3,
    0x8C, 0x8C, 0xCB, 0xBD, 0x00, 0x00, 0x3D, 0xBC, 0x41, 0xE0, 0x00, 0x00, 0x00, 0xDF, 0x41, 0x00,
    0x00, 0x00, 0x00, 0x00, 0x00, 0x37, 0xFB, 0x88, 0xFB, 0xC0, 0x13, 0xF8, 0x00, 0x70, 0x8D, 0x7C,
    0xA1, 0x89, 0x7E, 0x00, 0x00, 0x00, 0x6C, 0x94, 0x00, 0x0D, 0x8E, 0x75, 0x84, 0x82, 0x98, 0xEB,
    0x7D, 0x80, 0x00, 0x00, 0x2F, 0x4F, 0x5C, 0xA0, 0x00, 0x16, 0x68, 0xDA, 0xA4, 0x2D, 0xAB, 0xDC,
    0x7E, 0x1E, 0x00, 0x00, 0x00, 0x00, 0x00, 0x00, 0x7C, 0xC0, 0x00, 0x54, 0xE2, 0x03, 0x66, 0xD9,
    0x02, 0x4A, 0xF4, 0x14, 0x00, 0x00, 0xA9, 0x9A, 0xFC, 0xA5, 0x9F, 0xD0, 0x4E, 0x7C, 0xCA, 0x00,
    0x5F, 0xF0, 0x0C, 0x00, 0x16, 0x7E, 0x76, 0x74, 0x74, 0x74, 0x74, 0x74, 0x74, 0x74, 0x74, 0x74,
    0x75, 0x7D, 0x2E, 0x00, 0x6C, 0xD0, 0x00, 0x00, 0x00, 0x14, 0xFF, 0x18, 0x00, 0x00, 0x00, 0xD0,
    0x6C, 0x00, 0x1E, 0x99, 0xB8, 0x38, 0x16, 0xA0, 0xA0, 0xA0, 0x0D, 0x06, 0xE2, 0x25, 0xD4, 0x00,
    0x00, 0x00, 0x00, 0x00, 0x80, 0x27, 0x86, 0x83, 0x7A, 0x96, 0x00, 0x00, 0xD7, 0x65, 0x00, 0x00,
    0x00, 0x06, 0x40, 0xE0, 0x00, 0x00, 0x2A, 0xFF, 0xA7, 0xA0, 0xA0, 0xA0, 0x77, 0x00, 0x00, 0x2C,
    0xA0, 0x72, 0xF8, 0x3C, 0x05, 0xFD, 0xB0, 0xD3, 0x8C, 0x74, 0x9C, 0x84, 0x7C, 0x00, 0x1D, 0xE5,
    0xEC, 0xF1, 0xE5, 0x16, 0x8C, 0x70, 0x00, 0x00, 0x38, 0xD8, 0x00, 0x00, 0x00, 0x00, 0x5E, 0xA6,
    0x5C, 0xF3, 0xE5, 0x8D, 0xD4, 0x72, 0x38, 0x38, 0x38, 0x76, 0xB5, 0x22, 0x00, 0x00, 0x00, 0x00,
    0x00, 0x00, 0x7C, 0xC0, 0x00, 0x06, 0xF2, 0x53, 0x10, 0xF9, 0x52, 0x03, 0xE5, 0x84, 0x00, 0x4E,
    0xF5, 0x28, 0xFC, 0x1E, 0x22, 0x91, 0xBA, 0x16, 0xFC, 0x26, 0xAC, 0x8E, 0x00, 0x00, 0x17, 0x87,
    0x7E, 0x7C, 0x7C, 0xF0, 0xA2, 0x7C, 0xCE, 0xC4, 0x7C, 0x7C, 0x7D, 0x86, 0x31, 0x00, 0x6C, 0xD0,
    0x00, 0x00, 0x00, 0x14, 0xFF, 0x18, 0x00, 0x00, 0x00, 0xD0, 0x6C, 0x00, 0x00, 0x00, 0xB8, 0x38,
    0x27, 0xDC, 0x20, 0xDD, 0x0D, 0x00, 0xD0, 0x8D, 0x97, 0x00, 0x00, 0x00, 0x00, 0x32, 0xF8, 0x3C,
    0xB6, 0x61, 0x23, 0xF1, 0x12, 0x4D, 0xED, 0x0C, 0x00, 0x00, 0x00, 0x00, 0x40, 0xE0, 0x00, 0x00,
    0x23, 0x5C, 0x5C, 0x5C, 0x61, 0xFA, 0x5F, 0x00, 0x00, 0x00, 0x00, 0x00, 0xF4, 0x0C, 0x04, 0xF9,
    0x30, 0x8B, 0x8C, 0x74, 0x9C, 0x84, 0x7C, 0x00, 0x04, 0x1C, 0x79, 0x9E, 0x25, 0x04, 0x8C, 0x70,
    0x7F, 0x97, 0xAB, 0xEF, 0x94, 0x9D, 0x14, 0x00, 0x5C, 0xA4, 0x5C, 0xA8, 0x1C, 0x03, 0x87, 0xDC,
    0xB8, 0xB8, 0xC3, 0xEA, 0x00, 0x00, 0x00, 0x00, 0x00, 0x00, 0x00, 0x00, 0x7C, 0xC0, 0x00, 0x00,
    0xAF, 0xA7, 0x00, 0xB4, 0x94, 0x00, 0x83, 0xA4, 0x00, 0x13, 0x5E, 0x10, 0xFC, 0x00, 0x00, 0x28,
    0xFE, 0x21, 0xB4, 0x5D, 0xF4, 0x23, 0x00, 0x00, 0x00, 0x00, 0x00, 0x00, 0x09, 0xFB, 0x2B, 0x00,
    0xA0, 0x8C, 0x00, 0x00, 0x00, 0x00, 0x00, 0x00, 0x6C, 0xD0, 0x00, 0x00, 0x00, 0x14, 0xFF, 0x18,
    0x00, 0x00, 0x00, 0xD0, 0x6C, 0x00, 0x00, 0x00, 0xB8, 0x38, 0x3F, 0xC8, 0x00, 0xD8, 0x3C, 0x1E,
    0x85, 0xFD, 0x38, 0x00, 0x00, 0x00, 0x0A, 0xD4, 0x84, 0x1A, 0xF9, 0x18, 0x00, 0xA5, 0xA4, 0xE3,
    0x71, 0x00, 0x00, 0x00, 0x00, 0x00, 0x40, 0xE0, 0x00, 0x00, 0x00, 0x10, 0x01, 0x00, 0x5E, 0xE4,
    0x05, 0x00, 0x00, 0x00, 0x15, 0x49, 0xF8, 0xC5, 0x36, 0xFC, 0x84, 0xBA, 0x8C, 0x74, 0x9C, 0x84,
    0x7C, 0x00, 0x00, 0x00, 0x6C, 0x94, 0x0C, 0x1B, 0x8C, 0x70, 0x46, 0x4F, 0x74, 0xE4, 0x4D, 0x56,
    0x0B, 0x00, 0x5C, 0xA4, 0x5C, 0xA0, 0x00, 0x00, 0x81, 0x80, 0x00, 0x00, 0x28, 0xE5, 0x00, 0x00,
    0x00, 0x00, 0x00, 0x00, 0x00, 0x00, 0x80, 0xCE, 0x06, 0x00, 0x14, 0x01, 0x00, 0x06, 0x00, 0x00,
    0x00, 0x00, 0x00, 0x00, 0x00, 0x10, 0xFC, 0x00, 0x00, 0x00, 0x96, 0x27, 0x00, 0x69, 0xB5, 0x00,
    0x00, 0x00, 0x00, 0x00, 0x00, 0x00, 0x71, 0xDF, 0x01, 0x00, 0xA0, 0x8C, 0x00, 0x00, 0x35, 0x5E,
    0x01, 0x00, 0x71, 0xD0, 0x00, 0x00, 0x00, 0x14, 0xFF, 0x18, 0x00, 0x00, 0x00, 0xD0, 0x6D, 0x00,
    0x00, 0x00, 0xB8, 0x38, 0x7A, 0x9F, 0x00, 0xE2, 0xDE, 0x39, 0xAA, 0xFE, 0x32, 0x00, 0x00, 0x01,
    0xA6, 0xD1, 0x05, 0x8B, 0xB6, 0x00, 0x00, 0x2A, 0xFF, 0xD8, 0x02, 0x00, 0x00, 0x00, 0x00, 0x00,
    0x40, 0xE0, 0x00, 0x00, 0x00, 0xA3, 0xD5, 0x5B, 0xCF, 0x71, 0x00, 0x00, 0x00, 0x33, 0xFE, 0xCF,
    0xFC, 0x4F, 0x09, 0xFB, 0x6C, 0xAC, 0x8C, 0x79, 0x9D, 0x84, 0x7C, 0x00, 0x00, 0x00, 0x6F, 0xAD,
    0xCB, 0x6C, 0x9F, 0x7F, 0x00, 0x00, 0x3E, 0xDC, 0x00, 0x00, 0x00, 0x00, 0x5C, 0xA4, 0x5D, 0xC1,
    0x90, 0xB5, 0x80, 0x80, 0x00, 0x00, 0x28, 0xE4, 0x00, 0x00, 0x00, 0x00, 0x00, 0x00, 0x00, 0x53,
    0xDF, 0x74, 0xB6, 0x7A, 0x36, 0x0F, 0x03, 0x03, 0x0F, 0x1F, 0x35, 0x51, 0x2F, 0x00, 0x00, 0x11,
    0xFD, 0x00, 0x5F, 0x69, 0x68, 0x68, 0x68, 0xD8, 0xA0, 0x6A, 0x72, 0x00, 0x00, 0x00, 0x21, 0x81,
    0xF7, 0x4E, 0x00, 0x00, 0x9E, 0xBF, 0x25, 0x20, 0x96, 0xCF, 0x00, 0x00, 0x76, 0xFF, 0xFF, 0xFF,
    0xFF, 0xFF, 0xFF, 0xFF, 0xFF, 0xFF, 0xFF, 0xFF, 0x72, 0x00, 0x00, 0x00, 0xBA, 0x49, 0xE8, 0x49,
    0x06, 0xB5, 0x35, 0xB2, 0xBF, 0x6B, 0xEB, 0x58, 0x00, 0x38, 0xFA, 0x34, 0x41, 0xF8, 0x33, 0x00,
    0x3D, 0xD5, 0xBB, 0xE4, 0xBE, 0x4D, 0x06, 0x00, 0x00, 0x00, 0x44, 0xE3, 0x00, 0x00, 0x00, 0x09,
    0x78, 0xF0, 0xFF, 0x5A, 0x00, 0x00, 0x00, 0x00, 0x18, 0x00, 0xF6, 0x0E, 0x06, 0xF8, 0x00, 0x70,
    0x8C, 0x5A, 0x73, 0x84, 0x7C, 0x00, 0x00, 0x00, 0xA3, 0xFE, 0x86, 0xBE, 0xCD, 0xD1, 0xAB, 0x64,
    0x57, 0x98, 0x27, 0x37, 0x1F, 0x1A, 0xA6, 0xEF, 0xF0, 0xB3, 0x65, 0x18, 0x83, 0xE2, 0xC4, 0xC4,
    0xCD, 0xE5, 0x00, 0x00, 0x00, 0x00, 0x00, 0x00, 0x1B, 0xF1, 0x54, 0x00, 0x05, 0x6E, 0xD9, 0xFE,
    0xFF, 0xFF, 0xFF, 0xFF, 0xFF, 0xFF, 0x2D, 0x00, 0x00, 0x15, 0xFF, 0x04, 0x7A, 0x89, 0x88, 0x88,
    0x88, 0x88, 0x88, 0x89, 0x91, 0x00, 0x1C, 0xE0, 0xFF, 0xD1, 0x48, 0x00, 0x00, 0x00, 0x4A, 0xCD,
    0xD4, 0xD4, 0xCA, 0x43, 0x00, 0x00, 0x00, 0x00, 0x00, 0x00, 0x00, 0x00, 0x00, 0x00, 0x00, 0x00,
    0x00, 0xD0, 0x77, 0x00, 0x00, 0x00, 0xBE, 0x43, 0x60, 0x00, 0x00, 0x37, 0xF1, 0xA7, 0x09, 0x00,
    0x68, 0xDF, 0x18, 0x00, 0x2C, 0x00, 0x35, 0x69, 0x58, 0xBD, 0xE0, 0x5E, 0x00, 0x0F, 0x86, 0xEC,
    0xEC, 0x21, 0x00, 0x00, 0x4E, 0xE8, 0x00, 0x00, 0x00, 0x00, 0x00, 0x16, 0x9C, 0xFE, 0x7E, 0x00,
    0x00, 0x00, 0x00, 0x00, 0xFB, 0x13, 0x0E, 0xF8, 0x33, 0xEE, 0x7E, 0x00, 0x69, 0xE1, 0x6E, 0x00,
    0x00, 0x00, 0x8B, 0x5C, 0x02, 0x87, 0x0A, 0x02, 0x61, 0xBA, 0xE5, 0xFC, 0xFF, 0xFF, 0x2C, 0x11,
    0xAC, 0x58, 0x0C, 0x00, 0x00, 0x00, 0x88, 0x90, 0x20, 0x20, 0x43, 0xEB, 0x00, 0x00, 0x00, 0x00,
    0x00, 0x00, 0x00, 0x1D, 0x00, 0x00, 0x00, 0x00, 0x00, 0x09, 0x1D, 0x23, 0x22, 0x21, 0x1F, 0x1C,
    0x00, 0x00, 0x00, 0x0D, 0x78, 0x04, 0x00, 0x00, 0x00, 0x00, 0x00, 0x00, 0x00, 0x00, 0x00, 0x00,
    0x00, 0x42, 0x2D, 0x00, 0x00, 0x00, 0x00, 0x00, 0x00, 0x00, 0x00, 0x00, 0x00, 0x00, 0x00, 0x00,
    0x00, 0x00, 0x00, 0x00, 0x00, 0x00, 0x00, 0x00, 0x00, 0x00, 0x00, 0x30, 0x1C, 0x00, 0x00, 0x00,
    0x39, 0x14, 0x00, 0x00, 0x00, 0x00, 0x32, 0x00, 0x00, 0x00, 0x00, 0x0C, 0x00, 0x00, 0x00, 0x00,
    0x00, 0x00, 0x46, 0x54, 0x05, 0x00, 0x00, 0x00, 0x00, 0x09, 0x34, 0x00, 0x00, 0x00, 0x15, 0x37,
    0x00, 0x00, 0x00, 0x00, 0x00, 0x00, 0x00, 0x3F, 0x1C, 0x00, 0x00, 0x00, 0x00, 0x00, 0x88, 0x0D,
    0x06, 0x55, 0x01, 0x48, 0x04, 0x00, 0x36, 0x60, 0x08, 0x00, 0x00, 0x00, 0x00, 0x00, 0x00, 0x00,
    0x00, 0x00, 0x00, 0x00, 0x00, 0x00, 0x09, 0x0E, 0x00, 0x00, 0x00, 0x00, 0x00, 0x00, 0x00, 0x00,
    0x2A, 0x26, 0x00, 0x00, 0x09, 0x38, 0x00, 0x00, 0x00, 0x00, 0x00, 0x00, 0x00, 0x00, 0x00, 0x00,
    0x00, 0x00, 0x00, 0x00, 0x00, 0x00, 0x00, 0x00, 0x00, 0x00, 0x00, 0x00, 0x00, 0x00, 0x00, 0x00,
    0x00, 0x00, 0x00, 0x00, 0x00, 0x00, 0x00, 0x00, 0x00, 0x00, 0x00, 0x00, 0x00, 0x00, 0x00, 0x00,
    0x00, 0x00, 0x00, 0x00, 0x00, 0x00, 0x00, 0x00, 0x00, 0x00, 0x00, 0x00, 0x00, 0x00, 0x00, 0x00,
    0x00, 0x00, 0x00, 0x00, 0x00, 0x00, 0x00, 0x00, 0x00, 0x00, 0x00, 0x00, 0x00, 0x00, 0x00, 0x00,
    0x00, 0x00, 0x00, 0x00, 0x00, 0x00, 0x00, 0x00, 0x00, 0x00, 0x00, 0x00, 0x00, 0x00, 0x00, 0x00,
    0x00, 0x00, 0x00, 0x00, 0x00, 0x00, 0x00, 0x00, 0x00, 0x00, 0x00, 0x00, 0x00, 0x00, 0x00, 0x00,
    0x00, 0x00, 0x00, 0x00, 0x00, 0x00, 0x00, 0x00, 0x00, 0x00, 0x00, 0x00, 0x00, 0x00, 0x00, 0x00,
    0x00, 0x00, 0x00, 0x00, 0x00, 0x00, 0x00, 0x00, 0x00, 0x00, 0x00, 0x00, 0x00, 0x00, 0x00, 0x00,
    0x00, 0x00, 0x00, 0x00, 0x00, 0x00, 0x00, 0x00, 0x00, 0x00, 0x00, 0x00, 0x00, 0x00, 0x00, 0x00,
    0x00, 0x00, 0x00, 0x00, 0x00, 0x00, 0x00, 0x00, 0x00, 0x00, 0x00, 0x00, 0x00, 0x00, 0x00, 0x00,
    0x00, 0x00, 0x00, 0x00, 0x00, 0x00, 0x00, 0x00, 0x00, 0x00, 0x00, 0x00, 0x00, 0x00, 0x00, 0x00,
    0x00, 0x00, 0x00, 0x00, 0x00, 0x00, 0x00, 0x00, 0x00, 0x00, 0x00, 0x00, 0x00, 0x00, 0x00, 0x00,
    0x00, 0x00, 0x00, 0x00, 0x00, 0x00, 0x00, 0x00, 0x00, 0x00, 0x00, 0x00, 0x00, 0x00, 0x00, 0x00,
    0x00, 0x00, 0x00, 0x00, 0x00, 0x00, 0x00, 0x00, 0x00, 0x00, 0x00, 0x00, 0x00, 0x00, 0x00, 0x00,
    0x00, 0x00, 0x00, 0x00, 0x00, 0x00, 0x00, 0x00, 0x00, 0x00, 0x00, 0x00, 0x00, 0x00, 0x00, 0x00,
    0x00, 0x00, 0x00, 0x00, 0x00, 0x00, 0x00, 0x00, 0x00, 0x00, 0x00, 0x00, 0x00, 0x00, 0x00, 0x00,
    0x00, 0x00, 0x00, 0x00, 0x00, 0x00, 0x00, 0x00, 0x00, 0x00, 0x00, 0x00, 0x00, 0x00, 0x00, 0x00,
    0x00, 0x00, 0x00, 0x00, 0x00, 0x00, 0x00, 0x00, 0x00, 0x00, 0x00, 0x00, 0x00, 0x00, 0x00, 0x00,
    0x00, 0x00, 0x00, 0x00, 0x00, 0x00, 0x00, 0x00, 0x00, 0x00, 0x00, 0x00, 0x00, 0x00,
};

const lv_image_dsc_t todo_text_t0_zh = {
    .header.magic = LV_IMAGE_HEADER_MAGIC,
    .header.cf = LV_COLOR_FORMAT_A8,
    .header.flags = 0,
    .header.w = 154,
    .header.h = 19,
    .header.stride = 154,
    .data_size = 2926,
    .data = todo_text_t0_zh_data,
};

static const uint8_t todo_text_t1_en_data[] = {
    0x00, 0x00, 0x00, 0x00, 0x00, 0x00, 0x00, 0x00, 0x00, 0x00, 0x00, 0x00, 0x00, 0x00, 0x00, 0x00,
    0x00, 0x00, 0x00, 0x00, 0x00, 0x00, 0x00, 0x00, 0x00, 0x00, 0x00, 0x00, 0x00, 0x00, 0x00, 0x00,
    0x00, 0x00, 0x00, 0x00, 0x00, 0x00, 0x00, 0x00, 0x00, 0x00, 0x00, 0x00, 0x00, 0x00, 0x00, 0x00,
    0x00, 0x00, 0x00, 0x00, 0x00, 0x00, 0x00, 0x00, 0x00, 0x00, 0x00, 0x00, 0x00, 0x00, 0x00, 0x00,
    0x00, 0x00, 0x00, 0x00, 0x00, 0x00, 0x00, 0x00, 0x00, 0x00, 0x00, 0x00, 0x00, 0x00, 0x00, 0x00,
    0x00, 0x00, 0x00, 0x00, 0x00, 0x00, 0x00, 0x00, 0x00, 0x00, 0x00, 0x00, 0x00, 0x00, 0x00, 0x00,
    0x00, 0x00, 0x00, 0x00, 0x00, 0x00, 0x00, 0x00, 0x00, 0x00, 0x00, 0x00, 0x00, 0x00, 0x00, 0x00,
    0x00, 0x00, 0x00, 0x00, 0x00, 0x00, 0x00, 0x00, 0x00, 0x00, 0x00, 0x00, 0x00, 0x00, 0x00, 0x00,
    0x00, 0x00, 0x00, 0x00, 0x00, 0x00, 0x00, 0x00, 0x00, 0x00, 0x00, 0x00, 0x00, 0x00, 0x00, 0x00,
    0x00, 0x00, 0x00, 0x00, 0x00, 0x00, 0x00, 0x00, 0x00, 0x00, 0x00, 0x00, 0x00, 0x00, 0x00, 0x00,
    0x00, 0x00, 0x00, 0x00, 0x00, 0x00, 0x00, 0x00, 0x00, 0x00, 0x00, 0x00, 0x00, 0x00, 0x00, 0x00,
    0x00, 0x00, 0x00, 0x00, 0x00, 0x00, 0x00, 0x00, 0x00, 0x00, 0x00, 0x00, 0xC8, 0xFF, 0xFF, 0xFF,
    0xFF, 0xE8, 0x00, 0x00, 0x6B, 0xFF, 0x84, 0x00, 0x00, 0x50, 0xFF, 0x20, 0x3C, 0xFF, 0x38, 0x00,
    0x00, 0x00, 0x02, 0x8C, 0xE0, 0xF5, 0xCA, 0x38, 0x00, 0x00, 0x29, 0xB8, 0xF0, 0xE4, 0x87, 0x04,
    0x00, 0x00, 0x6B, 0xFF, 0x84, 0x00, 0x00, 0x3C, 0xFF, 0x38, 0x00, 0x00, 0x00, 0x44, 0xFF, 0xFF,
    0xFF, 0xFF, 0xFF, 0x08, 0x00, 0x00, 0x00, 0x00, 0x29, 0xB8, 0xF0, 0xE4, 0x87, 0x04, 0x44, 0xFF,
    0xFF, 0xFF, 0xFF, 0xFF, 0x08, 0x44, 0xFF, 0xFF, 0xFF, 0xF5, 0xBE, 0x17, 0xC8, 0xFF, 0xFF, 0xFF,
    0xFF, 0xE8, 0x00, 0x00, 0x00, 0x00, 0x00, 0x00, 0x00, 0x00, 0x00, 0xA8, 0xC8, 0x00, 0x00, 0x00,
    0x00, 0xD0, 0xAD, 0xE8, 0x05, 0x00, 0x50, 0xFF, 0x20, 0x3C, 0xFF, 0x38, 0x00, 0x00, 0x00, 0x49,
    0xFF, 0x3D, 0x0C, 0xB5, 0xDA, 0x00, 0x0E, 0xE6, 0x9D, 0x0F, 0x31, 0xED, 0x76, 0x00, 0x00, 0xD0,
    0xAD, 0xE8, 0x05, 0x00, 0x3C, 0xFF, 0x38, 0x00, 0x00, 0x00, 0x44, 0xFF, 0x2C, 0x00, 0x00, 0x00,
    0x00, 0x00, 0x00, 0x00, 0x0E, 0xE6, 0x9D, 0x0F, 0x31, 0xED, 0x76, 0x44, 0xFF, 0x2C, 0x00, 0x00,
    0x00, 0x00, 0x44, 0xFF, 0x2C, 0x00, 0x29, 0xFC, 0x83, 0x00, 0x00, 0xA8, 0xC8, 0x00, 0x00, 0x00,
    0x00, 0x00, 0x00, 0x00, 0x00, 0x00, 0x00, 0x00, 0xA8, 0xC8, 0x00, 0x00, 0x00, 0x37, 0xFA, 0x19,
    0xF2, 0x56, 0x00, 0x50, 0xFF, 0x20, 0x3C, 0xFF, 0x38, 0x00, 0x00, 0x00, 0x34, 0xFE, 0x8A, 0x33,
    0x06, 0x00, 0x00, 0x5E, 0xFF, 0x17, 0x00, 0x00, 0x00, 0x00, 0x00, 0x37, 0xFA, 0x19, 0xF2, 0x56,
    0x00, 0x3C, 0xFF, 0x38, 0x00, 0x00, 0x00, 0x44, 0xFF, 0x2C, 0x00, 0x00, 0x00, 0x00, 0x00, 0x00,
    0x00, 0x5E, 0xFF, 0x17, 0x00, 0x00, 0x00, 0x00, 0x44, 0xFF, 0x2C, 0x00, 0x00, 0x00, 0x00, 0x44,
    0xFF, 0x2C, 0x01, 0x2A, 0xFC, 0x76, 0x00, 0x00, 0xA8, 0xC8, 0x00, 0x00, 0x00, 0x00, 0x00, 0x00,
    0x00, 0x00, 0x00, 0x00, 0x00, 0xA8, 0xC8, 0x00, 0x00, 0x00, 0x9C, 0xB9, 0x00, 0xA6, 0xBF, 0x00,
    0x50, 0xFF, 0x20, 0x3C, 0xFF, 0x38, 0x00, 0x00, 0x00, 0x00, 0x5B, 0xD6, 0xFF, 0xF3, 0x70, 0x00,
    0x7E, 0xFD, 0x01, 0x00, 0x00, 0x00, 0x00, 0x00, 0x9C, 0xB9, 0x00, 0xA6, 0xBF, 0x00, 0x3C, 0xFF,
    0x38, 0x00, 0x00, 0x00, 0x44, 0xFF, 0xFF, 0xFF, 0xFF, 0xC4, 0x00, 0x00, 0x00, 0x00, 0x7E, 0xFD,
    0x01, 0x00, 0x00, 0x00, 0x00, 0x44, 0xFF, 0xFF, 0xFF, 0xFF, 0xC4, 0x00, 0x44, 0xFF, 0xFF, 0xFF,
    0xF5, 0x95, 0x0A, 0x00, 0x00, 0xA8, 0xC8, 0x00, 0x00, 0x00, 0x00, 0x00, 0x00, 0x00, 0x00, 0x00,
    0x00, 0x00, 0xA8, 0xC8, 0x00, 0x00, 0x0D, 0xF4, 0xFF, 0xFF, 0xFF, 0xFF, 0x29, 0x50, 0xFF, 0x20,
    0x3C, 0xFF, 0x38, 0x00, 0x00, 0x00, 0x00, 0x00, 0x00, 0x29, 0xAC, 0xFF, 0x1C, 0x62, 0xFF, 0x19,
    0x00, 0x00, 0x00, 0x00, 0x0D, 0xF4, 0xFF, 0xFF, 0xFF, 0xFF, 0x29, 0x3C, 0xFF, 0x38, 0x00, 0x00,
    0x00, 0x44, 0xFF, 0x2C, 0x00, 0x00, 0x00, 0x00, 0x00, 0x00, 0x00, 0x62, 0xFF, 0x19, 0x00, 0x00,
    0x00, 0x00, 0x44, 0xFF, 0x2C, 0x00, 0x00, 0x00, 0x00, 0x44, 0xFF, 0x2D, 0x56, 0xFD, 0x79, 0x00,
    0x00, 0x00, 0xA8, 0xC8, 0x00, 0x00, 0x00, 0x00, 0x00, 0x00, 0x00, 0x00, 0x00, 0x00, 0x00, 0xA8,
    0xC8, 0x00, 0x00, 0x68, 0xF2, 0x06, 0x00, 0x00, 0xDC, 0x91, 0x50, 0xFF, 0x20, 0x3C, 0xFF, 0x38,
    0x00, 0x00, 0x00, 0x79, 0xEF, 0x2E, 0x08, 0x85, 0xFA, 0x14, 0x12, 0xEA, 0x9C, 0x0F, 0x36, 0xE9,
    0x74, 0x68, 0xF2, 0x06, 0x00, 0x00, 0xDC, 0x91, 0x3C, 0xFF, 0x38, 0x00, 0x00, 0x00, 0x44, 0xFF,
    0x2C, 0x00, 0x00, 0x00, 0x00, 0x00, 0x00, 0x00, 0x12, 0xEA, 0x9C, 0x0F, 0x36, 0xE9, 0x74, 0x44,
    0xFF, 0x2C, 0x00, 0x00, 0x00, 0x00, 0x44, 0xFF, 0x2C, 0x00, 0x8D, 0xFD, 0x3B, 0x00, 0x00, 0xA8,
    0xC8, 0x00, 0x00, 0x00, 0x00, 0x00, 0x00, 0x00, 0x00, 0x00, 0x00, 0x00, 0xA8, 0xC8, 0x00, 0x00,
    0xCD, 0xAD, 0x00, 0x00, 0x00, 0x8C, 0xF0, 0x57, 0xFF, 0x20, 0x3C, 0xFF, 0xFF, 0xFF, 0xFF, 0xD0,
    0x07, 0x9A, 0xEA, 0xFA, 0xDA, 0x58, 0x00, 0x00, 0x2E, 0xBD, 0xF2, 0xE7, 0x88, 0x02, 0xCD, 0xAD,
    0x00, 0x00, 0x00, 0x8C, 0xF0, 0x44, 0xFF, 0xFF, 0xFF, 0xFF, 0xD0, 0x44, 0xFF, 0xFF, 0xFF, 0xFF,
    0xFF, 0x2C, 0x00, 0x00, 0x00, 0x00, 0x2E, 0xBD, 0xF2, 0xE7, 0x88, 0x02, 0x44, 0xFF, 0xFF, 0xFF,
    0xFF, 0xFF, 0x2C, 0x44, 0xFF, 0x2C, 0x00, 0x09, 0xDA, 0xD4, 0x05, 0x00, 0xA8, 0xC8, 0x00, 0x00,
    0x48, 0xFF, 0x18, 0x00, 0x00, 0x00, 0x00, 0x00, 0x00, 0x00, 0x00, 0x00, 0x00, 0x00, 0x00, 0x00,
    0x00, 0x00, 0x00, 0x00, 0x00, 0x00, 0x00, 0x00, 0x00, 0x00, 0x00, 0x00, 0x00, 0x00, 0x00, 0x00,
    0x00, 0x00, 0x00, 0x00, 0x00, 0x00, 0x00, 0x00, 0x00, 0x00, 0x00, 0x00, 0x00, 0x00, 0x00, 0x00,
    0x00, 0x00, 0x00, 0x00, 0x00, 0x00, 0x00, 0x00, 0x00, 0x00, 0x00, 0x00, 0x00, 0x00, 0x00, 0x00,
    0x00, 0x00, 0x00, 0x00, 0x00, 0x00, 0x00, 0x00, 0x00, 0x00, 0x00, 0x00, 0x00, 0x00, 0x00, 0x00,
    0x00, 0x00, 0x00, 0x00, 0x00, 0x00, 0x00, 0x00, 0x00, 0x00, 0x00, 0x00, 0x00, 0x00, 0x00, 0x00,
    0x00, 0x00, 0x00, 0x00, 0x00, 0x00, 0x00, 0x00, 0x00, 0x00, 0x00, 0x00, 0x00, 0x00, 0x00, 0x00,
    0x00, 0x00, 0x00, 0x00, 0x00, 0x00, 0x00, 0x00, 0x00, 0x00, 0x00, 0x00, 0x00, 0x00, 0x00, 0x00,
    0x00, 0x00, 0x00, 0x00, 0x00, 0x00, 0x00, 0x00, 0x00, 0x00, 0x00, 0x00, 0x00, 0x00, 0x00, 0x00,
    0x00, 0x00, 0x00, 0x00, 0x00, 0x00, 0x00, 0x00, 0x00, 0x00, 0x00, 0x00, 0x00, 0x00, 0x00, 0x00,
    0x00, 0x00, 0x00, 0x00, 0x00, 0x00, 0x00, 0x00, 0x00, 0x00, 0x00, 0x00, 0x00, 0x00, 0x00, 0x00,
    0x00, 0x00, 0x00, 0x00, 0x00, 0x00, 0x00, 0x00, 0x00, 0x00, 0x00, 0x00, 0x00, 0x00, 0x00,
};

const lv_image_dsc_t todo_text_t1_en = {
    .header.magic = LV_IMAGE_HEADER_MAGIC,
    .header.cf = LV_COLOR_FORMAT_A8,
    .header.flags = 0,
    .header.w = 93,
    .header.h = 11,
    .header.stride = 93,
    .data_size = 1023,
    .data = todo_text_t1_en_data,
};

static const uint8_t todo_text_t1_zh_data[] = {
    0x00, 0x00, 0x00, 0x00, 0x00, 0x00, 0x00, 0x00, 0x00, 0x00, 0x00, 0x00, 0x00, 0x00, 0x00, 0x00,
    0x00, 0x00, 0x00, 0x00, 0x00, 0x00, 0x00, 0x00, 0x00, 0x00, 0x00, 0x00, 0x00, 0x00, 0x00, 0x00,
    0x00, 0x00, 0x00, 0x00, 0x00, 0x00, 0x00, 0x00, 0x00, 0x00, 0x00, 0x00, 0x00, 0x00, 0x00, 0x00,
    0x00, 0x00, 0x00, 0x00, 0x00, 0x00, 0x00, 0x00, 0x00, 0x00, 0x00, 0x00, 0x00, 0x00, 0x00, 0x00,
    0x00, 0x00, 0x00, 0x00, 0x00, 0x00, 0x00, 0x00, 0x00, 0x00, 0x00, 0x00, 0x00, 0x00, 0x00, 0x00,
    0x00, 0x00, 0x00, 0x00, 0x00, 0x00, 0x00, 0x00, 0x00, 0x00, 0x00, 0x00, 0x00, 0x00, 0x00, 0x00,
    0x00, 0x00, 0x00, 0x00, 0x00, 0x00, 0x00, 0x00, 0x00, 0x00, 0x00, 0x00, 0x00, 0x00, 0x00, 0x00,
    0x00, 0x00, 0x00, 0x00, 0x00, 0x00, 0x00, 0x00, 0x00, 0x00, 0x00, 0x00, 0x00, 0x00, 0x00, 0x00,
    0x00, 0x00, 0x00, 0x00, 0x00, 0x00, 0x00, 0x00, 0x00, 0x00, 0x00, 0x00, 0x00, 0x00, 0x00, 0x00,
    0x00, 0x00, 0x00, 0x00, 0x00, 0x00, 0x00, 0x00, 0x00, 0x00, 0x00, 0x00, 0x00, 0x00, 0x00, 0x00,
    0x00, 0x00, 0x00, 0x00, 0x00, 0x00, 0x00, 0x00, 0x00, 0x00, 0x00, 0x00, 0x00, 0x00, 0x00, 0x00,
    0x00, 0x00, 0x00, 0x00, 0x00, 0x00, 0x00, 0x00, 0x00, 0x00, 0x00, 0x00, 0x00, 0x00, 0x00, 0x00,
    0x00, 0x00, 0x00, 0x00, 0x00, 0x00, 0x00, 0x00, 0x00, 0x00, 0x00, 0x00, 0x00, 0x00, 0x00, 0x00,
    0x00, 0x00, 0x00, 0x00, 0x00, 0x00, 0x00, 0x00, 0x00, 0x00, 0x00, 0x00, 0x00, 0x00, 0x00, 0x00,
    0x00, 0x00, 0x00, 0x00, 0x00, 0x00, 0x00, 0x00, 0x00, 0x00, 0x00, 0x00, 0x00, 0x00, 0x00, 0x00,
    0x00, 0x00, 0x00, 0x00, 0x00, 0x00, 0x00, 0x00, 0x00, 0x00, 0x00, 0x00, 0x00, 0x00, 0x00, 0x00,
    0x00, 0x00, 0x00, 0x00, 0x00, 0x00, 0x00, 0x00, 0x00, 0x00, 0x00, 0x00, 0x00, 0x00, 0x00, 0x00,
    0x00, 0x00, 0x00, 0x00, 0x00, 0x00, 0x00, 0x00, 0x00, 0x00, 0x00, 0x00, 0x00, 0x00, 0x00, 0x00,
    0x00, 0x00, 0x00, 0x00, 0x00, 0x00, 0x00, 0x00, 0x00, 0x00, 0x00, 0x00, 0x00, 0x00, 0x00, 0x00,
    0x00, 0x00, 0x00, 0x00, 0x00, 0x00, 0x00, 0x00, 0x00, 0x00, 0x00, 0x00, 0x00, 0x00, 0x00, 0x00,
    0x00, 0x00, 0x00, 0x00, 0x00, 0x00, 0x00, 0x00, 0x00, 0x00, 0x00, 0x00, 0x00, 0x00, 0x00, 0x00,
    0x00, 0x00, 0x00, 0x00, 0x00, 0x00, 0x00, 0x00, 0x00, 0x00, 0x00, 0x00, 0x00, 0x00, 0x00, 0x00,
    0x00, 0x00, 0x00, 0x00, 0x00, 0x00, 0x00, 0x00, 0x00, 0x00, 0x00, 0x00, 0x00, 0x00, 0x00, 0x00,
    0x00, 0x00, 0x00, 0x00, 0x00, 0x00, 0x00, 0x15, 0x11, 0x00, 0x00, 0x00, 0x00, 0x00, 0x00, 0x00,
    0x27, 0x24, 0x00, 0x00, 0x00, 0x00, 0x24, 0x0E, 0x00, 0x00, 0x00, 0x00, 0x00, 0x00, 0x00, 0x00,
    0x00, 0x00, 0x00, 0x00, 0x00, 0x00, 0x00, 0x00, 0x00, 0x00, 0x00, 0x00, 0x00, 0x00, 0x00, 0x00,
    0x00, 0x00, 0x00, 0x00, 0x00, 0x00, 0x00, 0x00, 0x00, 0x00, 0x00, 0x00, 0x00, 0x00, 0x00, 0x00,
    0x00, 0x00, 0x00, 0x00, 0x00, 0x00, 0x00, 0x00, 0x00, 0x00, 0x00, 0x00, 0x00, 0x00, 0x00, 0x00,
    0x00, 0x00, 0x00, 0x00, 0x00, 0x00, 0x00, 0x00, 0x00, 0x00, 0x00, 0x00, 0x00, 0x00, 0x00, 0x00,
    0x00, 0x00, 0x00, 0x00, 0x00, 0x00, 0x00, 0x00, 0x00, 0x00, 0x00, 0x00, 0x00, 0x00, 0x00, 0x00,
    0x00, 0x00, 0x00, 0x00, 0x00, 0x00, 0x00, 0x00, 0x0D, 0x1B, 0x00, 0x00, 0x04, 0x20, 0x06, 0x00,
    0x00, 0x00, 0x00, 0x00, 0x00, 0x00, 0x00, 0x00, 0x00, 0x1A, 0x25, 0x00, 0x00, 0x00, 0x00, 0x00,
    0x00, 0x00, 0x00, 0x00, 0x03, 0x00, 0x00, 0x00, 0x00, 0x00, 0x00, 0x00, 0x00, 0x00, 0x00, 0x00,
    0x00, 0x00, 0x00, 0x00, 0x00, 0x00, 0x00, 0x30, 0x0F, 0x00, 0x00, 0x09, 0x00, 0x00, 0x00, 0x00,
    0x00, 0x00, 0x00, 0x00, 0x00, 0x00, 0x5A, 0xBF, 0x0F, 0x00, 0x00, 0x00, 0x00, 0xA3, 0x84, 0x00,
    0x00, 0x00, 0x00, 0x00, 0x00, 0x00, 0xBD, 0xC0, 0x14, 0x17, 0x14, 0x00, 0xCC, 0x96, 0x00, 0x00,
    0x00, 0x00, 0x00, 0x00, 0x00, 0x00, 0x00, 0x00, 0x00, 0x00, 0x00, 0x00, 0x00, 0x00, 0x00, 0x00,
    0x00, 0x00, 0x00, 0x00, 0x00, 0x00, 0x00, 0x00, 0x00, 0x00, 0x00, 0x00, 0x00, 0x00, 0x00, 0x00,
    0x00, 0x00, 0x00, 0x00, 0x00, 0x00, 0x00, 0x00, 0x00, 0x00, 0x00, 0x00, 0x00, 0x00, 0x00, 0x00,
    0x00, 0x00, 0x00, 0x00, 0x00, 0x00, 0x00, 0x00, 0x00, 0x00, 0x00, 0x00, 0x00, 0x00, 0x00, 0x00,
    0x00, 0x00, 0x00, 0x00, 0x00, 0x00, 0x00, 0x00, 0x00, 0x00, 0x00, 0x00, 0x00, 0x00, 0x00, 0x00,
    0x00, 0x00, 0x00, 0x00, 0x00, 0x00, 0x00, 0x00, 0x00, 0x00, 0x00, 0x00, 0x00, 0x00, 0x65, 0xD3,
    0x00, 0x00, 0x1F, 0xFF, 0x2B, 0x00, 0x00, 0x00, 0x00, 0x00, 0x00, 0x00, 0x00, 0x00, 0x00, 0x87,
    0xC2, 0x00, 0x00, 0x00, 0x00, 0x00, 0x00, 0x00, 0x00, 0x04, 0xCC, 0x48, 0x00, 0x00, 0x00, 0x00,
    0x00, 0x00, 0x00, 0x00, 0x00, 0x00, 0x00, 0x00, 0x00, 0x00, 0x00, 0x00, 0x00, 0xFE, 0x43, 0x00,
    0x00, 0xBB, 0x98, 0x02, 0x00, 0x00, 0x00, 0x00, 0x00, 0x00, 0x00, 0x00, 0xC4, 0x90, 0x00, 0x00,
    0x85, 0xAF, 0xAC, 0xDC, 0xD5, 0xAC, 0xAE, 0xB4, 0x00, 0x00, 0x00, 0x5E, 0xFB, 0xF6, 0xF7, 0xF4,
    0x9C, 0x53, 0xFF, 0xEE, 0xE8, 0xE8, 0xEE, 0x0F, 0x00, 0x00, 0x00, 0x00, 0x00, 0x00, 0x00, 0x00,
    0x1C, 0x50, 0x50, 0x50, 0x50, 0x50, 0x37, 0x00, 0x00, 0x00, 0x00, 0x00, 0x00, 0x00, 0x00, 0x00,
    0x00, 0x00, 0x00, 0x3D, 0x0E, 0x00, 0x00, 0x00, 0x00, 0x00, 0x00, 0x47, 0x16, 0x00, 0x00, 0x00,
    0x00, 0x00, 0x00, 0x00, 0x00, 0x00, 0x00, 0x00, 0x00, 0x00, 0x00, 0x00, 0x00, 0x00, 0x00, 0x00,
    0x00, 0x00, 0x00, 0x00, 0x00, 0x00, 0x00, 0x00, 0x00, 0x00, 0x00, 0x47, 0x16, 0x00, 0x00, 0x00,
    0x00, 0x00, 0x00, 0x00, 0x00, 0x00, 0x00, 0x00, 0x00, 0x00, 0x00, 0x00, 0x00, 0x00, 0x00, 0x00,
    0x0D, 0x49, 0x41, 0x40, 0x89, 0xD9, 0x40, 0x40, 0x53, 0xFF, 0x5B, 0x40, 0x43, 0x4B, 0x04, 0x00,
    0x00, 0x00, 0x00, 0x00, 0x00, 0x80, 0xCD, 0x40, 0x40, 0x40, 0x41, 0x48, 0x20, 0x00, 0x00, 0x00,
    0x73, 0xF1, 0x2A, 0x40, 0xFE, 0xF9, 0xF4, 0xF4, 0xF4, 0xF4, 0xF7, 0xFE, 0x30, 0x00, 0x00, 0x00,
    0x00, 0x00, 0x00, 0xFA, 0x38, 0x00, 0x00, 0x23, 0xDD, 0xA6, 0x02, 0x00, 0x00, 0x00, 0x00, 0x00,
    0x00, 0x29, 0xF6, 0x17, 0x3D, 0x0F, 0x30, 0x3C, 0x38, 0xA8, 0x98, 0x38, 0x3A, 0x41, 0x00, 0x00,
    0x57, 0xF7, 0x54, 0x64, 0xBF, 0x00, 0x31, 0xEF, 0x5E, 0x14, 0xF4, 0x1F, 0x13, 0x01, 0x00, 0x00,
    0x00, 0x00, 0x00, 0x00, 0x00, 0x00, 0x49, 0xCC, 0xCC, 0xFF, 0xDD, 0xCC, 0x8C, 0x00, 0x00, 0x00,
    0x00, 0x00, 0x00, 0x00, 0x00, 0x00, 0x00, 0x00, 0x00, 0xF4, 0x38, 0x00, 0x00, 0x00, 0x00, 0x00,
    0x00, 0xE4, 0x48, 0x00, 0x00, 0x00, 0x00, 0x00, 0x00, 0x00, 0x00, 0x00, 0x00, 0x00, 0x00, 0x00,
    0x00, 0x00, 0x00, 0x00, 0x00, 0x00, 0x00, 0x00, 0x00, 0x00, 0x00, 0x00, 0x00, 0x00, 0x00, 0x00,
    0x00, 0xE4, 0x48, 0x00, 0x00, 0x00, 0x00, 0x00, 0x00, 0x00, 0x00, 0x00, 0x00, 0x00, 0x00, 0x00,
    0x00, 0x00, 0x00, 0x00, 0x00, 0x00, 0x25, 0xD0, 0xBF, 0xBC, 0xD5, 0xF2, 0xBC, 0xBC, 0xC2, 0xFF,
    0xC5, 0xBC, 0xBF, 0xC8, 0x0C, 0x00, 0x00, 0x00, 0x00, 0x00, 0x00, 0x80, 0xED, 0xBC, 0xBC, 0xBC,
    0xBD, 0xC5, 0x55, 0x00, 0x00, 0x00, 0x00, 0x8D, 0x1D, 0x05, 0x14, 0x0E, 0x08, 0xA3, 0x8F, 0x08,
    0x0B, 0x13, 0x04, 0x00, 0x00, 0x26, 0x26, 0x24, 0x24, 0xF9, 0x51, 0x24, 0x24, 0x24, 0x33, 0xDD,
    0x40, 0x00, 0x00, 0x00, 0x00, 0x00, 0x00, 0xA9, 0x93, 0x05, 0xEC, 0x56, 0x77, 0x94, 0x90, 0xCF,
    0xC6, 0x90, 0x90, 0x73, 0x00, 0x0A, 0xBC, 0x6A, 0x00, 0x1F, 0x64, 0x39, 0x9C, 0x61, 0x00, 0x00,
    0x96, 0x2B, 0x00, 0x00, 0x00, 0x00, 0x00, 0x00, 0x00, 0x00, 0x00, 0x00, 0x00, 0x00, 0x04, 0xFF,
    0x58, 0x00, 0x00, 0x00, 0x00, 0x00, 0x00, 0x00, 0x00, 0x00, 0x00, 0x00, 0x00, 0x00, 0x00, 0x40,
    0x0E, 0x00, 0x00, 0x00, 0x00, 0x00, 0x00, 0xE4, 0x48, 0x00, 0x00, 0x00, 0x00, 0x00, 0x00, 0x00,
    0x00, 0x00, 0x00, 0x00, 0x00, 0x00, 0x00, 0x00, 0x00, 0x00, 0x00, 0x00, 0x00, 0x00, 0x00, 0x00,
    0x00, 0x00, 0x00, 0x00, 0x00, 0x00, 0x00, 0xE4, 0x48, 0x00, 0x00, 0x00, 0x00, 0x00, 0x00, 0x00,
    0x00, 0x00, 0x00, 0x00, 0x00, 0x00, 0x00, 0x00, 0x00, 0x00, 0x00, 0x00, 0x00, 0x00, 0x00, 0x00,
    0x65, 0xCF, 0x00, 0x00, 0x1F, 0xFF, 0x2A, 0x00, 0x00, 0x00, 0x00, 0x00, 0x00, 0x00, 0x00, 0x00,
    0x00, 0x80, 0xBC, 0x00, 0x00, 0x00, 0x00, 0x00, 0x00, 0x00, 0x00, 0x00, 0x00, 0x00, 0x00, 0x00,
    0x00, 0x00, 0x00, 0xA0, 0x8C, 0x00, 0x00, 0x00, 0x00, 0x00, 0x00, 0xBD, 0xDD, 0xDC, 0xDC, 0xFE,
    0xE3, 0xDC, 0xDC, 0xF4, 0x91, 0x09, 0x00, 0x00, 0x00, 0x00, 0x00, 0x00, 0x4F, 0xFF, 0x81, 0x89,
    0xBF, 0x00, 0x49, 0x6D, 0x54, 0x58, 0x57, 0x54, 0xBA, 0x8C, 0x00, 0x00, 0x00, 0x00, 0x00, 0x00,
    0x27, 0xE5, 0xD9, 0xB5, 0x12, 0x00, 0x00, 0x00, 0x00, 0x00, 0x00, 0x00, 0x00, 0x00, 0x00, 0x00,
    0x00, 0x00, 0x00, 0x00, 0x04, 0xFF, 0x58, 0x00, 0x00, 0x00, 0x00, 0x00, 0x00, 0x00, 0x00, 0x00,
    0x00, 0x00, 0x00, 0x00, 0x00, 0x00, 0x00, 0x00, 0x00, 0x00, 0x00, 0x00, 0x00, 0xE4, 0x48, 0x00,
    0x00, 0x00, 0x00, 0x00, 0x00, 0x00, 0x00, 0x00, 0x00, 0x00, 0x00, 0x00, 0x00, 0x00, 0x00, 0x00,
    0x00, 0x00, 0x00, 0x00, 0x00, 0x00, 0x00, 0x00, 0x00, 0x00, 0x00, 0x00, 0x00, 0xE4, 0x48, 0x00,
    0x00, 0x00, 0x00, 0x00, 0x00, 0x00, 0x00, 0x00, 0x00, 0x00, 0x00, 0x00, 0x00, 0x00, 0x00, 0x00,
    0x00, 0x00, 0x00, 0x00, 0x00, 0x00, 0x3B, 0x79, 0x00, 0x00, 0x15, 0x90, 0x1B, 0x00, 0x00, 0x00,
    0x00, 0x00, 0x00, 0x23, 0x90, 0x90, 0x90, 0xC8, 0xE2, 0x90, 0x90, 0x90, 0x90, 0x22, 0x00, 0x00,
    0x3A, 0x76, 0x70, 0x61, 0x00, 0x00, 0x00, 0x00, 0x00, 0xA0, 0x8C, 0x00, 0x00, 0x00, 0x00, 0x00,
    0x00, 0x00, 0x00, 0x00, 0x00, 0xF8, 0x34, 0x00, 0x00, 0xBD, 0x76, 0x00, 0x00, 0x00, 0x00, 0x00,
    0x00, 0x00, 0x2D, 0xA6, 0x86, 0xF8, 0x34, 0x00, 0x04, 0xD7, 0x97, 0x41, 0xF7, 0x04, 0xC3, 0x3A,
    0x00, 0x00, 0x00, 0x00, 0x00, 0x57, 0xEF, 0x92, 0x03, 0x92, 0xE4, 0x67, 0x05, 0x00, 0x00, 0x00,
    0x00, 0x00, 0x00, 0x00, 0x00, 0x00, 0x00, 0x00, 0x00, 0x00, 0x04, 0xFF, 0x58, 0x00, 0x00, 0x00,
    0x00, 0x2C, 0xBC, 0xEE, 0xDA, 0x63, 0x00, 0x00, 0x00, 0x00, 0x00, 0xD1, 0x30, 0x00, 0x00, 0x00,
    0x00, 0x00, 0x00, 0xE4, 0x48, 0x00, 0x00, 0x00, 0x00, 0x2C, 0xBD, 0xED, 0xDD, 0x6D, 0x00, 0x00,
    0x00, 0x20, 0xAF, 0xEA, 0xD8, 0x67, 0x00, 0x00, 0x00, 0x2C, 0xBC, 0xEE, 0xDA, 0x63, 0x00, 0x00,
    0x00, 0x00, 0x00, 0xE4, 0x48, 0x00, 0x00, 0x00, 0x00, 0x1D, 0xAB, 0xE8, 0xD8, 0x61, 0x00, 0x00,
    0x00, 0x00, 0x00, 0x00, 0x00, 0x00, 0x00, 0x00, 0x00, 0xA4, 0xE4, 0xDE, 0xDC, 0xDC, 0xDC, 0xDC,
    0xDC, 0xDC, 0xDC, 0xDC, 0xDC, 0x22, 0x00, 0x00, 0x00, 0x39, 0xFF, 0x76, 0x70, 0x70, 0x70, 0x70,
    0x70, 0x70, 0xFD, 0x39, 0x00, 0x00, 0x48, 0x93, 0xAE, 0xD9, 0x00, 0x00, 0x7D, 0x9A, 0x00, 0xA0,
    0x9E, 0x28, 0x2C, 0x2B, 0x00, 0x00, 0x00, 0x00, 0x00, 0x00, 0x00, 0xF8, 0x34, 0x00, 0x00, 0xD1,
    0x5E, 0x00, 0x00, 0x00, 0x00, 0x00, 0x00, 0x00, 0x00, 0x00, 0x7B, 0xA4, 0x00, 0x00, 0x52, 0x2B,
    0xAD, 0x57, 0xE1, 0x00, 0x00, 0x00, 0x00, 0x00, 0x0F, 0x5D, 0xC8, 0xF2, 0x62, 0x00, 0x00, 0x00,
    0x4F, 0xDC, 0xE8, 0x98, 0x5A, 0x1E, 0x00, 0x00, 0x00, 0x00, 0x00, 0x00, 0x00, 0x00, 0x00, 0x00,
    0x04, 0xFF, 0x58, 0x00, 0x00, 0x00, 0x00, 0xDB, 0x9F, 0x1C, 0x48, 0xFA, 0x1E, 0x00, 0x00, 0x00,
    0x00, 0xF4, 0x38, 0x00, 0x00, 0x00, 0x00, 0x00, 0x00, 0xE4, 0x48, 0x00, 0x00, 0x00, 0x00, 0xCA,
    0x92, 0x0D, 0x37, 0xEE, 0x25, 0x00, 0x0A, 0xDC, 0x9D, 0x22, 0x49, 0xF8, 0x44, 0x00, 0x00, 0xDB,
    0x9F, 0x1C, 0x48, 0xFA, 0x1E, 0x00, 0x00, 0x00, 0x00, 0xE4, 0x48, 0x00, 0x00, 0x00, 0x06, 0xD5,
    0x8B, 0x0F, 0x41, 0xF8, 0x40, 0x00, 0x00, 0x00, 0x00, 0x00, 0x00, 0x00, 0x00, 0x00, 0x00, 0x22,
    0x29, 0x26, 0x24, 0x68, 0xE1, 0x24, 0x24, 0x24, 0x24, 0x4A, 0xFF, 0x19, 0x00, 0x00, 0x00, 0x32,
    0xFF, 0x0C, 0x00, 0x00, 0x00, 0x00, 0x00, 0x00, 0xFC, 0x32, 0x00, 0x00, 0x00, 0x00, 0x4C, 0xD2,
    0x00, 0x00, 0x82, 0xA1, 0x00, 0xA0, 0xED, 0xD8, 0xDD, 0xBD, 0x00, 0x00, 0x31, 0x2D, 0x28, 0x28,
    0x28, 0xF9, 0x53, 0x28, 0x28, 0xE8, 0x66, 0x28, 0x13, 0x00, 0x00, 0x00, 0x00, 0x00, 0x00, 0x40,
    0xED, 0x23, 0x23, 0x07, 0x97, 0xDC, 0x26, 0x3E, 0xD3, 0x00, 0x00, 0x00, 0x00, 0x1C, 0xF0, 0xEE,
    0x88, 0xB8, 0xF4, 0xED, 0xEC, 0xEC, 0xF1, 0xD7, 0x59, 0xB1, 0xF6, 0x22, 0x00, 0x00, 0x00, 0x00,
    0x00, 0x00, 0x00, 0x00, 0x00, 0x00, 0x04, 0xFF, 0x58, 0x00, 0x00, 0x00, 0x01, 0x14, 0x09, 0x32,
    0x6E, 0xFB, 0x42, 0x00, 0x00, 0x00, 0x00, 0xF4, 0x38, 0x00, 0x00, 0x00, 0x00, 0x00, 0x00, 0xE4,
    0x48, 0x00, 0x00, 0x00, 0x00, 0xBC, 0xAD, 0x2D, 0x03, 0x00, 0x00, 0x00, 0x51, 0xF1, 0x06, 0x00,
    0x00, 0x41, 0x25, 0x00, 0x01, 0x14, 0x09, 0x32, 0x6E, 0xFB, 0x42, 0x00, 0x00, 0x00, 0x00, 0xE4,
    0x48, 0x00, 0x00, 0x00, 0x42, 0xFE, 0x8A, 0x84, 0x84, 0xE5, 0x8B, 0x00, 0x00, 0x00, 0x00, 0x00,
    0x00, 0x00, 0x00, 0x00, 0x00, 0x00, 0x00, 0x00, 0x00, 0x50, 0xDC, 0x00, 0x00, 0x00, 0x00, 0x36,
    0xFF, 0x09, 0x00, 0x00, 0x00, 0x34, 0xFF, 0x0C, 0x00, 0x00, 0x00, 0x00, 0x00, 0x00, 0xFC, 0x33,
    0x00, 0x00, 0x00, 0x00, 0x4C, 0xD0, 0x00, 0x00, 0x80, 0xA0, 0x00, 0xA0, 0x8C, 0x00, 0x00, 0x00,
    0x00, 0x00, 0xEE, 0xF7, 0xF4, 0xF4, 0xF4, 0xFF, 0xF6, 0xF4, 0xF4, 0xF4, 0xF4, 0xFD, 0x6D, 0x00,
    0x00, 0x00, 0x00, 0x00, 0x01, 0xE6, 0xFC, 0xEF, 0xD5, 0x0A, 0x08, 0x73, 0x13, 0x4D, 0xC2, 0x00,
    0x00, 0x07, 0x01, 0x00, 0x2E, 0x07, 0x00, 0x14, 0x1A, 0x2F, 0x39, 0x14, 0x19, 0x5A, 0x16, 0x00,
    0x07, 0x00, 0x00, 0x00, 0x00, 0x00, 0x00, 0x00, 0x00, 0x00, 0x00, 0x00, 0x04, 0xFF, 0x58, 0x00,
    0x00, 0x00, 0x00, 0x89, 0xE8, 0xC1, 0x8A, 0xF1, 0x44, 0x00, 0x00, 0x00, 0x00, 0xF4, 0x38, 0x00,
    0x00, 0x00, 0x00, 0x00, 0x00, 0xE4, 0x48, 0x00, 0x00, 0x00, 0x00, 0x1D, 0x98, 0xD7, 0xF1, 0x9A,
    0x06, 0x00, 0x6D, 0xD8, 0x00, 0x00, 0x00, 0x00, 0x00, 0x00, 0x00, 0x89, 0xE8, 0xC1, 0x8A, 0xF1,
    0x44, 0x00, 0x00, 0x00, 0x00, 0xE4, 0x48, 0x00, 0x00, 0x00, 0x5D, 0xF2, 0x6C, 0x6C, 0x6C, 0x6C,
    0x42, 0x00, 0x00, 0x00, 0x00, 0x00, 0x00, 0x00, 0x00, 0x00, 0x00, 0x00, 0x00, 0x00, 0x00, 0x50,
    0xDC, 0x00, 0x00, 0x00, 0x00, 0x40, 0xFB, 0x00, 0x00, 0x00, 0x00, 0x3B, 0xFF, 0xC3, 0xC0, 0xC0,
    0xC0, 0xC0, 0xC0, 0xC0, 0xFF, 0x3A, 0x00, 0x00, 0x00, 0x00, 0x4C, 0xD0, 0x02, 0x00, 0x80, 0xA0,
    0x00, 0xA0, 0x8C, 0x00, 0x00, 0x00, 0x00, 0x00, 0x00, 0x00, 0x00, 0x00, 0x00, 0xF8, 0x34, 0x00,
    0x00, 0x00, 0x00, 0xDB, 0x57, 0x00, 0x00, 0x00, 0x00, 0x00, 0x00, 0x33, 0x22, 0x00, 0x00, 0x00,
    0xE9, 0xE9, 0xE0, 0xF2, 0xF3, 0xE0, 0xE5, 0xEC, 0x1E, 0x00, 0x00, 0x00, 0x62, 0x7F, 0x00, 0x6D,
    0xAE, 0x00, 0x05, 0xED, 0x6B, 0x00, 0x00, 0x00, 0x00, 0x00, 0x00, 0x00, 0x00, 0x00, 0x00, 0x00,
    0x00, 0x00, 0x04, 0xFF, 0x58, 0x00, 0x00, 0x00, 0x41, 0xFB, 0x19, 0x00, 0x0A, 0xF1, 0x44, 0x00,
    0x00, 0x00, 0x00, 0xF4, 0x38, 0x00, 0x00, 0x00, 0x00, 0x00, 0x00, 0xE4, 0x48, 0x00, 0x00, 0x00,
    0x02, 0x57, 0x0C, 0x00, 0x1F, 0xE9, 0x5D, 0x00, 0x48, 0xF6, 0x0E, 0x00, 0x00, 0xA5, 0x8E, 0x00,
    0x41, 0xFB, 0x19, 0x00, 0x0A, 0xF1, 0x44, 0x00, 0x00, 0x00, 0x00, 0xE4, 0x48, 0x00, 0x00, 0x00,
    0x3A, 0xFC, 0x11, 0x00, 0x00, 0x5C, 0x4F, 0x00, 0x00, 0x00, 0x00, 0x00, 0x00, 0x00, 0x00, 0x00,
    0x00, 0x00, 0x00, 0x00, 0x00, 0x50, 0xDC, 0x00, 0x00, 0x00, 0x00, 0x6C, 0xE8, 0x00, 0x00, 0x00,
    0x00, 0x1D, 0x40, 0x40, 0x40, 0x40, 0x40, 0x40, 0x40, 0x40, 0x40, 0x0F, 0x00, 0x00, 0x00, 0x00,
    0x4C, 0xD1, 0xAD, 0x24, 0x80, 0xA0, 0x00, 0xA0, 0x8C, 0x00, 0x00, 0x00, 0x00, 0x00, 0x00, 0x00,
    0x00, 0x00, 0x00, 0xF8, 0x34, 0x00, 0x00, 0x00, 0x00, 0xF0, 0x3E, 0x00, 0x00, 0x00, 0x00, 0x00,
    0x00, 0x11, 0x2C, 0x4E, 0x75, 0x25, 0x00, 0x00, 0x20, 0xE9, 0x43, 0x33, 0x00, 0x00, 0x00, 0x00,
    0x00, 0x00, 0x22, 0xED, 0x0C, 0x23, 0xEE, 0x02, 0x4B, 0xE3, 0x04, 0x00, 0x00, 0x00, 0x00, 0x00,
    0x00, 0x00, 0x00, 0x00, 0x00, 0x00, 0x00, 0x00, 0x04, 0xFF, 0x58, 0x00, 0x00, 0x00, 0x3E, 0xFE,
    0x63, 0x52, 0xC5, 0xFE, 0x49, 0x00, 0x00, 0x00, 0x00, 0xF4, 0x38, 0x00, 0x00, 0x00, 0x00, 0x00,
    0x00, 0xE4, 0x48, 0x00, 0x00, 0x00, 0x00, 0xD5, 0x96, 0x3C, 0x4F, 0xF2, 0x4A, 0x00, 0x03, 0xCA,
    0xBA, 0x49, 0x6F, 0xF8, 0x3D, 0x00, 0x3E, 0xFE, 0x63, 0x52, 0xC5, 0xFE, 0x49, 0x00, 0x00, 0x00,
    0x00, 0xE4, 0x48, 0x00, 0x00, 0x00, 0x01, 0xC1, 0xBB, 0x4A, 0x66, 0xF5, 0x48, 0x00, 0x00, 0x00,
    0x00, 0x00, 0x00, 0x00, 0x00, 0x00, 0x00, 0x00, 0x00, 0x00, 0x00, 0x50, 0xDC, 0x00, 0x00, 0x72,
    0xED, 0xFF, 0x91, 0x00, 0x00, 0x00, 0x0E, 0xF3, 0x4C, 0x20, 0x95, 0x00, 0x00, 0xA2, 0x39, 0x00,
    0x3A, 0xB5, 0x02, 0x00, 0x00, 0x00, 0x4C, 0xFE, 0xEF, 0x26, 0x80, 0xA0, 0x00, 0xA0, 0x8C, 0x00,
    0x00, 0x00, 0x00, 0x00, 0x00, 0x00, 0x00, 0x00, 0x00, 0xF8, 0x34, 0x00, 0x01, 0x0D, 0x39, 0xFF,
    0x1F, 0x00, 0x00, 0x00, 0x00, 0x00, 0x1F, 0xFE, 0xF2, 0xB8, 0x8B, 0x1C, 0x15, 0x63, 0xE6, 0x89,
    0x28, 0xED, 0xB5, 0x2E, 0x00, 0x00, 0x00, 0x00, 0x00, 0x7E, 0x1D, 0x00, 0x6B, 0x08, 0xB3, 0x7F,
    0x00, 0x00, 0x00, 0x00, 0x00, 0x00, 0x00, 0x00, 0x00, 0x00, 0x00, 0x00, 0x00, 0x00, 0x02, 0xB4,
    0x3D, 0x00, 0x00, 0x00, 0x00, 0x70, 0xC6, 0xB5, 0x4E, 0x93, 0x5D, 0x00, 0x00, 0x00, 0x00, 0xAB,
    0x27, 0x00, 0x00, 0x00, 0x00, 0x00, 0x00, 0xA0, 0x32, 0x00, 0x00, 0x00, 0x00, 0x21, 0x9B, 0xC8,
    0xC0, 0x67, 0x00, 0x00, 0x00, 0x0E, 0x8B, 0xC6, 0xB1, 0x42, 0x00, 0x00, 0x00, 0x70, 0xC6, 0xB5,
    0x4E, 0x93, 0x5D, 0x00, 0x00, 0x00, 0x00, 0xA0, 0x32, 0x00, 0x00, 0x00, 0x00, 0x0C, 0x87, 0xC4,
    0xB7, 0x4C, 0x00, 0x00, 0x00, 0x00, 0x00, 0x00, 0x00, 0x00, 0x00, 0x00, 0x00, 0x00, 0x00, 0x00,
    0x00, 0x54, 0xDD, 0x00, 0x00, 0x1F, 0x6F, 0x36, 0x00, 0x00, 0x00, 0x00, 0x71, 0xE3, 0x06, 0x12,
    0xF7, 0x41, 0x00, 0x96, 0xC8, 0x00, 0x13, 0xEC, 0x6C, 0x00, 0x00, 0x00, 0x80, 0xFC, 0x60, 0x54,
    0xA7, 0xBC, 0x4C, 0xBC, 0xAE, 0x4C, 0x4D, 0x52, 0x29, 0x00, 0x00, 0x00, 0x00, 0x00, 0x02, 0xFD,
    0x36, 0x00, 0x00, 0xD0, 0xFF, 0xB8, 0x01, 0x00, 0x00, 0x00, 0x00, 0x00, 0x00, 0x2D, 0x03, 0x00,
    0x00, 0x87, 0xFF, 0xCA, 0x4D, 0x00, 0x00, 0x12, 0x9A, 0xF7, 0x1E, 0x00, 0x6F, 0xC9, 0xC4, 0xC4,
    0xC4, 0xC4, 0xC4, 0xC4, 0xFE, 0xD4, 0xC9, 0xCE, 0x58, 0x00, 0x00, 0x00, 0x00, 0x00, 0x00, 0x00,
    0x00, 0x00, 0x00, 0x00, 0x00, 0x00, 0x00, 0x00, 0x00, 0x00, 0x00, 0x00, 0x00, 0x00, 0x00, 0x00,
    0x00, 0x00, 0x00, 0x00, 0x00, 0x00, 0x00, 0x00, 0x00, 0x00, 0x00, 0x00, 0x00, 0x00, 0x00, 0x00,
    0x00, 0x00, 0x00, 0x00, 0x00, 0x00, 0x00, 0x00, 0x00, 0x00, 0x00, 0x00, 0x00, 0x00, 0x00, 0x00,
    0x00, 0x00, 0x00, 0x00, 0x00, 0x00, 0x00, 0x00, 0x00, 0x00, 0x00, 0x00, 0x00, 0x00, 0x00, 0x00,
    0x00, 0x00, 0x00, 0x00, 0x00, 0x00, 0x00, 0x00, 0x00, 0x00, 0x00, 0x00, 0x00, 0x00, 0x00, 0x00,
    0x00, 0x00, 0x00, 0x00, 0x00, 0x00, 0x00, 0x63, 0xE5, 0x00, 0x00, 0x00, 0x00, 0x00, 0x00, 0x00,
    0x00, 0x0E, 0xE9, 0x6D, 0x00, 0x00, 0xA8, 0xA0, 0x00, 0x1A, 0xF9, 0x3E, 0x00, 0x6D, 0xF0, 0x0F,
    0x00, 0x00, 0xBD, 0x72, 0x3C, 0xBB, 0xB6, 0xB4, 0xB4, 0xB4, 0xB4, 0xB4, 0xB5, 0xBA, 0x5A, 0x00,
    0x00, 0x00, 0x00, 0x00, 0x14, 0xFF, 0x3D, 0x00, 0x00, 0x26, 0x16, 0x00, 0x00, 0x00, 0x00, 0x00,
    0x00, 0x00, 0x00, 0x00, 0x00, 0x00, 0x00, 0x09, 0x37, 0x00, 0x00, 0x00, 0x00, 0x00, 0x00, 0x1A,
    0x00, 0x00, 0x27, 0x44, 0x3D, 0x3C, 0x3C, 0x3C, 0x3C, 0x3C, 0x3C, 0x3C, 0x3E, 0x45, 0x1F, 0x00,
    0x00, 0x00, 0x00, 0x00, 0x00, 0x00, 0x00, 0x00, 0x00, 0x00, 0x00, 0x00, 0x00, 0x00, 0x00, 0x00,
    0x00, 0x00, 0x00, 0x00, 0x00, 0x00, 0x00, 0x00, 0x00, 0x00, 0x00, 0x00, 0x00, 0x00, 0x00, 0x00,
    0x00, 0x00, 0x00, 0x00, 0x00, 0x00, 0x00, 0x00, 0x00, 0x00, 0x00, 0x00, 0x00, 0x00, 0x00, 0x00,
    0x00, 0x00, 0x00, 0x00, 0x00, 0x00, 0x00, 0x00, 0x00, 0x00, 0x00, 0x00, 0x00, 0x00, 0x00, 0x00,
    0x00, 0x00, 0x00, 0x00, 0x00, 0x00, 0x00, 0x00, 0x00, 0x00, 0x00, 0x00, 0x00, 0x00, 0x00, 0x00,
    0x00, 0x00, 0x00, 0x00, 0x00, 0x00, 0x00, 0x00, 0x00, 0x00, 0x00, 0x00, 0x00, 0x2C, 0x5F, 0x00,
    0x00, 0x00, 0x00, 0x00, 0x00, 0x00, 0x00, 0x00, 0x3E, 0x08, 0x00, 0x00, 0x1F, 0x08, 0x00, 0x00,
    0x24, 0x00, 0x00, 0x07, 0x38, 0x00, 0x00, 0x00, 0x0B, 0x00, 0x00, 0x00, 0x00, 0x00, 0x00, 0x00,
    0x00, 0x00, 0x00, 0x00, 0x00, 0x00, 0x00, 0x00, 0x00, 0x00, 0x0B, 0x58, 0x16, 0x00, 0x00, 0x00,
    0x00, 0x00, 0x00, 0x00, 0x00, 0x00, 0x00, 0x00, 0x00, 0x00, 0x00, 0x00, 0x00, 0x00, 0x00, 0x00,
    0x00, 0x00, 0x00, 0x00, 0x00, 0x00, 0x00, 0x00, 0x00, 0x00, 0x00, 0x00, 0x00, 0x00, 0x00, 0x00,
    0x00, 0x00, 0x00, 0x00, 0x00, 0x00, 0x00, 0x00, 0x00, 0x00, 0x00, 0x00, 0x00, 0x00, 0x00, 0x00,
    0x00, 0x00, 0x00, 0x00, 0x00, 0x00, 0x00, 0x00, 0x00, 0x00, 0x00, 0x00, 0x00, 0x00, 0x00, 0x00,
    0x00, 0x00, 0x00, 0x00, 0x00, 0x00, 0x00, 0x00, 0x00, 0x00, 0x00, 0x00, 0x00, 0x00, 0x00, 0x00,
    0x00, 0x00, 0x00, 0x00, 0x00, 0x00, 0x00, 0x00, 0x00, 0x00, 0x00, 0x00, 0x00, 0x00, 0x00, 0x00,
    0x00, 0x00, 0x00, 0x00, 0x00, 0x00, 0x00, 0x00, 0x00, 0x00, 0x00, 0x00, 0x00, 0x00, 0x00, 0x00,
    0x00, 0x00, 0x00, 0x00, 0x00, 0x00, 0x00, 0x00, 0x00, 0x00, 0x00, 0x00, 0x00, 0x00, 0x00, 0x00,
    0x00, 0x00, 0x00, 0x00, 0x00, 0x00, 0x00, 0x00, 0x00, 0x00, 0x00, 0x00, 0x00, 0x00, 0x00, 0x00,
    0x00, 0x00, 0x00, 0x00, 0x00, 0x00, 0x00, 0x00, 0x00, 0x00, 0x00, 0x00, 0x00, 0x00, 0x00, 0x00,
    0x00, 0x00, 0x00, 0x00, 0x00, 0x00, 0x00, 0x00, 0x00, 0x00, 0x00, 0x00, 0x00, 0x00, 0x00, 0x00,
    0x00, 0x00, 0x00, 0x00, 0x00, 0x00, 0x00, 0x00, 0x00, 0x00, 0x00, 0x00, 0x00, 0x00, 0x00, 0x00,
    0x00, 0x00, 0x00, 0x00, 0x00, 0x00, 0x00, 0x00, 0x00, 0x00, 0x00, 0x00, 0x00, 0x00, 0x00, 0x00,
    0x00, 0x00, 0x00, 0x00, 0x00, 0x00, 0x00, 0x00, 0x00, 0x00, 0x00, 0x00, 0x00, 0x00, 0x00, 0x00,
    0x00, 0x00, 0x00, 0x00, 0x00, 0x00, 0x00, 0x00, 0x00, 0x00, 0x00, 0x00, 0x00, 0x00, 0x00, 0x00,
    0x00, 0x00, 0x00, 0x00, 0x00, 0x00, 0x00, 0x00, 0x00, 0x00, 0x00, 0x00, 0x00, 0x00, 0x00, 0x00,
    0x00, 0x00, 0x00, 0x00, 0x00, 0x00, 0x00, 0x00, 0x00, 0x00, 0x00, 0x00, 0x00, 0x00, 0x00, 0x00,
    0x00, 0x00, 0x00, 0x00, 0x00, 0x00, 0x00, 0x00, 0x00, 0x00, 0x00, 0x00, 0x00, 0x00, 0x00, 0x00,
    0x00, 0x00, 0x00, 0x00, 0x00, 0x00, 0x00, 0x00, 0x00, 0x00, 0x00, 0x00, 0x00, 0x00, 0x00, 0x00,
    0x00, 0x00, 0x00, 0x00, 0x00, 0x00, 0x00, 0x00, 0x00, 0x00, 0x00, 0x00, 0x00, 0x00, 0x00, 0x00,
    0x00, 0x00, 0x00, 0x00, 0x00, 0x00, 0x00, 0x00, 0x00, 0x00, 0x00, 0x00, 0x00, 0x00, 0x00, 0x00,
    0x00, 0x00, 0x00, 0x00, 0x00, 0x00, 0x00, 0x00, 0x00, 0x00, 0x00, 0x00, 0x00, 0x00, 0x00, 0x00,
    0x00, 0x00, 0x00, 0x00, 0x00, 0x00, 0x00, 0x00, 0x00, 0x00, 0x00, 0x00, 0x00, 0x00, 0x00, 0x00,
    0x00, 0x00,
};

const lv_image_dsc_t todo_text_t1_zh = {
    .header.magic = LV_IMAGE_HEADER_MAGIC,
    .header.cf = LV_COLOR_FORMAT_A8,
    .header.flags = 0,
    .header.w = 182,
    .header.h = 19,
    .header.stride = 182,
    .data_size = 3458,
    .data = todo_text_t1_zh_data,
};

static const uint8_t todo_text_t2_en_data[] = {
    0x00, 0x00, 0x00, 0x00, 0x00, 0x00, 0x00, 0x00, 0x00, 0x00, 0x00, 0x00, 0x00, 0x00, 0x00, 0x00,
    0x00, 0x00, 0x00, 0x00, 0x00, 0x00, 0x00, 0x00, 0x00, 0x00, 0x00, 0x00, 0x00, 0x00, 0x00, 0x00,
    0x00, 0x00, 0x00, 0x00, 0x00, 0x00, 0x00, 0x00, 0x00, 0x00, 0x00, 0x00, 0x00, 0x00, 0x00, 0x00,
    0x00, 0x00, 0x00, 0x00, 0x00, 0x00, 0x00, 0x00, 0x00, 0x00, 0x00, 0x00, 0x00, 0x00, 0x00, 0x00,
    0x00, 0x00, 0x00, 0x00, 0x00, 0x00, 0x00, 0x00, 0x00, 0x00, 0x00, 0x00, 0x00, 0x00, 0x00, 0x00,
    0x00, 0x00, 0x00, 0x00, 0x00, 0x00, 0x00, 0x00, 0x00, 0x00, 0x00, 0x00, 0x00, 0x00, 0x00, 0x00,
    0x00, 0x00, 0x00, 0x00, 0x00, 0x00, 0x00, 0x00, 0x00, 0x00, 0x00, 0x00, 0x00, 0x00, 0x00, 0x00,
    0x00, 0x00, 0x00, 0x00, 0x00, 0x00, 0x00, 0x00, 0x00, 0x00, 0x00, 0x00, 0x00, 0x00, 0x00, 0x00,
    0x00, 0x00, 0x00, 0x00, 0x00, 0x00, 0x00, 0x00, 0x00, 0x00, 0x00, 0x00, 0x00, 0x22, 0xB1, 0xF3,
    0xF2, 0xBB, 0x29, 0x00, 0x00, 0x2E, 0xBF, 0xF7, 0xE6, 0xA0, 0x15, 0x00, 0x00, 0x00, 0x00, 0x00,
    0x00, 0x6B, 0xFF, 0x84, 0x00, 0x00, 0x44, 0xFF, 0xFF, 0xFD, 0xED, 0x7E, 0x00, 0x50, 0xFF, 0x20,
    0x00, 0x00, 0x00, 0xC8, 0xFF, 0xFF, 0xFF, 0xFF, 0xE8, 0x44, 0xFF, 0xFF, 0xFF, 0xFF, 0xFF, 0x08,
    0x02, 0x8C, 0xE0, 0xF5, 0xCA, 0x38, 0x00, 0xC8, 0xFF, 0xFF, 0xFF, 0xFF, 0xE8, 0x00, 0x00, 0x00,
    0x00, 0x0D, 0xE1, 0xB0, 0x1A, 0x14, 0xB3, 0xDA, 0x01, 0x16, 0xEA, 0xA8, 0x15, 0x23, 0xCA, 0xC6,
    0x02, 0x00, 0x00, 0x00, 0x00, 0x00, 0xD0, 0xAD, 0xE8, 0x05, 0x00, 0x44, 0xFF, 0x2C, 0x05, 0x8D,
    0xFF, 0x22, 0x50, 0xFF, 0x20, 0x00, 0x00, 0x00, 0x00, 0x00, 0xA8, 0xC8, 0x00, 0x00, 0x44, 0xFF,
    0x2C, 0x00, 0x00, 0x00, 0x00, 0x49, 0xFF, 0x3D, 0x0C, 0xB5, 0xDA, 0x00, 0x00, 0x00, 0xA8, 0xC8,
    0x00, 0x00, 0x00, 0x00, 0x00, 0x00, 0x5E, 0xFF, 0x1D, 0x00, 0x00, 0x00, 0x00, 0x00, 0x6F, 0xFF,
    0x14, 0x00, 0x00, 0x43, 0xFF, 0x35, 0x00, 0x00, 0x00, 0x00, 0x37, 0xFA, 0x19, 0xF2, 0x56, 0x00,
    0x44, 0xFF, 0x2C, 0x07, 0x8B, 0xFF, 0x16, 0x50, 0xFF, 0x20, 0x00, 0x00, 0x00, 0x00, 0x00, 0xA8,
    0xC8, 0x00, 0x00, 0x44, 0xFF, 0x2C, 0x00, 0x00, 0x00, 0x00, 0x34, 0xFE, 0x8A, 0x33, 0x06, 0x00,
    0x00, 0x00, 0x00, 0xA8, 0xC8, 0x00, 0x00, 0x00, 0x00, 0x00, 0x00, 0x7D, 0xFE, 0x02, 0x00, 0xF0,
    0xFF, 0xFF, 0x2C, 0x88, 0xF3, 0x00, 0x00, 0x00, 0x24, 0xFF, 0x55, 0x00, 0x00, 0x00, 0x00, 0x9C,
    0xB9, 0x00, 0xA6, 0xBF, 0x00, 0x44, 0xFF, 0xFF, 0xFD, 0xE6, 0x6B, 0x00, 0x50, 0xFF, 0x20, 0x00,
    0x00, 0x00, 0x00, 0x00, 0xA8, 0xC8, 0x00, 0x00, 0x44, 0xFF, 0xFF, 0xFF, 0xFF, 0xC4, 0x00, 0x00,
    0x5B, 0xD6, 0xFF, 0xF3, 0x70, 0x00, 0x00, 0x00, 0xA8, 0xC8, 0x00, 0x00, 0x00, 0x00, 0x00, 0x00,
    0x5C, 0xFF, 0x24, 0x00, 0x00, 0x48, 0xFF, 0x2C, 0x68, 0xFF, 0x16, 0x00, 0x00, 0x47, 0xFF, 0x36,
    0x00, 0x00, 0x00, 0x0D, 0xF4, 0xFF, 0xFF, 0xFF, 0xFF, 0x29, 0x44, 0xFF, 0x2C, 0x00, 0x00, 0x00,
    0x00, 0x50, 0xFF, 0x20, 0x00, 0x00, 0x00, 0x00, 0x00, 0xA8, 0xC8, 0x00, 0x00, 0x44, 0xFF, 0x2C,
    0x00, 0x00, 0x00, 0x00, 0x00, 0x00, 0x00, 0x29, 0xAC, 0xFF, 0x1C, 0x00, 0x00, 0xA8, 0xC8, 0x00,
    0x00, 0x00, 0x00, 0x00, 0x00, 0x0C, 0xE0, 0xB7, 0x1B, 0x1F, 0xAA, 0xFF, 0x2C, 0x14, 0xEB, 0xAB,
    0x16, 0x23, 0xCC, 0xC8, 0x02, 0x00, 0x00, 0x00, 0x68, 0xF2, 0x06, 0x00, 0x00, 0xDC, 0x91, 0x44,
    0xFF, 0x2C, 0x00, 0x00, 0x00, 0x00, 0x50, 0xFF, 0x20, 0x00, 0x00, 0x00, 0x00, 0x00, 0xA8, 0xC8,
    0x00, 0x00, 0x44, 0xFF, 0x2C, 0x00, 0x00, 0x00, 0x00, 0x79, 0xEF, 0x2E, 0x08, 0x85, 0xFA, 0x14,
    0x00, 0x00, 0xA8, 0xC8, 0x00, 0x00, 0x00, 0x00, 0x00, 0x00, 0x00, 0x21, 0xAE, 0xF0, 0xF8, 0xD1,
    0x79, 0x07, 0x00, 0x2C, 0xB7, 0xEE, 0xE8, 0xA3, 0x17, 0x00, 0x00, 0x00, 0x00, 0xCD, 0xAD, 0x00,
    0x00, 0x00, 0x8C, 0xF0, 0x4B, 0xFF, 0x2C, 0x00, 0x00, 0x00, 0x00, 0x50, 0xFF, 0x20, 0x00, 0x00,
    0x00, 0x00, 0x00, 0xA8, 0xC8, 0x00, 0x00, 0x44, 0xFF, 0xFF, 0xFF, 0xFF, 0xFF, 0x2C, 0x07, 0x9A,
    0xEA, 0xFA, 0xDA, 0x58, 0x00, 0x00, 0x00, 0xA8, 0xC8, 0x00, 0x00, 0x00, 0x00, 0x00, 0x00, 0x00,
    0x00, 0x00, 0x00, 0x00, 0x00, 0x00, 0x00, 0x00, 0x00, 0x00, 0x00, 0x00, 0x00, 0x00, 0x00, 0x00,
    0x00, 0x00, 0x00, 0x00, 0x00, 0x00, 0x00, 0x00, 0x00, 0x00, 0x00, 0x00, 0x00, 0x00, 0x00, 0x00,
    0x00, 0x00, 0x00, 0x00, 0x00, 0x00, 0x00, 0x00, 0x00, 0x00, 0x00, 0x00, 0x00, 0x00, 0x00, 0x00,
    0x00, 0x00, 0x00, 0x00, 0x00, 0x00, 0x00, 0x00, 0x00, 0x00, 0x00, 0x00, 0x00, 0x00, 0x00, 0x00,
    0x00, 0x00, 0x00, 0x00, 0x00, 0x00, 0x00, 0x00, 0x00, 0x00, 0x00, 0x00, 0x00, 0x00, 0x00, 0x00,
    0x00, 0x00, 0x00, 0x00, 0x00, 0x00, 0x00, 0x00, 0x00, 0x00, 0x00, 0x00, 0x00, 0x00, 0x00, 0x00,
    0x00, 0x00, 0x00, 0x00, 0x00, 0x00, 0x00, 0x00, 0x00, 0x00, 0x00, 0x00, 0x00, 0x00, 0x00, 0x00,
    0x00, 0x00, 0x00, 0x00, 0x00, 0x00, 0x00, 0x00, 0x00, 0x00, 0x00, 0x00, 0x00, 0x00, 0x00, 0x00,
    0x00, 0x00, 0x00, 0x00, 0x00, 0x00, 0x00,
};

const lv_image_dsc_t todo_text_t2_en = {
    .header.magic = LV_IMAGE_HEADER_MAGIC,
    .header.cf = LV_COLOR_FORMAT_A8,
    .header.flags = 0,
    .header.w = 69,
    .header.h = 11,
    .header.stride = 69,
    .data_size = 759,
    .data = todo_text_t2_en_data,
};

static const uint8_t todo_text_t2_zh_data[] = {
    0x00, 0x00, 0x00, 0x00, 0x00, 0x00, 0x00, 0x00, 0x00, 0x00, 0x00, 0x00, 0x00, 0x00, 0x00, 0x00,
    0x00, 0x00, 0x00, 0x00, 0x00, 0x00, 0x00, 0x00, 0x00, 0x00, 0x00, 0x00, 0x00, 0x00, 0x00, 0x00,
    0x00, 0x00, 0x00, 0x00, 0x00, 0x00, 0x00, 0x00, 0x00, 0x00, 0x00, 0x00, 0x00, 0x00, 0x00, 0x00,
    0x00, 0x00, 0x00, 0x00, 0x00, 0x00, 0x00, 0x00, 0x00, 0x00, 0x00, 0x00, 0x00, 0x00, 0x00, 0x00,
    0x00, 0x00, 0x00, 0x00, 0x00, 0x00, 0x00, 0x00, 0x00, 0x00, 0x00, 0x00, 0x00, 0x00, 0x00, 0x00,
    0x00, 0x00, 0x00, 0x00, 0x00, 0x00, 0x00, 0x00, 0x00, 0x00, 0x00, 0x00, 0x00, 0x00, 0x00, 0x00,
    0x00, 0x00, 0x00, 0x00, 0x00, 0x00, 0x00, 0x00, 0x00, 0x00, 0x00, 0x00, 0x00, 0x00, 0x00, 0x00,
    0x00, 0x00, 0x00, 0x00, 0x00, 0x00, 0x00, 0x00, 0x00, 0x00, 0x00, 0x00, 0x00, 0x00, 0x00, 0x00,
    0x00, 0x00, 0x00, 0x00, 0x00, 0x00, 0x00, 0x00, 0x00, 0x00, 0x00, 0x00, 0x00, 0x00, 0x00, 0x00,
    0x00, 0x00, 0x00, 0x00, 0x00, 0x00, 0x00, 0x00, 0x00, 0x00, 0x00, 0x00, 0x00, 0x00, 0x00, 0x00,
    0x00, 0x00, 0x00, 0x00, 0x00, 0x00, 0x00, 0x00, 0x00, 0x00, 0x00, 0x00, 0x00, 0x00, 0x00, 0x00,
    0x00, 0x00, 0x00, 0x00, 0x00, 0x00, 0x00, 0x00, 0x00, 0x00, 0x00, 0x00, 0x00, 0x00, 0x00, 0x00,
    0x00, 0x00, 0x00, 0x00, 0x00, 0x00, 0x00, 0x00, 0x00, 0x00, 0x00, 0x00, 0x00, 0x00, 0x00, 0x00,
    0x00, 0x00, 0x00, 0x00, 0x00, 0x00, 0x00, 0x00, 0x00, 0x00, 0x00, 0x00, 0x00, 0x00, 0x00, 0x00,
    0x00, 0x00, 0x00, 0x00, 0x00, 0x00, 0x00, 0x00, 0x00, 0x00, 0x00, 0x00, 0x00, 0x00, 0x00, 0x00,
    0x00, 0x00, 0x00, 0x00, 0x00, 0x00, 0x00, 0x00, 0x00, 0x00, 0x00, 0x00, 0x00, 0x00, 0x00, 0x00,
    0x00, 0x00, 0x00, 0x00, 0x00, 0x00, 0x00, 0x00, 0x00, 0x00, 0x00, 0x00, 0x00, 0x00, 0x00, 0x00,
    0x00, 0x00, 0x00, 0x00, 0x00, 0x00, 0x00, 0x00, 0x00, 0x00, 0x00, 0x00, 0x00, 0x00, 0x00, 0x00,
    0x00, 0x00, 0x00, 0x00, 0x00, 0x00, 0x00, 0x00, 0x00, 0x00, 0x00, 0x00, 0x00, 0x00, 0x00, 0x00,
    0x00, 0x00, 0x00, 0x00, 0x00, 0x00, 0x00, 0x00, 0x00, 0x00, 0x00, 0x00, 0x00, 0x00, 0x00, 0x00,
    0x00, 0x00, 0x00, 0x00, 0x00, 0x00, 0x00, 0x00, 0x00, 0x00, 0x00, 0x00, 0x00, 0x00, 0x00, 0x00,
    0x00, 0x00, 0x00, 0x00, 0x00, 0x00, 0x00, 0x00, 0x00, 0x00, 0x00, 0x00, 0x00, 0x00, 0x00, 0x00,
    0x00, 0x00, 0x00, 0x00, 0x00, 0x00, 0x00, 0x00, 0x00, 0x00, 0x0E, 0x02, 0x00, 0x00, 0x00, 0x00,
    0x34, 0x2F, 0x00, 0x00, 0x00, 0x00, 0x00, 0x00, 0x00, 0x00, 0x00, 0x00, 0x00, 0x00, 0x00, 0x00,
    0x00, 0x00, 0x00, 0x00, 0x00, 0x00, 0x00, 0x00, 0x00, 0x00, 0x00, 0x00, 0x00, 0x00, 0x00, 0x00,
    0x00, 0x00, 0x00, 0x00, 0x00, 0x00, 0x00, 0x00, 0x00, 0x00, 0x00, 0x00, 0x00, 0x00, 0x00, 0x00,
    0x00, 0x00, 0x00, 0x00, 0x00, 0x00, 0x00, 0x00, 0x00, 0x00, 0x00, 0x05, 0x00, 0x00, 0x00, 0x00,
    0x0B, 0x08, 0x00, 0x00, 0x00, 0x00, 0x1F, 0x5D, 0x00, 0x00, 0x00, 0x00, 0x00, 0x00, 0x00, 0x00,
    0x00, 0x00, 0x00, 0x00, 0x00, 0x00, 0x00, 0x00, 0x00, 0x00, 0x00, 0x00, 0x00, 0x00, 0x00, 0x00,
    0x00, 0x00, 0x00, 0x00, 0x00, 0x00, 0x00, 0x00, 0x00, 0x00, 0x00, 0x00, 0x00, 0x00, 0x00, 0x00,
    0x00, 0x00, 0x00, 0x00, 0x00, 0x00, 0x00, 0x00, 0x00, 0x00, 0x06, 0x19, 0x00, 0x00, 0x00, 0x00,
    0x00, 0x00, 0x00, 0x00, 0x00, 0x2E, 0x35, 0x00, 0x14, 0x00, 0x00, 0x00, 0x00, 0x00, 0x00, 0x00,
    0x00, 0x06, 0x17, 0x00, 0x00, 0x00, 0x00, 0x00, 0x00, 0x00, 0x00, 0x00, 0x00, 0x00, 0x00, 0x31,
    0x32, 0x00, 0x00, 0x00, 0x00, 0x00, 0x00, 0x00, 0x00, 0x00, 0x00, 0x00, 0x00, 0x86, 0xB5, 0x00,
    0x00, 0x00, 0x00, 0x9A, 0x9F, 0x00, 0x00, 0x00, 0x00, 0x00, 0x64, 0x80, 0x80, 0x80, 0x80, 0x80,
    0x80, 0x80, 0x80, 0x80, 0x80, 0x6C, 0x00, 0x00, 0x00, 0x00, 0x00, 0x00, 0x00, 0x00, 0x00, 0x00,
    0x00, 0x00, 0x00, 0x00, 0x00, 0x00, 0x00, 0x00, 0x00, 0x00, 0x00, 0x00, 0x00, 0x00, 0x00, 0x00,
    0x00, 0x00, 0x00, 0x00, 0x00, 0x04, 0x11, 0x1D, 0x2F, 0x4A, 0x64, 0x84, 0xAC, 0xDD, 0xB6, 0x00,
    0x00, 0x00, 0x00, 0xA5, 0x7E, 0x00, 0x00, 0xA7, 0x1F, 0x36, 0xCF, 0x00, 0x51, 0x8D, 0x00, 0x00,
    0x00, 0x00, 0x00, 0x00, 0x00, 0x00, 0x00, 0x00, 0x00, 0x00, 0x00, 0x00, 0x00, 0x00, 0x00, 0x00,
    0x00, 0x00, 0x00, 0x00, 0x00, 0x00, 0x00, 0x00, 0x00, 0x00, 0x00, 0x00, 0x00, 0x00, 0x00, 0x00,
    0x00, 0x00, 0x00, 0xA9, 0x7B, 0x01, 0x49, 0x58, 0x58, 0x58, 0x46, 0x00, 0x00, 0x38, 0xE0, 0x00,
    0x00, 0x5D, 0x68, 0x00, 0x00, 0x00, 0x00, 0x00, 0x6C, 0xB4, 0x46, 0xE2, 0x1C, 0x00, 0x00, 0x41,
    0x80, 0x80, 0x7C, 0x00, 0x30, 0xCC, 0x00, 0x0F, 0x3C, 0x3C, 0x3C, 0x0A, 0x00, 0x00, 0x00, 0x00,
    0x00, 0x00, 0x92, 0x90, 0x00, 0x00, 0x00, 0x00, 0x00, 0x00, 0x00, 0x00, 0x00, 0x00, 0x00, 0x00,
    0xD7, 0x42, 0x00, 0x32, 0xD3, 0xC4, 0xD5, 0xE3, 0xC4, 0xCA, 0x86, 0x00, 0x00, 0xC1, 0x97, 0x6C,
    0x6C, 0x6C, 0x6C, 0x6C, 0x6C, 0x6C, 0x6C, 0x8E, 0xCF, 0x00, 0x00, 0x00, 0x00, 0x00, 0x00, 0x00,
    0x00, 0x00, 0x06, 0x7B, 0xB1, 0x80, 0x07, 0x00, 0x00, 0x00, 0x00, 0x00, 0x00, 0x00, 0x00, 0x00,
    0x00, 0x00, 0x00, 0x00, 0x00, 0x00, 0x00, 0x00, 0xA6, 0xEA, 0xCF, 0xC2, 0xAD, 0x95, 0x7B, 0x5E,
    0x41, 0x27, 0x01, 0x00, 0x00, 0x00, 0x2F, 0xCD, 0x03, 0x00, 0xC5, 0x1D, 0x30, 0xCC, 0x00, 0x58,
    0xA4, 0x00, 0x00, 0x00, 0x00, 0x00, 0x00, 0x00, 0x00, 0x00, 0x00, 0x25, 0xBC, 0x13, 0x00, 0x00,
    0x2D, 0xA0, 0xA0, 0x9C, 0x76, 0x11, 0x00, 0x00, 0x00, 0x20, 0xA0, 0x07, 0x00, 0x00, 0x00, 0x00,
    0x00, 0x00, 0x00, 0x00, 0x00, 0x00, 0x2A, 0xD8, 0x63, 0xCE, 0x98, 0x88, 0xA4, 0xC3, 0x17, 0x4B,
    0x30, 0xDC, 0x00, 0x00, 0x2C, 0xEB, 0x4B, 0x00, 0x00, 0x00, 0x00, 0x65, 0xB0, 0x00, 0x93, 0x7D,
    0x00, 0x00, 0x7D, 0xAB, 0x6A, 0xF3, 0x00, 0x2A, 0xC5, 0x00, 0x3D, 0xEB, 0xA4, 0xF3, 0x28, 0x00,
    0x00, 0x00, 0x00, 0x00, 0x00, 0x8C, 0x8C, 0x00, 0x00, 0x00, 0x00, 0x00, 0x00, 0x00, 0x00, 0x00,
    0x00, 0x00, 0x3D, 0xBD, 0x01, 0x28, 0x36, 0xC8, 0x00, 0x00, 0x00, 0x00, 0x58, 0x96, 0x00, 0x00,
    0xC3, 0x4C, 0x2D, 0xD5, 0x00, 0x00, 0x00, 0x00, 0x00, 0x00, 0x39, 0xCB, 0x00, 0x00, 0x00, 0x00,
    0x00, 0x00, 0x00, 0x00, 0x00, 0xA1, 0xCE, 0x5E, 0xBC, 0xA6, 0x00, 0x00, 0x00, 0x00, 0x00, 0x00,
    0x00, 0x00, 0x00, 0x00, 0x00, 0x00, 0x00, 0x00, 0x00, 0x00, 0x00, 0xA7, 0x74, 0x00, 0x00, 0x00,
    0x00, 0x00, 0x00, 0x00, 0x00, 0x00, 0x00, 0x05, 0x5B, 0x54, 0x52, 0x59, 0x1D, 0xCA, 0x8A, 0x94,
    0xE5, 0x7C, 0xA9, 0xA6, 0x00, 0x00, 0x00, 0x00, 0x00, 0x00, 0x00, 0x00, 0x00, 0x00, 0x74, 0xFF,
    0x5B, 0x00, 0x00, 0x48, 0xFB, 0x68, 0x70, 0xB9, 0xDC, 0x0A, 0x00, 0x00, 0x34, 0xFF, 0x0C, 0x00,
    0x00, 0x00, 0x00, 0x00, 0x00, 0x00, 0x00, 0x00, 0x00, 0x00, 0x0D, 0x03, 0xC8, 0x25, 0x3D, 0x42,
    0xC0, 0x37, 0xCA, 0x30, 0xDC, 0x00, 0x00, 0x00, 0x44, 0x3F, 0x5D, 0x63, 0x60, 0x60, 0x9B, 0xCE,
    0x60, 0x66, 0x59, 0x00, 0x00, 0x7A, 0x78, 0x10, 0xEC, 0x61, 0xD7, 0xF4, 0xD6, 0x45, 0xC8, 0x00,
    0xDC, 0x20, 0x00, 0x76, 0x9B, 0x98, 0x98, 0x98, 0xD0, 0xD0, 0x98, 0x98, 0x98, 0x9A, 0x7F, 0x00,
    0x00, 0x00, 0x00, 0x00, 0x06, 0xC3, 0x3B, 0x4E, 0xE5, 0x44, 0xF0, 0xB8, 0xB8, 0xB8, 0xB8, 0xD0,
    0x9D, 0x00, 0x00, 0x2F, 0x11, 0x42, 0xE6, 0x48, 0x48, 0x48, 0x48, 0x49, 0x4F, 0x09, 0x00, 0x00,
    0x00, 0x00, 0x00, 0x00, 0x00, 0x00, 0x00, 0x1E, 0xFE, 0x28, 0x00, 0x21, 0xFE, 0x14, 0x00, 0x00,
    0x00, 0x00, 0x00, 0x00, 0x00, 0x00, 0x00, 0x00, 0x00, 0x00, 0x00, 0x00, 0x00, 0x00, 0xAD, 0xAA,
    0x64, 0x64, 0x64, 0x64, 0x64, 0x64, 0x64, 0x65, 0x6B, 0x08, 0x09, 0x8C, 0x85, 0x83, 0x8A, 0x2C,
    0x47, 0x58, 0x58, 0x58, 0x58, 0x58, 0x3B, 0x00, 0x00, 0x00, 0x00, 0x00, 0x00, 0x00, 0x00, 0x00,
    0x00, 0xBE, 0xDC, 0xA5, 0x00, 0x00, 0x48, 0xF8, 0x00, 0x00, 0x04, 0xE9, 0x55, 0x00, 0x00, 0x34,
    0xFF, 0x0C, 0x00, 0x00, 0x00, 0x00, 0x00, 0x00, 0x00, 0x00, 0x00, 0x0A, 0x78, 0x04, 0x00, 0xC8,
    0x24, 0xFB, 0x57, 0xC0, 0x34, 0xC8, 0x30, 0xDC, 0x00, 0x00, 0x00, 0x00, 0x00, 0x7D, 0x85, 0x80,
    0x80, 0xA2, 0xE0, 0x80, 0x83, 0x78, 0x00, 0x00, 0x78, 0xA4, 0x5E, 0xEC, 0x06, 0x2E, 0xC5, 0x0B,
    0x35, 0xC8, 0x00, 0xDC, 0x20, 0x00, 0x47, 0x5C, 0x58, 0x58, 0xBF, 0xFD, 0xFA, 0xB2, 0x58, 0x58,
    0x5A, 0x4D, 0x00, 0x00, 0x00, 0x00, 0x00, 0x3D, 0xFD, 0xD3, 0xF8, 0x4F, 0x4D, 0xC2, 0x0C, 0x0C,
    0x0C, 0x0C, 0x0C, 0x07, 0x00, 0x00, 0x00, 0x00, 0x59, 0xE4, 0x98, 0x98, 0x98, 0x98, 0x98, 0xA1,
    0x12, 0x00, 0x00, 0x00, 0x00, 0x00, 0x00, 0x00, 0x00, 0x00, 0x5A, 0xEC, 0x00, 0x00, 0x00, 0x96,
    0x1D, 0x00, 0x00, 0x4D, 0x77, 0x44, 0x00, 0x00, 0x00, 0x00, 0x00, 0x00, 0x00, 0x00, 0x00, 0x00,
    0x00, 0xB2, 0xC5, 0x98, 0x98, 0x98, 0x98, 0x98, 0x98, 0x98, 0x99, 0xA3, 0x0D, 0x02, 0x67, 0x04,
    0x27, 0xBB, 0x23, 0x96, 0x90, 0x90, 0x90, 0x90, 0x90, 0x97, 0x1D, 0x00, 0x00, 0x00, 0x00, 0x00,
    0x00, 0x00, 0x00, 0x0D, 0xFA, 0x57, 0xEC, 0x02, 0x00, 0x48, 0xF8, 0x00, 0x00, 0x00, 0xD8, 0x66,
    0x00, 0x00, 0x34, 0xFF, 0x0C, 0x00, 0x00, 0x00, 0x00, 0x00, 0x00, 0x00, 0x00, 0x00, 0x14, 0xC2,
    0xBD, 0x0D, 0xC8, 0x24, 0xF5, 0x48, 0xC0, 0x34, 0xC8, 0x30, 0xDC, 0x00, 0x57, 0xF6, 0xF4, 0x41,
    0x00, 0x00, 0x00, 0x00, 0x31, 0xD3, 0x00, 0x00, 0x00, 0x00, 0x00, 0x79, 0xC2, 0x93, 0xEC, 0x17,
    0x3B, 0xC8, 0x19, 0x3E, 0xC8, 0x00, 0xDC, 0x20, 0x00, 0x00, 0x00, 0x00, 0x0A, 0xEC, 0xAF, 0xB1,
    0xD7, 0x01, 0x00, 0x00, 0x00, 0x00, 0x00, 0x00, 0x00, 0x00, 0x02, 0x15, 0x57, 0xA5, 0x00, 0x64,
    0xDE, 0x94, 0x94, 0x94, 0x94, 0x94, 0x94, 0x11, 0x00, 0x00, 0x00, 0x70, 0xA6, 0x00, 0x00, 0x00,
    0x00, 0x00, 0x00, 0x00, 0x00, 0x00, 0x00, 0x00, 0x00, 0x00, 0x00, 0x00, 0x00, 0x76, 0xD5, 0x00,
    0x00, 0x00, 0x00, 0x00, 0x00, 0xA9, 0xD1, 0x86, 0xDB, 0x91, 0x00, 0x00, 0x00, 0x00, 0x00, 0x00,
    0x00, 0x00, 0x00, 0x00, 0xC0, 0x5F, 0x00, 0x00, 0x00, 0x00, 0x00, 0x00, 0x00, 0x00, 0x00, 0x00,
    0x00, 0xDE, 0x33, 0x50, 0xBE, 0x12, 0x54, 0x50, 0x99, 0xBA, 0x50, 0x50, 0x56, 0x11, 0x00, 0x00,
    0x00, 0x00, 0x00, 0x00, 0x00, 0x00, 0x52, 0xD9, 0x04, 0xF2, 0x39, 0x00, 0x48, 0xF8, 0x00, 0x05,
    0x4F, 0xF9, 0x2B, 0x00, 0x00, 0x34, 0xFF, 0x0C, 0x00, 0x00, 0x00, 0x00, 0x00, 0x00, 0x00, 0x00,
    0x00, 0x00, 0x07, 0x86, 0x06, 0xC8, 0x24, 0xF6, 0x3E, 0xC0, 0x34, 0xC8, 0x30, 0xDC, 0x00, 0x07,
    0x10, 0xC2, 0x3F, 0x19, 0xC7, 0xC1, 0xC6, 0x4C, 0xF1, 0x00, 0x00, 0x00, 0x00, 0x00, 0x7C, 0x78,
    0x10, 0xEC, 0xA0, 0xD7, 0xC7, 0xC6, 0x7C, 0xC8, 0x00, 0xDC, 0x20, 0x00, 0x00, 0x00, 0x00, 0x76,
    0xAE, 0x8C, 0x8C, 0xC1, 0x53, 0x00, 0x00, 0x00, 0x00, 0x00, 0x00, 0x00, 0x00, 0x00, 0x17, 0xCD,
    0x11, 0x00, 0x94, 0xFF, 0x46, 0xD5, 0x40, 0xDC, 0x39, 0xE2, 0x18, 0x00, 0x00, 0x00, 0x8A, 0xD9,
    0xA8, 0xA8, 0xA8, 0xA8, 0xA8, 0xA8, 0xA8, 0x03, 0x00, 0x00, 0x00, 0x00, 0x00, 0x00, 0x00, 0x00,
    0x7C, 0xD2, 0x00, 0x89, 0xFC, 0xFC, 0x3B, 0x45, 0xEC, 0x0E, 0x00, 0x1A, 0xF7, 0x2D, 0x00, 0x00,
    0x00, 0x00, 0x00, 0x00, 0x00, 0x00, 0x00, 0xD1, 0x48, 0x62, 0xB4, 0xB4, 0xB4, 0xB4, 0xB4, 0xB4,
    0xAD, 0x00, 0x00, 0x00, 0xA1, 0x6E, 0x7A, 0x7F, 0x10, 0x54, 0x54, 0xAE, 0x9F, 0x54, 0x54, 0x54,
    0x00, 0x00, 0x00, 0x00, 0x00, 0x00, 0x00, 0x00, 0x00, 0x9C, 0xB3, 0x38, 0xC9, 0x83, 0x00, 0x48,
    0xFF, 0xFC, 0xFE, 0xE7, 0x61, 0x00, 0x00, 0x00, 0x34, 0xFF, 0x0C, 0x00, 0x00, 0x00, 0x00, 0x00,
    0x00, 0x00, 0x00, 0x00, 0x00, 0x00, 0x1A, 0x06, 0xCB, 0x30, 0xF0, 0x3C, 0xC3, 0x34, 0xC8, 0x30,
    0xDC, 0x00, 0x00, 0x00, 0xC0, 0x3C, 0x07, 0x36, 0xE6, 0x4B, 0x10, 0xF0, 0x1C, 0x00, 0x00, 0x00,
    0x00, 0x83, 0xA4, 0x5E, 0xEC, 0x00, 0x8F, 0x99, 0x00, 0x34, 0xC8, 0x00, 0xDC, 0x20, 0x00, 0x00,
    0x00, 0x1F, 0xEF, 0x28, 0x8C, 0x8C, 0x38, 0xE2, 0x14, 0x00, 0x00, 0x00, 0x00, 0x00, 0x00, 0x00,
    0x08, 0xD1, 0xDA, 0xCE, 0x7C, 0xE5, 0xEE, 0x1C, 0xCC, 0x14, 0xD4, 0x0C, 0xDC, 0x14, 0x00, 0x00,
    0x00, 0x21, 0x38, 0x38, 0x38, 0x38, 0x38, 0x38, 0x51, 0xFE, 0x00, 0x00, 0x00, 0x00, 0x00, 0x00,
    0x00, 0x00, 0x00, 0x6C, 0xE3, 0x00, 0x08, 0x10, 0xDF, 0x3C, 0x74, 0xBD, 0x00, 0x00, 0x00, 0xD6,
    0x5B, 0x00, 0x00, 0x00, 0x00, 0x00, 0x00, 0x00, 0x00, 0x02, 0xF4, 0x27, 0x87, 0xA2, 0x38, 0x38,
    0x38, 0x38, 0x4D, 0xF0, 0x00, 0x00, 0x00, 0x6D, 0xA8, 0xA8, 0x45, 0x29, 0xDE, 0x9E, 0xD2, 0xA2,
    0xD6, 0x82, 0xFC, 0x00, 0x00, 0x00, 0x00, 0x00, 0x00, 0x00, 0x00, 0x00, 0xE4, 0xDD, 0xD4, 0xE2,
    0xCD, 0x00, 0x48, 0xF8, 0x10, 0x0C, 0x00, 0x00, 0x00, 0x00, 0x00, 0x34, 0xFF, 0x0C, 0x00, 0x00,
    0x00, 0x00, 0x00, 0x00, 0x00, 0x00, 0x00, 0x00, 0x00, 0xA3, 0x88, 0xD4, 0x57, 0xD5, 0x3C, 0xCB,
    0x36, 0xCA, 0x30, 0xDC, 0x00, 0x00, 0x00, 0xC0, 0x3C, 0x00, 0x00, 0xE0, 0x1C, 0x00, 0xBF, 0x56,
    0x00, 0x00, 0x00, 0x00, 0x96, 0xB1, 0x93, 0xEC, 0x00, 0xDC, 0x59, 0xB0, 0x34, 0xC8, 0x00, 0xDC,
    0x20, 0x00, 0x00, 0x0C, 0xCB, 0x85, 0x00, 0x8C, 0x8C, 0x00, 0x93, 0xCA, 0x14, 0x00, 0x00, 0x00,
    0x00, 0x00, 0x00, 0x00, 0x85, 0x4C, 0x25, 0x6E, 0xB0, 0xD0, 0xCA, 0xF3, 0xC8, 0xF5, 0xC6, 0xF7,
    0x14, 0x00, 0x1C, 0x29, 0x24, 0x24, 0x24, 0x24, 0x25, 0x2B, 0x0B, 0x2D, 0xF0, 0x00, 0x00, 0x00,
    0x00, 0x00, 0x00, 0x00, 0x00, 0x00, 0x39, 0xFF, 0x1F, 0x00, 0x05, 0xF4, 0x3C, 0x5B, 0xDA, 0x01,
    0x00, 0x05, 0xED, 0x43, 0x00, 0x00, 0x00, 0x00, 0x00, 0x00, 0x00, 0x00, 0x2A, 0xF3, 0x04, 0x85,
    0x88, 0x00, 0x00, 0x00, 0x00, 0x1C, 0xEC, 0x00, 0x00, 0x00, 0x19, 0x28, 0xD9, 0x1C, 0x36, 0xBC,
    0x3C, 0xA4, 0x44, 0xAC, 0x04, 0xF8, 0x00, 0x00, 0x00, 0x00, 0x00, 0x00, 0x00, 0x00, 0x30, 0xFE,
    0x14, 0x00, 0x2B, 0xFE, 0x18, 0x48, 0xF8, 0x00, 0x00, 0x00, 0x00, 0x00, 0x00, 0x00, 0x34, 0xFF,
    0x0C, 0x00, 0x00, 0x00, 0x00, 0x00, 0x00, 0x00, 0x00, 0x00, 0x00, 0x15, 0xF6, 0x27, 0x14, 0x7F,
    0xA1, 0x1A, 0x09, 0x3B, 0xD0, 0x30, 0xDC, 0x00, 0x00, 0x00, 0xC0, 0x3C, 0x62, 0x00, 0xE0, 0x1C,
    0x00, 0x8A, 0x93, 0x00, 0x00, 0x00, 0x00, 0xB9, 0x36, 0x10, 0xEC, 0x51, 0xCA, 0x60, 0xFD, 0x6A,
    0xC8, 0x4B, 0xF0, 0x1A, 0x00, 0x0F, 0xBB, 0xB9, 0x3E, 0x32, 0xA1, 0xA1, 0x32, 0x3E, 0xB8, 0xDC,
    0x37, 0x00, 0x00, 0x00, 0x00, 0x00, 0x00, 0x00, 0x18, 0x67, 0x72, 0x30, 0xD0, 0x1C, 0xCD, 0x14,
    0xD8, 0x10, 0xDC, 0x14, 0x00, 0x85, 0xCF, 0xCC, 0xCC, 0xCC, 0xCC, 0xCD, 0xD4, 0x35, 0x42, 0xDA,
    0x00, 0x00, 0x00, 0x00, 0x00, 0x00, 0x00, 0x00, 0x00, 0x01, 0xC3, 0xC7, 0x45, 0x94, 0xFF, 0x3C,
    0x0B, 0xDF, 0x8E, 0x35, 0xA0, 0xCE, 0x04, 0x00, 0x00, 0x00, 0x00, 0x00, 0x00, 0x00, 0x00, 0x82,
    0xB3, 0x00, 0x84, 0x88, 0x00, 0x00, 0x00, 0x00, 0x1C, 0xEC, 0x00, 0x00, 0x16, 0x58, 0x8D, 0xFD,
    0xD3, 0x5A, 0xBC, 0x3C, 0xA4, 0x44, 0xAC, 0x04, 0xF8, 0x00, 0x00, 0x00, 0x00, 0x00, 0x00, 0x00,
    0x00, 0x7A, 0xCE, 0x00, 0x00, 0x00, 0xE6, 0x61, 0x48, 0xF8, 0x00, 0x00, 0x00, 0x00, 0x00, 0x00,
    0x00, 0x34, 0xFF, 0x0C, 0x00, 0x00, 0x00, 0x00, 0x00, 0x00, 0x00, 0x00, 0x00, 0x00, 0x89, 0xA6,
    0x00, 0x07, 0xE1, 0x70, 0xED, 0x2C, 0x09, 0x1D, 0x30, 0xDC, 0x00, 0x00, 0x00, 0xC0, 0xC9, 0xCE,
    0x0C, 0xE1, 0x7A, 0x61, 0x3A, 0xE5, 0x04, 0x86, 0x14, 0x00, 0xE2, 0x0E, 0x10, 0xEC, 0xC3, 0xEA,
    0x93, 0xA1, 0xA2, 0xC8, 0x8D, 0x8C, 0x00, 0x1B, 0xDE, 0xC2, 0x0E, 0xC7, 0xBE, 0xE1, 0xE1, 0xBE,
    0xC7, 0x13, 0x99, 0xE2, 0x10, 0x00, 0x00, 0x00, 0x00, 0x52, 0xD7, 0xEC, 0xA1, 0x3F, 0x00, 0xD2,
    0x1C, 0xD1, 0x1A, 0xDD, 0x17, 0xDD, 0x14, 0x00, 0x00, 0x00, 0x00, 0x00, 0x00, 0x00, 0x00, 0x00,
    0x00, 0x8D, 0xB2, 0x00, 0x00, 0x00, 0x00, 0x00, 0x00, 0x00, 0x00, 0x00, 0x00, 0x10, 0x98, 0xC8,
    0x83, 0xA9, 0x31, 0x00, 0x1B, 0x9D, 0xC7, 0x94, 0x12, 0x00, 0x00, 0x00, 0x00, 0x00, 0x00, 0x00,
    0x00, 0x1E, 0xED, 0x5A, 0x00, 0x85, 0xEB, 0xD4, 0xD4, 0xD4, 0xD4, 0xD8, 0xEE, 0x00, 0x00, 0x3B,
    0xCE, 0x6E, 0x1D, 0x00, 0x27, 0xBC, 0x42, 0xAD, 0x44, 0xB1, 0x05, 0xF7, 0x00, 0x00, 0x00, 0x00,
    0x00, 0x00, 0x00, 0x00, 0x85, 0x6A, 0x00, 0x00, 0x00, 0x7B, 0x73, 0x33, 0xB2, 0x00, 0x00, 0x00,
    0x00, 0x00, 0x00, 0x00, 0x25, 0xB8, 0x08, 0x00, 0x00, 0x00, 0x00, 0x00, 0x00, 0x00, 0x00, 0x00,
    0x2F, 0xF8, 0x30, 0x00, 0x7E, 0xCD, 0x01, 0x77, 0xD4, 0x07, 0x00, 0x38, 0xDC, 0x00, 0x00, 0x09,
    0xE6, 0xBB, 0x57, 0xE6, 0xDD, 0x94, 0x3A, 0x00, 0xCF, 0x7B, 0xF5, 0x37, 0x33, 0xDC, 0x12, 0x90,
    0xE2, 0x18, 0x07, 0x00, 0x00, 0x35, 0xCA, 0x00, 0x00, 0x00, 0x00, 0x55, 0x09, 0x00, 0x00, 0x00,
    0x90, 0x90, 0x00, 0x00, 0x00, 0x00, 0x14, 0x00, 0x00, 0x00, 0x00, 0x00, 0x26, 0x64, 0x08, 0x00,
    0x00, 0x00, 0xE0, 0x1C, 0x24, 0x05, 0x18, 0x95, 0xF4, 0x07, 0x00, 0x00, 0x00, 0x00, 0x00, 0x00,
    0x00, 0x00, 0x80, 0xF0, 0xEA, 0x43, 0x00, 0x00, 0x00, 0x00, 0x00, 0x00, 0x00, 0x00, 0x00, 0x00,
    0x00, 0x00, 0x00, 0x00, 0x00, 0x00, 0x00, 0x00, 0x00, 0x00, 0x00, 0x00, 0x00, 0x00, 0x00, 0x00,
    0x00, 0x00, 0x00, 0x00, 0x1A, 0x7E, 0x04, 0x00, 0x89, 0x8F, 0x10, 0x10, 0x10, 0x10, 0x2A, 0xF8,
    0x00, 0x00, 0x00, 0x00, 0x00, 0x00, 0x00, 0x2E, 0xBC, 0x04, 0x0B, 0x07, 0x1B, 0xAA, 0xD7, 0x00,
    0x00, 0x00, 0x00, 0x00, 0x00, 0x00, 0x00, 0x00, 0x00, 0x00, 0x00, 0x00, 0x00, 0x00, 0x00, 0x00,
    0x00, 0x00, 0x00, 0x00, 0x00, 0x00, 0x00, 0x00, 0x00, 0x00, 0x00, 0x00, 0x00, 0x00, 0x00, 0x00,
    0x00, 0x00, 0x00, 0x25, 0x8F, 0x00, 0x33, 0xF6, 0x34, 0x00, 0x03, 0xAD, 0x23, 0x58, 0xF4, 0xAD,
    0x00, 0x00, 0x02, 0x7B, 0x08, 0x0B, 0x37, 0x00, 0x00, 0x00, 0x00, 0x39, 0xF7, 0xE4, 0x04, 0x50,
    0x8D, 0x00, 0x8C, 0x37, 0x00, 0x00, 0x00, 0x00, 0x3D, 0xD0, 0x00, 0x00, 0x00, 0x00, 0x00, 0x00,
    0x00, 0x00, 0x00, 0x94, 0x96, 0x00, 0x00, 0x00, 0x00, 0x00, 0x00, 0x00, 0x00, 0x00, 0x00, 0x00,
    0x00, 0x00, 0x00, 0x00, 0x00, 0x62, 0x0B, 0x00, 0x00, 0x00, 0x44, 0x2F, 0x00, 0x00, 0x00, 0x00,
    0x00, 0x00, 0x00, 0x00, 0x00, 0x15, 0x25, 0x02, 0x00, 0x00, 0x00, 0x00, 0x00, 0x00, 0x00, 0x00,
    0x00, 0x00, 0x00, 0x00, 0x00, 0x00, 0x00, 0x00, 0x00, 0x00, 0x00, 0x00, 0x00, 0x00, 0x00, 0x00,
    0x00, 0x00, 0x00, 0x00, 0x00, 0x00, 0x00, 0x00, 0x00, 0x00, 0x00, 0x2C, 0x2A, 0x00, 0x00, 0x00,
    0x00, 0x05, 0x34, 0x01, 0x00, 0x00, 0x00, 0x00, 0x00, 0x00, 0x0F, 0x3A, 0x00, 0x00, 0x00, 0x00,
    0x59, 0x19, 0x00, 0x00, 0x00, 0x00, 0x00, 0x00, 0x00, 0x00, 0x00, 0x00, 0x00, 0x00, 0x00, 0x00,
    0x00, 0x00, 0x00, 0x00, 0x00, 0x00, 0x00, 0x00, 0x00, 0x00, 0x00, 0x00, 0x00, 0x00, 0x00, 0x00,
    0x00, 0x00, 0x00, 0x00, 0x00, 0x00, 0x00, 0x00, 0x00, 0x00, 0x1B, 0x00, 0x00, 0x00, 0x00, 0x00,
    0x0D, 0x30, 0x01, 0x00, 0x00, 0x00, 0x00, 0x00, 0x00, 0x00, 0x00, 0x00, 0x00, 0x00, 0x00, 0x26,
    0x20, 0x00, 0x00, 0x01, 0x00, 0x00, 0x00, 0x00, 0x00, 0x00, 0x00, 0x06, 0x13, 0x00, 0x00, 0x00,
    0x00, 0x00, 0x00, 0x00, 0x00, 0x00, 0x2F, 0x30, 0x00, 0x00, 0x00, 0x00, 0x00, 0x00, 0x00, 0x00,
    0x00, 0x00, 0x00, 0x00, 0x00, 0x00, 0x00, 0x00, 0x00, 0x00, 0x00, 0x00, 0x00, 0x00, 0x00, 0x00,
    0x00, 0x00, 0x00, 0x00, 0x00, 0x00, 0x00, 0x00, 0x00, 0x00, 0x00, 0x00, 0x00, 0x00, 0x00, 0x00,
    0x00, 0x00, 0x00, 0x00, 0x00, 0x00, 0x00, 0x00, 0x00, 0x00, 0x00, 0x00, 0x00, 0x00, 0x00, 0x00,
    0x00, 0x00, 0x00, 0x00, 0x00, 0x00, 0x00, 0x00, 0x00, 0x00, 0x00, 0x00, 0x00, 0x00, 0x00, 0x00,
    0x00, 0x00, 0x00, 0x00, 0x00, 0x00, 0x00, 0x00, 0x00, 0x00, 0x00, 0x00, 0x00, 0x00, 0x00, 0x00,
    0x00, 0x00, 0x00, 0x00, 0x00, 0x00, 0x00, 0x00, 0x00, 0x00, 0x00, 0x00, 0x00, 0x00, 0x00, 0x00,
    0x00, 0x00, 0x00, 0x00, 0x00, 0x00, 0x00, 0x00, 0x00, 0x00, 0x00, 0x00, 0x00, 0x00, 0x00, 0x00,
    0x00, 0x00, 0x00, 0x00, 0x00, 0x00, 0x00, 0x00, 0x00, 0x00, 0x00, 0x00, 0x00, 0x00, 0x00, 0x00,
    0x00, 0x00, 0x00, 0x00, 0x00, 0x00, 0x00, 0x00, 0x00, 0x00, 0x00, 0x00, 0x00, 0x00, 0x00, 0x00,
    0x00, 0x00, 0x00, 0x00, 0x00, 0x00, 0x00, 0x00, 0x00, 0x00, 0x00, 0x00, 0x00, 0x00, 0x00, 0x00,
    0x00, 0x00, 0x00, 0x00, 0x00, 0x00, 0x00, 0x00, 0x00, 0x00, 0x00, 0x00, 0x00, 0x00, 0x00, 0x00,
    0x00, 0x00, 0x00, 0x00, 0x00, 0x00, 0x00, 0x00, 0x00, 0x00, 0x00, 0x00, 0x00, 0x00, 0x00, 0x00,
    0x00, 0x00, 0x00, 0x00, 0x00, 0x00, 0x00, 0x00, 0x00, 0x00, 0x00, 0x00, 0x00, 0x00, 0x00, 0x00,
    0x00, 0x00, 0x00, 0x00, 0x00, 0x00, 0x00, 0x00, 0x00, 0x00, 0x00, 0x00, 0x00, 0x00, 0x00, 0x00,
    0x00, 0x00, 0x00, 0x00, 0x00, 0x00, 0x00, 0x00, 0x00, 0x00, 0x00, 0x00, 0x00, 0x00, 0x00, 0x00,
    0x00, 0x00, 0x00, 0x00, 0x00, 0x00, 0x00, 0x00, 0x00, 0x00, 0x00, 0x00, 0x00, 0x00, 0x00, 0x00,
    0x00, 0x00, 0x00, 0x00, 0x00, 0x00, 0x00, 0x00, 0x00, 0x00, 0x00, 0x00, 0x00, 0x00, 0x00, 0x00,
    0x00, 0x00, 0x00, 0x00, 0x00, 0x00, 0x00, 0x00, 0x00, 0x00, 0x00, 0x00, 0x00, 0x00, 0x00, 0x00,
    0x00, 0x00, 0x00, 0x00, 0x00, 0x00, 0x00, 0x00, 0x00, 0x00, 0x00, 0x00, 0x00, 0x00, 0x00, 0x00,
    0x00, 0x00, 0x00, 0x00, 0x00, 0x00, 0x00, 0x00, 0x00, 0x00, 0x00, 0x00, 0x00, 0x00, 0x00, 0x00,
    0x00, 0x00, 0x00, 0x00, 0x00, 0x00, 0x00, 0x00, 0x00, 0x00, 0x00, 0x00, 0x00, 0x00, 0x00, 0x00,
    0x00, 0x00, 0x00, 0x00, 0x00, 0x00, 0x00, 0x00, 0x00, 0x00, 0x00, 0x00, 0x00, 0x00, 0x00, 0x00,
    0x00, 0x00, 0x00, 0x00, 0x00, 0x00,
};

const lv_image_dsc_t todo_text_t2_zh = {
    .header.magic = LV_IMAGE_HEADER_MAGIC,
    .header.cf = LV_COLOR_FORMAT_A8,
    .header.flags = 0,
    .header.w = 179,
    .header.h = 18,
    .header.stride = 179,
    .data_size = 3222,
    .data = todo_text_t2_zh_data,
};

static const uint8_t todo_text_t3_en_data[] = {
    0x00, 0x00, 0x00, 0x00, 0x00, 0x00, 0x00, 0x00, 0x00, 0x00, 0x00, 0x00, 0x00, 0x00, 0x00, 0x00,
    0x00, 0x00, 0x00, 0x00, 0x00, 0x00, 0x00, 0x00, 0x00, 0x00, 0x00, 0x00, 0x00, 0x00, 0x00, 0x00,
    0x00, 0x00, 0x00, 0x00, 0x00, 0x00, 0x00, 0x00, 0x00, 0x00, 0x00, 0x00, 0x00, 0x00, 0x00, 0x00,
    0x00, 0x00, 0x00, 0x00, 0x00, 0x00, 0x00, 0x00, 0x00, 0x00, 0x00, 0x00, 0x00, 0x00, 0x00, 0x00,
    0x00, 0x00, 0x00, 0x00, 0x00, 0x00, 0x00, 0x00, 0x00, 0x00, 0x00, 0x00, 0x00, 0x00, 0x00, 0x00,
    0x00, 0x00, 0x00, 0x00, 0x00, 0x00, 0x00, 0x00, 0x00, 0x00, 0x00, 0x00, 0x00, 0x00, 0x00, 0x00,
    0x00, 0x00, 0x00, 0x00, 0x00, 0x00, 0x00, 0x00, 0x00, 0x00, 0x00, 0x00, 0x00, 0x00, 0x00, 0x00,
    0x00, 0x00, 0x00, 0x00, 0x00, 0x00, 0x00, 0x00, 0x00, 0x00, 0x00, 0x00, 0x00, 0x00, 0x00, 0x00,
    0x00, 0x00, 0x00, 0x00, 0x00, 0x00, 0x00, 0x00, 0x00, 0x00, 0x00, 0x00, 0x00, 0x00, 0x00, 0x00,
    0x00, 0x00, 0x00, 0x00, 0x00, 0x00, 0x00, 0x00, 0x00, 0x00, 0x00, 0x00, 0x00, 0x00, 0x00, 0x00,
    0x00, 0x00, 0x00, 0x00, 0x00, 0x00, 0x00, 0x00, 0x00, 0x00, 0x00, 0x00, 0x00, 0x00, 0x00, 0x00,
    0x00, 0x00, 0x00, 0x00, 0x00, 0x00, 0x00, 0x00, 0x00, 0x00, 0x00, 0x00, 0x00, 0x00, 0x02, 0x8C,
    0xE0, 0xF5, 0xCA, 0x38, 0x00, 0x4C, 0xFF, 0xF8, 0x09, 0x00, 0xAF, 0xFF, 0xA0, 0x00, 0x00, 0x6B,
    0xFF, 0x84, 0x00, 0x00, 0x44, 0xFF, 0xFF, 0xFF, 0xF5, 0xBE, 0x17, 0xC8, 0xFF, 0xFF, 0xFF, 0xFF,
    0xE8, 0x00, 0x00, 0x00, 0x00, 0x22, 0xB1, 0xF3, 0xF2, 0xBB, 0x29, 0x00, 0x44, 0xFF, 0xFF, 0xFF,
    0xF5, 0xBE, 0x17, 0x50, 0xFF, 0x20, 0x48, 0xFF, 0xFF, 0xFD, 0xE3, 0x6D, 0x00, 0x00, 0x00, 0x00,
    0x00, 0x00, 0x6B, 0xFF, 0x84, 0x00, 0x00, 0x48, 0xFF, 0x28, 0x00, 0x04, 0xFF, 0x6C, 0x48, 0xFF,
    0xFF, 0xFD, 0xE3, 0x6D, 0x00, 0x00, 0x00, 0x00, 0x00, 0x00, 0x00, 0x00, 0x49, 0xFF, 0x3D, 0x0C,
    0xB5, 0xDA, 0x00, 0x4C, 0xFF, 0xF7, 0x47, 0x03, 0xEF, 0xF6, 0xA0, 0x00, 0x00, 0xD0, 0xAD, 0xE8,
    0x05, 0x00, 0x44, 0xFF, 0x2C, 0x00, 0x29, 0xFC, 0x83, 0x00, 0x00, 0xA8, 0xC8, 0x00, 0x00, 0x00,
    0x00, 0x00, 0x0D, 0xE1, 0xB0, 0x1A, 0x14, 0xB3, 0xDA, 0x01, 0x44, 0xFF, 0x2C, 0x00, 0x29, 0xFC,
    0x83, 0x50, 0xFF, 0x20, 0x48, 0xFF, 0x2C, 0x07, 0x68, 0xFE, 0x3C, 0x00, 0x00, 0x00, 0x00, 0x00,
    0xD0, 0xAD, 0xE8, 0x05, 0x00, 0x48, 0xFF, 0x28, 0x00, 0x04, 0xFF, 0x6C, 0x48, 0xFF, 0x2C, 0x07,
    0x68, 0xFE, 0x3C, 0x00, 0x00, 0x00, 0x00, 0x00, 0x00, 0x00, 0x34, 0xFE, 0x8A, 0x33, 0x06, 0x00,
    0x00, 0x4C, 0xFF, 0xBD, 0x8D, 0x38, 0xF9, 0xC2, 0xA0, 0x00, 0x37, 0xFA, 0x19, 0xF2, 0x56, 0x00,
    0x44, 0xFF, 0x2C, 0x01, 0x2A, 0xFC, 0x76, 0x00, 0x00, 0xA8, 0xC8, 0x00, 0x00, 0x00, 0x00, 0x00,
    0x5E, 0xFF, 0x1D, 0x00, 0x00, 0x00, 0x00, 0x00, 0x44, 0xFF, 0x2C, 0x01, 0x2A, 0xFC, 0x76, 0x50,
    0xFF, 0x20, 0x48, 0xFF, 0x2C, 0x00, 0x00, 0xDC, 0x9C, 0x00, 0x00, 0x00, 0x00, 0x37, 0xFA, 0x19,
    0xF2, 0x56, 0x00, 0x48, 0xFF, 0x28, 0x00, 0x04, 0xFF, 0x6C, 0x48, 0xFF, 0x2C, 0x00, 0x00, 0xDC,
    0x9C, 0x00, 0x00, 0x00, 0x00, 0x00, 0x00, 0x00, 0x00, 0x5B, 0xD6, 0xFF, 0xF3, 0x70, 0x00, 0x4C,
    0xFF, 0x7B, 0xD2, 0x7C, 0xC2, 0xB8, 0xA0, 0x00, 0x9C, 0xB9, 0x00, 0xA6, 0xBF, 0x00, 0x44, 0xFF,
    0xFF, 0xFF, 0xF5, 0x95, 0x0A, 0x00, 0x00, 0xA8, 0xC8, 0x00, 0x00, 0x00, 0x00, 0x00, 0x7D, 0xFE,
    0x02, 0x00, 0xF0, 0xFF, 0xFF, 0x2C, 0x44, 0xFF, 0xFF, 0xFF, 0xF5, 0x95, 0x0A, 0x50, 0xFF, 0x20,
    0x48, 0xFF, 0x2C, 0x00, 0x00, 0xC7, 0xB1, 0x00, 0x00, 0x00, 0x00, 0x9C, 0xB9, 0x00, 0xA6, 0xBF,
    0x00, 0x47, 0xFF, 0x28, 0x00, 0x04, 0xFF, 0x6B, 0x48, 0xFF, 0x2C, 0x00, 0x00, 0xC7, 0xB1, 0x00,
    0x00, 0x00, 0x00, 0x00, 0x00, 0x00, 0x00, 0x00, 0x00, 0x29, 0xAC, 0xFF, 0x1C, 0x4C, 0xFF, 0x39,
    0xFF, 0xD6, 0x80, 0xB8, 0xA0, 0x0D, 0xF4, 0xFF, 0xFF, 0xFF, 0xFF, 0x29, 0x44, 0xFF, 0x2D, 0x56,
    0xFD, 0x79, 0x00, 0x00, 0x00, 0xA8, 0xC8, 0x00, 0x00, 0x00, 0x00, 0x00, 0x5C, 0xFF, 0x24, 0x00,
    0x00, 0x48, 0xFF, 0x2C, 0x44, 0xFF, 0x2D, 0x56, 0xFD, 0x79, 0x00, 0x50, 0xFF, 0x20, 0x48, 0xFF,
    0x2C, 0x00, 0x00, 0xDA, 0x94, 0x00, 0x00, 0x00, 0x0D, 0xF4, 0xFF, 0xFF, 0xFF, 0xFF, 0x29, 0x3F,
    0xFF, 0x2B, 0x00, 0x08, 0xFF, 0x63, 0x48, 0xFF, 0x2C, 0x00, 0x00, 0xDA, 0x94, 0x00, 0x00, 0x00,
    0x00, 0x00, 0x00, 0x00, 0x79, 0xEF, 0x2E, 0x08, 0x85, 0xFA, 0x14, 0x4C, 0xFF, 0x0D, 0xE9, 0xFF,
    0x3E, 0xB8, 0xA0, 0x68, 0xF2, 0x06, 0x00, 0x00, 0xDC, 0x91, 0x44, 0xFF, 0x2C, 0x00, 0x8D, 0xFD,
    0x3B, 0x00, 0x00, 0xA8, 0xC8, 0x00, 0x00, 0x00, 0x00, 0x00, 0x0C, 0xE0, 0xB7, 0x1B, 0x1F, 0xAA,
    0xFF, 0x2C, 0x44, 0xFF, 0x2C, 0x00, 0x8D, 0xFD, 0x3B, 0x50, 0xFF, 0x20, 0x48, 0xFF, 0x2C, 0x03,
    0x53, 0xFF, 0x48, 0x00, 0x00, 0x00, 0x68, 0xF2, 0x06, 0x00, 0x00, 0xDC, 0x91, 0x17, 0xF9, 0x89,
    0x08, 0x5A, 0xFF, 0x35, 0x48, 0xFF, 0x2C, 0x03, 0x53, 0xFF, 0x48, 0x00, 0x00, 0x00, 0x00, 0x00,
    0x00, 0x00, 0x07, 0x9A, 0xEA, 0xFA, 0xDA, 0x58, 0x00, 0x4C, 0xFF, 0x0C, 0xA9, 0xF6, 0x06, 0xB8,
    0xA0, 0xCD, 0xAD, 0x00, 0x00, 0x00, 0x8C, 0xF0, 0x4B, 0xFF, 0x2C, 0x00, 0x09, 0xDA, 0xD4, 0x05,
    0x00, 0xA8, 0xC8, 0x00, 0x00, 0x00, 0x00, 0x00, 0x00, 0x21, 0xAE, 0xF0, 0xF8, 0xD1, 0x79, 0x07,
    0x44, 0xFF, 0x2C, 0x00, 0x09, 0xDA, 0xD4, 0x53, 0xFF, 0x20, 0x48, 0xFF, 0xFF, 0xFE, 0xE3, 0x6F,
    0x00, 0x00, 0x00, 0x00, 0xCD, 0xAD, 0x00, 0x00, 0x00, 0x8C, 0xF0, 0x0A, 0x57, 0xDF, 0xFB, 0xEA,
    0x79, 0x00, 0x48, 0xFF, 0xFF, 0xFE, 0xE3, 0x6F, 0x00, 0x48, 0xFF, 0x18, 0x00, 0x00, 0x00, 0x00,
    0x00, 0x00, 0x00, 0x00, 0x00, 0x00, 0x00, 0x00, 0x00, 0x00, 0x00, 0x00, 0x00, 0x00, 0x00, 0x00,
    0x00, 0x00, 0x00, 0x00, 0x00, 0x00, 0x00, 0x00, 0x00, 0x00, 0x00, 0x00, 0x00, 0x00, 0x00, 0x00,
    0x00, 0x00, 0x00, 0x00, 0x00, 0x00, 0x00, 0x00, 0x00, 0x00, 0x00, 0x00, 0x00, 0x00, 0x00, 0x00,
    0x00, 0x00, 0x00, 0x00, 0x00, 0x00, 0x00, 0x00, 0x00, 0x00, 0x00, 0x00, 0x00, 0x00, 0x00, 0x00,
    0x00, 0x00, 0x00, 0x00, 0x00, 0x00, 0x00, 0x00, 0x00, 0x00, 0x00, 0x00, 0x00, 0x00, 0x00, 0x00,
    0x00, 0x00, 0x00, 0x00, 0x00, 0x00, 0x00, 0x00, 0x00, 0x00, 0x00, 0x00, 0x00, 0x00, 0x00, 0x00,
    0x00, 0x00, 0x00, 0x00, 0x00, 0x00, 0x00, 0x00, 0x00, 0x00, 0x00, 0x00, 0x00, 0x00, 0x00, 0x00,
    0x00, 0x00, 0x00, 0x00, 0x00, 0x00, 0x00, 0x00, 0x00, 0x00, 0x00, 0x00, 0x00, 0x00, 0x00, 0x00,
    0x00, 0x00, 0x00, 0x00, 0x00, 0x00, 0x00, 0x00, 0x00, 0x00, 0x00, 0x00, 0x00, 0x00, 0x00, 0x00,
    0x00, 0x00, 0x00, 0x00, 0x00, 0x00, 0x00, 0x00, 0x00, 0x00, 0x00, 0x00, 0x00, 0x00, 0x00, 0x00,
    0x00, 0x00, 0x00, 0x00, 0x00, 0x00, 0x00, 0x00, 0x00, 0x00, 0x00, 0x00, 0x00, 0x00, 0x00, 0x00,
    0x00, 0x00, 0x00, 0x00, 0x00, 0x00, 0x00, 0x00, 0x00, 0x00,
};

const lv_image_dsc_t todo_text_t3_en = {
    .header.magic = LV_IMAGE_HEADER_MAGIC,
    .header.cf = LV_COLOR_FORMAT_A8,
    .header.flags = 0,
    .header.w = 94,
    .header.h = 11,
    .header.stride = 94,
    .data_size = 1034,
    .data = todo_text_t3_en_data,
};

static const uint8_t todo_text_t3_zh_data[] = {
    0x00, 0x00, 0x00, 0x00, 0x00, 0x00, 0x00, 0x00, 0x00, 0x00, 0x00, 0x00, 0x00, 0x00, 0x00, 0x00,
    0x00, 0x00, 0x00, 0x00, 0x00, 0x00, 0x00, 0x00, 0x00, 0x00, 0x00, 0x00, 0x00, 0x00, 0x00, 0x00,
    0x00, 0x00, 0x00, 0x00, 0x00, 0x00, 0x00, 0x00, 0x00, 0x00, 0x00, 0x00, 0x00, 0x00, 0x00, 0x00,
    0x00, 0x00, 0x00, 0x00, 0x00, 0x00, 0x00, 0x00, 0x00, 0x00, 0x00, 0x00, 0x00, 0x00, 0x00, 0x00,
    0x00, 0x00, 0x00, 0x00, 0x00, 0x00, 0x00, 0x00, 0x00, 0x00, 0x00, 0x00, 0x00, 0x00, 0x00, 0x00,
    0x00, 0x00, 0x00, 0x00, 0x00, 0x00, 0x00, 0x00, 0x00, 0x00, 0x00, 0x00, 0x00, 0x00, 0x00, 0x00,
    0x00, 0x00, 0x00, 0x00, 0x00, 0x00, 0x00, 0x00, 0x00, 0x00, 0x00, 0x00, 0x00, 0x00, 0x00, 0x00,
    0x00, 0x00, 0x00, 0x00, 0x00, 0x00, 0x00, 0x00, 0x00, 0x00, 0x00, 0x00, 0x00, 0x00, 0x00, 0x00,
    0x00, 0x00, 0x00, 0x00, 0x00, 0x00, 0x00, 0x00, 0x00, 0x00, 0x00, 0x00, 0x00, 0x00, 0x00, 0x00,
    0x00, 0x00, 0x00, 0x00, 0x00, 0x00, 0x00, 0x00, 0x00, 0x00, 0x00, 0x00, 0x00, 0x00, 0x00, 0x00,
    0x00, 0x00, 0x00, 0x00, 0x00, 0x00, 0x00, 0x00, 0x00, 0x00, 0x00, 0x00, 0x00, 0x00, 0x00, 0x00,
    0x00, 0x00, 0x00, 0x00, 0x00, 0x00, 0x00, 0x00, 0x00, 0x00, 0x00, 0x00, 0x00, 0x00, 0x00, 0x00,
    0x00, 0x00, 0x00, 0x00, 0x00, 0x00, 0x00, 0x00, 0x00, 0x00, 0x00, 0x00, 0x00, 0x00, 0x00, 0x00,
    0x00, 0x00, 0x00, 0x00, 0x00, 0x00, 0x00, 0x00, 0x00, 0x00, 0x00, 0x00, 0x00, 0x00, 0x00, 0x00,
    0x00, 0x00, 0x00, 0x00, 0x00, 0x00, 0x00, 0x00, 0x00, 0x00, 0x00, 0x00, 0x00, 0x00, 0x00, 0x00,
    0x00, 0x00, 0x00, 0x00, 0x00, 0x00, 0x00, 0x00, 0x00, 0x00, 0x00, 0x00, 0x00, 0x00, 0x00, 0x00,
    0x00, 0x00, 0x00, 0x00, 0x00, 0x00, 0x00, 0x00, 0x00, 0x00, 0x00, 0x00, 0x00, 0x00, 0x00, 0x00,
    0x00, 0x00, 0x00, 0x00, 0x00, 0x00, 0x00, 0x00, 0x00, 0x00, 0x00, 0x00, 0x00, 0x00, 0x00, 0x00,
    0x00, 0x00, 0x00, 0x00, 0x00, 0x00, 0x00, 0x00, 0x00, 0x00, 0x00, 0x00, 0x00, 0x00, 0x00, 0x00,
    0x00, 0x00, 0x00, 0x00, 0x00, 0x00, 0x00, 0x00, 0x00, 0x00, 0x00, 0x00, 0x00, 0x00, 0x00, 0x00,
    0x00, 0x00, 0x00, 0x00, 0x00, 0x00, 0x00, 0x00, 0x00, 0x00, 0x00, 0x00, 0x00, 0x00, 0x00, 0x00,
    0x00, 0x00, 0x00, 0x00, 0x00, 0x00, 0x00, 0x00, 0x00, 0x00, 0x00, 0x00, 0x00, 0x00, 0x00, 0x12,
    0x74, 0x0B, 0x00, 0x00, 0x00, 0x00, 0x00, 0x00, 0x00, 0x00, 0x11, 0x3B, 0x00, 0x00, 0x00, 0x00,
    0x0B, 0x39, 0x00, 0x00, 0x00, 0x00, 0x00, 0x00, 0x00, 0x00, 0x65, 0x1B, 0x00, 0x00, 0x00, 0x00,
    0x00, 0x00, 0x00, 0x00, 0x00, 0x00, 0x00, 0x00, 0x00, 0x00, 0x17, 0x49, 0x00, 0x00, 0x00, 0x00,
    0x00, 0x00, 0x00, 0x00, 0x05, 0x4C, 0x04, 0x00, 0x00, 0x00, 0x00, 0x00, 0x00, 0x00, 0x00, 0x00,
    0x00, 0x00, 0x00, 0x1F, 0x00, 0x00, 0x00, 0x03, 0x38, 0x01, 0x00, 0x00, 0x00, 0x00, 0x00, 0x00,
    0x00, 0x00, 0x00, 0x00, 0x00, 0x02, 0x06, 0x00, 0x00, 0x00, 0x00, 0x00, 0x00, 0x00, 0x00, 0x00,
    0x00, 0x12, 0x5F, 0x00, 0x00, 0x00, 0x00, 0x00, 0x00, 0x00, 0x00, 0x00, 0x00, 0x00, 0x11, 0x5F,
    0x00, 0x00, 0x29, 0x32, 0x00, 0x00, 0x00, 0x00, 0x00, 0x00, 0x2F, 0x25, 0x00, 0x00, 0x00, 0x00,
    0x33, 0x1F, 0x00, 0x00, 0x00, 0x00, 0x00, 0x00, 0x00, 0x00, 0x00, 0x05, 0x4E, 0x00, 0x00, 0x00,
    0x00, 0x00, 0x00, 0x00, 0x00, 0x00, 0x00, 0x00, 0x00, 0x01, 0x4F, 0x06, 0x00, 0x00, 0x00, 0x00,
    0x00, 0x00, 0x00, 0x00, 0x00, 0x00, 0x00, 0x00, 0x00, 0x00, 0x00, 0x0B, 0xEB, 0x60, 0x00, 0x00,
    0x00, 0x00, 0x00, 0x00, 0x00, 0x00, 0x3D, 0xD8, 0x00, 0x00, 0x00, 0x00, 0x4A, 0xF4, 0x1B, 0x00,
    0x00, 0x00, 0x00, 0x00, 0x00, 0x43, 0xFE, 0x44, 0x00, 0x00, 0x00, 0x00, 0x00, 0x00, 0x00, 0x00,
    0x00, 0x00, 0x00, 0x00, 0x00, 0x00, 0x3D, 0xF8, 0x12, 0x00, 0x00, 0x00, 0x00, 0x00, 0x00, 0x00,
    0x5F, 0xBF, 0x08, 0x05, 0x08, 0x06, 0x02, 0x04, 0x04, 0x04, 0x02, 0x00, 0x00, 0x00, 0x0D, 0xEB,
    0x65, 0x00, 0x00, 0x0A, 0xFC, 0x00, 0x00, 0x4F, 0x11, 0x00, 0x62, 0xF6, 0xEF, 0xEE, 0xEE, 0xF1,
    0xF8, 0x72, 0xF7, 0xF2, 0xF1, 0xF7, 0x9E, 0x00, 0x00, 0x00, 0x00, 0x00, 0x00, 0x2A, 0xF8, 0x00,
    0x00, 0x00, 0x00, 0x00, 0x00, 0x00, 0x00, 0x03, 0xB8, 0x18, 0x28, 0xEE, 0x00, 0x00, 0x93, 0xC6,
    0x00, 0x00, 0x00, 0x00, 0x00, 0x00, 0xA8, 0x7C, 0x00, 0x00, 0x00, 0x00, 0xBB, 0x8D, 0x00, 0x00,
    0x00, 0x00, 0x00, 0x00, 0x00, 0x00, 0x00, 0x23, 0xFA, 0x3E, 0x00, 0x00, 0x00, 0x00, 0x00, 0x00,
    0x00, 0x03, 0x10, 0x10, 0x10, 0x10, 0xC3, 0x75, 0x10, 0x10, 0x10, 0x10, 0x03, 0x00, 0x00, 0x00,
    0x00, 0x00, 0x09, 0xBC, 0xBC, 0xBC, 0xBC, 0xBC, 0xE8, 0xE5, 0xBC, 0xBC, 0xBC, 0xBC, 0xB2, 0x00,
    0x00, 0x00, 0x35, 0xD4, 0x00, 0x1A, 0x76, 0x68, 0x68, 0xB6, 0x6D, 0x6A, 0x79, 0x18, 0x00, 0x00,
    0x03, 0xCF, 0xDE, 0x78, 0x78, 0x78, 0x78, 0x78, 0x79, 0x7E, 0x4B, 0x00, 0x00, 0x10, 0xE8, 0xE0,
    0xE0, 0xE0, 0xE0, 0xF8, 0xE5, 0xE0, 0xE2, 0xEB, 0x71, 0x00, 0x00, 0x12, 0xE5, 0xDC, 0xF6, 0xE9,
    0xE5, 0x75, 0xAA, 0xEA, 0xDC, 0xEE, 0x9C, 0x00, 0x00, 0x00, 0x9C, 0xAD, 0x08, 0x91, 0x0E, 0x04,
    0xF8, 0x37, 0xB6, 0xDD, 0x44, 0x00, 0x03, 0x02, 0x44, 0x90, 0x90, 0x50, 0x02, 0x02, 0x00, 0x00,
    0x00, 0x74, 0x97, 0x00, 0x00, 0x0B, 0x14, 0x14, 0x14, 0x36, 0xF5, 0x14, 0x14, 0x14, 0x14, 0x07,
    0x00, 0x00, 0x00, 0x00, 0xFB, 0x13, 0x20, 0xE8, 0x00, 0x02, 0xE4, 0x56, 0x08, 0x08, 0x0D, 0x08,
    0x00, 0x00, 0x9A, 0x74, 0x00, 0x9F, 0xCC, 0xCC, 0xE6, 0xF0, 0xCC, 0xCC, 0xCC, 0x2C, 0x00, 0x00,
    0x00, 0x00, 0x00, 0x00, 0x93, 0x84, 0x00, 0x00, 0x00, 0x00, 0x00, 0x00, 0x00, 0x29, 0xF1, 0xA4,
    0xA4, 0xB7, 0xA8, 0xA4, 0xA4, 0xA4, 0xA4, 0xEB, 0x38, 0x00, 0x00, 0x00, 0x00, 0x00, 0x06, 0xFF,
    0x40, 0x30, 0x30, 0x30, 0x46, 0x55, 0x30, 0x30, 0x30, 0x4A, 0xEB, 0x00, 0x01, 0x68, 0x82, 0xE4,
    0x65, 0x44, 0x89, 0x84, 0xAD, 0x84, 0x84, 0x85, 0x8E, 0x1B, 0x00, 0x00, 0x7D, 0xEB, 0x5E, 0x5C,
    0x5C, 0xDC, 0x8F, 0x5C, 0x5E, 0x63, 0x3B, 0x00, 0x00, 0x0E, 0xFF, 0x02, 0x00, 0x5D, 0x4A, 0x00,
    0x00, 0x66, 0x50, 0x00, 0x02, 0x00, 0x00, 0x61, 0x93, 0x00, 0xC2, 0x49, 0x00, 0x00, 0xA3, 0x68,
    0x00, 0x84, 0x95, 0x00, 0x00, 0x6F, 0xD3, 0x0D, 0x00, 0xA0, 0xB0, 0x06, 0xFF, 0xB1, 0x4C, 0x02,
    0x00, 0x00, 0x05, 0x60, 0x8A, 0xBA, 0xBA, 0x92, 0x60, 0x0F, 0x00, 0x00, 0x00, 0x74, 0x94, 0x00,
    0x00, 0x8E, 0xF3, 0xD8, 0xD8, 0xDD, 0xFE, 0xD8, 0xD8, 0xD8, 0xF6, 0x5A, 0x00, 0x00, 0x00, 0x00,
    0xF8, 0x10, 0x20, 0xE8, 0x00, 0x4A, 0xF8, 0xD8, 0xD8, 0xD9, 0xE6, 0x6D, 0x12, 0x37, 0xAD, 0x92,
    0x29, 0xC2, 0x6D, 0x30, 0x30, 0x30, 0x30, 0x30, 0xE2, 0x32, 0x0B, 0xAF, 0xA6, 0xA4, 0xA4, 0xA4,
    0xA5, 0xA4, 0xA4, 0xA4, 0xA4, 0xA5, 0xAB, 0x16, 0x00, 0x1B, 0x87, 0x00, 0x01, 0xBF, 0x62, 0x00,
    0x00, 0x00, 0x00, 0x73, 0x22, 0x00, 0x00, 0x00, 0x00, 0x00, 0x0A, 0xD4, 0x10, 0x00, 0x00, 0x00,
    0x68, 0xAF, 0x00, 0x00, 0x00, 0x13, 0x94, 0x00, 0x02, 0xA7, 0xBF, 0xEE, 0xA3, 0x3D, 0x00, 0x3E,
    0xEE, 0x1F, 0x23, 0x21, 0x00, 0x00, 0x00, 0x42, 0xFB, 0x51, 0x00, 0x00, 0x00, 0xC8, 0x50, 0x00,
    0x00, 0x00, 0x00, 0x00, 0x00, 0x0E, 0xFF, 0x23, 0x3D, 0xAE, 0x93, 0x38, 0x38, 0xAF, 0x95, 0x3C,
    0x24, 0x00, 0x00, 0xD4, 0xE3, 0xE0, 0xF8, 0xE8, 0xE3, 0xC2, 0xA1, 0x68, 0x00, 0x84, 0x94, 0x00,
    0x00, 0xD9, 0xE6, 0xCB, 0xC3, 0xB8, 0xE6, 0x5B, 0xF9, 0x01, 0x00, 0x13, 0xD2, 0x07, 0x0A, 0xF5,
    0x9A, 0xC1, 0xC2, 0x97, 0xEE, 0x25, 0x00, 0x00, 0x00, 0x74, 0x95, 0x00, 0x00, 0x88, 0xB0, 0x00,
    0x00, 0x24, 0xF4, 0x00, 0x00, 0x00, 0xC4, 0x55, 0x00, 0x00, 0x00, 0x00, 0xF8, 0x10, 0x20, 0xE8,
    0x00, 0xB3, 0x8D, 0x31, 0x40, 0x00, 0x00, 0x00, 0x33, 0xAF, 0xDD, 0xD3, 0x76, 0x7A, 0x31, 0xB7,
    0x57, 0x08, 0xBE, 0x2F, 0x86, 0x22, 0x06, 0x5E, 0x59, 0x58, 0xB7, 0xAF, 0x58, 0x58, 0x58, 0x58,
    0x58, 0x59, 0x5D, 0x0C, 0x00, 0x59, 0xCC, 0xC4, 0xDF, 0xEA, 0xC4, 0xC4, 0xC4, 0xDD, 0xCC, 0xD2,
    0x5D, 0x00, 0x00, 0x00, 0x00, 0x00, 0x00, 0x00, 0x6B, 0xE2, 0xE0, 0xE0, 0xEC, 0xF5, 0xE0, 0xE0,
    0xE0, 0xB6, 0x00, 0x00, 0x00, 0x00, 0x8C, 0xD4, 0x00, 0x00, 0x21, 0xD6, 0x35, 0x00, 0xBD, 0xA7,
    0x00, 0x00, 0x09, 0xCF, 0x94, 0x5A, 0x68, 0x68, 0x68, 0xDE, 0x97, 0x69, 0x6B, 0x6F, 0x00, 0x00,
    0x00, 0x0F, 0xFD, 0x52, 0x9D, 0xD5, 0xC7, 0x98, 0x98, 0xD5, 0xC7, 0x9C, 0x57, 0x00, 0x00, 0x07,
    0x02, 0x4A, 0xFF, 0x6D, 0x10, 0x06, 0xA3, 0x7B, 0x20, 0x93, 0x97, 0x00, 0x00, 0x12, 0x04, 0x04,
    0x04, 0x04, 0x16, 0x00, 0xE0, 0xB9, 0xA0, 0xC3, 0xB8, 0x00, 0x07, 0xEC, 0x51, 0x88, 0x90, 0x40,
    0xE0, 0x20, 0x44, 0x4C, 0x4C, 0x9D, 0x99, 0x00, 0x00, 0x85, 0xBA, 0x20, 0x20, 0x3F, 0xF5, 0x20,
    0x20, 0x20, 0xCB, 0x54, 0x00, 0x00, 0x00, 0x00, 0xFA, 0x11, 0x22, 0xE9, 0x3C, 0xF3, 0x19, 0x50,
    0xF3, 0x4E, 0x00, 0x00, 0x00, 0x00, 0x98, 0x74, 0x00, 0x00, 0x8D, 0xD7, 0x12, 0x00, 0x62, 0xE6,
    0x1F, 0x00, 0x00, 0x00, 0x00, 0x00, 0x96, 0x80, 0x00, 0x00, 0x00, 0x00, 0x00, 0x00, 0x00, 0x00,
    0x00, 0x00, 0x00, 0x54, 0xE2, 0x2C, 0x03, 0x00, 0x6F, 0xAC, 0x04, 0x00, 0x00, 0x00, 0x00, 0x00,
    0x00, 0x00, 0x00, 0x00, 0x70, 0x90, 0x00, 0x00, 0x60, 0xA8, 0x00, 0x00, 0x38, 0xC7, 0x00, 0x00,
    0x00, 0x08, 0xE7, 0xEA, 0xAE, 0x03, 0xE1, 0xEB, 0xD2, 0xDA, 0xDF, 0x14, 0x00, 0x00, 0x00, 0x06,
    0x05, 0xDB, 0x8C, 0x6C, 0x6C, 0xDF, 0x9A, 0x6E, 0x70, 0x73, 0x00, 0x00, 0x00, 0x16, 0xF6, 0x00,
    0x00, 0x97, 0x87, 0x24, 0x24, 0xA6, 0x75, 0x00, 0x00, 0x00, 0x00, 0x00, 0x45, 0xEA, 0x67, 0xA1,
    0xEF, 0x55, 0x81, 0xC0, 0xC0, 0xC0, 0x77, 0x00, 0x00, 0x57, 0xF4, 0xDC, 0xDC, 0xE8, 0xA8, 0x02,
    0x32, 0x33, 0x34, 0x32, 0x08, 0x00, 0x05, 0xEC, 0x77, 0x72, 0x90, 0x47, 0xE0, 0x1D, 0xE1, 0xA3,
    0x94, 0x94, 0x5D, 0x00, 0x00, 0x85, 0xEC, 0xC0, 0xC0, 0xC9, 0xFD, 0xC0, 0xC0, 0xC0, 0xF1, 0x54,
    0x00, 0x00, 0x00, 0x02, 0xE7, 0x18, 0x29, 0xF0, 0x32, 0x5C, 0x00, 0x00, 0x56, 0xF3, 0x18, 0x00,
    0x00, 0x00, 0x98, 0x8C, 0x52, 0x67, 0xE5, 0x20, 0x00, 0x00, 0x00, 0x91, 0xA8, 0x00, 0x00, 0x00,
    0x00, 0x00, 0xA2, 0xB8, 0x78, 0x78, 0x78, 0x78, 0x78, 0x43, 0x00, 0x00, 0x00, 0x00, 0x00, 0x33,
    0x65, 0x93, 0xDC, 0xDD, 0xF5, 0x58, 0x0F, 0x00, 0x00, 0x00, 0x00, 0x00, 0x00, 0x00, 0x00, 0x00,
    0x6E, 0xD9, 0xA8, 0xA8, 0xC9, 0xE1, 0xA8, 0xA8, 0xBB, 0xC5, 0x00, 0x00, 0x00, 0x7A, 0xCE, 0xD5,
    0xC8, 0x72, 0x2F, 0x1E, 0x48, 0xEA, 0x2E, 0x89, 0xA5, 0x00, 0x00, 0x00, 0x00, 0xD6, 0x38, 0x00,
    0x00, 0xC8, 0x50, 0x00, 0x00, 0x00, 0x00, 0x00, 0x00, 0x1F, 0xE5, 0x00, 0x00, 0x75, 0xBC, 0xBC,
    0xBC, 0xBC, 0x5B, 0x00, 0x00, 0x00, 0x00, 0x64, 0xE7, 0x67, 0x28, 0x28, 0x5E, 0x3E, 0x28, 0x28,
    0x28, 0x08, 0x00, 0x00, 0x00, 0x4E, 0xB8, 0x1C, 0x1C, 0x6D, 0xA1, 0x0B, 0xFE, 0x01, 0x00, 0x41,
    0x0E, 0x00, 0x05, 0xEE, 0xD1, 0x3C, 0x72, 0xE6, 0xF8, 0x1C, 0xD9, 0x24, 0x00, 0x00, 0x00, 0x00,
    0x00, 0x84, 0xB0, 0x00, 0x00, 0x24, 0xF4, 0x00, 0x00, 0x00, 0xC4, 0x54, 0x00, 0x00, 0x00, 0x00,
    0x00, 0x00, 0x15, 0x6F, 0x00, 0x00, 0x00, 0x00, 0x00, 0x1F, 0x00, 0x00, 0x15, 0x60, 0xD5, 0xE8,
    0x63, 0x2E, 0x96, 0x70, 0x70, 0x70, 0x70, 0x7B, 0x3D, 0x00, 0x00, 0x00, 0x00, 0x00, 0xBB, 0xB2,
    0x84, 0x84, 0x84, 0x84, 0xD8, 0x7A, 0x00, 0x00, 0x00, 0x06, 0x9D, 0xAA, 0xB3, 0xCF, 0xAF, 0x4B,
    0x3F, 0x92, 0xE2, 0xC0, 0x2D, 0x00, 0x00, 0x00, 0x00, 0x00, 0x00, 0x00, 0x6C, 0xAF, 0x48, 0x48,
    0x8D, 0xC0, 0x48, 0x48, 0x70, 0xC4, 0x00, 0x00, 0x38, 0xEF, 0x54, 0xD4, 0x2D, 0x25, 0x00, 0x52,
    0xEA, 0x3F, 0x2F, 0xF1, 0x32, 0x00, 0x05, 0x0B, 0x06, 0xD5, 0x3B, 0x04, 0x04, 0xC8, 0x52, 0x04,
    0x04, 0x05, 0x0B, 0x05, 0x00, 0x32, 0xCB, 0x1D, 0xA5, 0x9E, 0x9C, 0x9C, 0x9C, 0x9C, 0x9B, 0x1A,
    0x00, 0x00, 0x00, 0x05, 0x13, 0xCD, 0xBC, 0x9C, 0x9C, 0x9C, 0x9C, 0x9C, 0xF9, 0x30, 0x00, 0x00,
    0x00, 0x4C, 0xED, 0xC4, 0xC4, 0xD9, 0xA0, 0x04, 0xF8, 0x35, 0xA9, 0xEA, 0x4F, 0x00, 0x04, 0xEF,
    0x5F, 0x01, 0x00, 0x0F, 0xE2, 0x1C, 0xD8, 0x24, 0x00, 0x00, 0x00, 0x00, 0x00, 0x85, 0xB5, 0x10,
    0x10, 0x31, 0xF4, 0x10, 0x10, 0x10, 0xC7, 0x57, 0x00, 0x00, 0x00, 0x04, 0xE4, 0xE4, 0xE4, 0xE4,
    0xE4, 0xE4, 0xE4, 0xE4, 0xE4, 0xE4, 0x11, 0x00, 0x48, 0xD0, 0xCA, 0x74, 0x00, 0x2A, 0x78, 0x70,
    0xAA, 0xCA, 0x70, 0x78, 0x35, 0x00, 0x00, 0x00, 0x00, 0x02, 0xEB, 0x39, 0x00, 0x00, 0x00, 0x00,
    0xC0, 0x62, 0x00, 0x00, 0x00, 0x10, 0x4E, 0x4F, 0x32, 0x12, 0x71, 0x7E, 0x10, 0x10, 0x14, 0x61,
    0x24, 0x00, 0x00, 0x00, 0x00, 0x00, 0x00, 0x00, 0x6E, 0xB1, 0x4C, 0x4C, 0x8F, 0xC2, 0x4C, 0x4C,
    0x73, 0xC6, 0x00, 0x00, 0x2E, 0x6F, 0x34, 0xD4, 0x00, 0x27, 0xA6, 0xE1, 0x35, 0x1F, 0xE3, 0x72,
    0x00, 0x00, 0x55, 0xD9, 0xD5, 0xD0, 0xD0, 0xD0, 0xD0, 0xF5, 0xDF, 0xD0, 0xD0, 0xD1, 0xD5, 0x4B,
    0x00, 0x52, 0xB2, 0x0B, 0x3D, 0x96, 0xAE, 0x34, 0x34, 0xB3, 0x9C, 0x00, 0x00, 0x00, 0x00, 0x00,
    0x00, 0xC7, 0x74, 0x30, 0x30, 0x30, 0x30, 0x30, 0xF3, 0x2A, 0x00, 0x00, 0x00, 0x4C, 0xB6, 0x14,
    0x14, 0x68, 0xA0, 0x04, 0xFF, 0xBD, 0x5F, 0x08, 0x00, 0x00, 0x05, 0xF9, 0xB0, 0xB0, 0xB0, 0xB0,
    0xF6, 0x1D, 0xD8, 0x24, 0x00, 0x00, 0x00, 0x00, 0x00, 0x88, 0xF4, 0xDC, 0xDC, 0xE1, 0xFE, 0xDC,
    0xDC, 0xDC, 0xDC, 0x4F, 0x00, 0x00, 0x00, 0x00, 0xFB, 0x26, 0x18, 0xF8, 0x2A, 0x1B, 0xFF, 0x1F,
    0x18, 0xFF, 0x0B, 0x00, 0x04, 0x01, 0x98, 0x74, 0x00, 0x00, 0x00, 0x00, 0x68, 0xA0, 0x00, 0x00,
    0x00, 0x00, 0x00, 0x00, 0x00, 0x4A, 0xEB, 0x04, 0x00, 0x00, 0x00, 0x00, 0xD7, 0x47, 0x00, 0x00,
    0x00, 0x6D, 0xB7, 0xB4, 0xB4, 0xE0, 0xFF, 0xFC, 0xE1, 0xB4, 0xB4, 0xB9, 0x8E, 0x00, 0x00, 0x00,
    0x00, 0x00, 0x00, 0x00, 0x73, 0xD6, 0xA0, 0xA0, 0xC4, 0xDF, 0xA0, 0xA0, 0xB5, 0xCA, 0x00, 0x00,
    0x00, 0x00, 0x34, 0xD4, 0x00, 0x3D, 0x99, 0x0E, 0x38, 0xE4, 0xD9, 0xC6, 0x11, 0x00, 0x00, 0x00,
    0x00, 0x00, 0x00, 0x00, 0x00, 0xC8, 0x50, 0x00, 0x00, 0x00, 0x00, 0x00, 0x00, 0x90, 0x82, 0x00,
    0x00, 0x08, 0xD0, 0x63, 0x69, 0xCE, 0x0C, 0x00, 0x00, 0x00, 0x00, 0x00, 0x00, 0xC4, 0xBF, 0xA0,
    0xA0, 0xA0, 0xA0, 0xA0, 0xFA, 0x28, 0x00, 0x00, 0x00, 0x4C, 0xEF, 0xCC, 0xCC, 0xDE, 0xA0, 0x04,
    0xF8, 0x00, 0x00, 0x00, 0x18, 0x00, 0x06, 0xED, 0x14, 0x14, 0x14, 0x14, 0xE2, 0x1F, 0xD8, 0x24,
    0x00, 0x00, 0x3A, 0x08, 0x00, 0x80, 0x9F, 0x00, 0x00, 0x24, 0xF4, 0x00, 0x00, 0x00, 0x00, 0x00,
    0x16, 0x00, 0x00, 0x00, 0xF8, 0x10, 0x00, 0xF8, 0x14, 0x04, 0xFF, 0x08, 0x00, 0xFF, 0x08, 0x00,
    0x00, 0x00, 0x98, 0x74, 0x00, 0x00, 0x00, 0x00, 0x68, 0xA0, 0x00, 0x00, 0x00, 0x00, 0x00, 0x00,
    0x06, 0xD2, 0x81, 0x00, 0x00, 0x00, 0x00, 0x00, 0xEF, 0x2B, 0x00, 0x00, 0x00, 0x00, 0x00, 0x00,
    0x5F, 0xD6, 0x92, 0x90, 0xCB, 0x71, 0x03, 0x00, 0x00, 0x00, 0x00, 0x00, 0x00, 0x00, 0x00, 0x00,
    0x1C, 0x21, 0x00, 0x00, 0x62, 0xA9, 0x00, 0x00, 0x09, 0x23, 0x00, 0x00, 0x00, 0x00, 0x38, 0xD7,
    0x00, 0x00, 0x18, 0x92, 0xF3, 0x5F, 0x08, 0xBF, 0xCD, 0x10, 0x00, 0x00, 0x00, 0x00, 0x00, 0x00,
    0x00, 0xCA, 0x52, 0x00, 0x00, 0x00, 0x00, 0x00, 0x05, 0xE2, 0x3C, 0x00, 0x00, 0x00, 0x4A, 0xFC,
    0xF9, 0x47, 0x02, 0x00, 0x00, 0x00, 0x00, 0x00, 0x00, 0xC6, 0x79, 0x38, 0x38, 0x38, 0x38, 0x38,
    0xF3, 0x2A, 0x00, 0x00, 0x00, 0x4D, 0xB0, 0x00, 0x00, 0x60, 0xA0, 0x03, 0xFB, 0x08, 0x00, 0x0F,
    0xF7, 0x1B, 0x08, 0xFB, 0xC4, 0xC4, 0xC4, 0xC4, 0xF8, 0x22, 0xD7, 0x2E, 0x00, 0x00, 0xCD, 0x5C,
    0x00, 0x00, 0x00, 0x00, 0x00, 0x23, 0xF9, 0x05, 0x00, 0x00, 0x00, 0x03, 0xED, 0x47, 0x0B, 0x09,
    0xF8, 0x10, 0x00, 0xF8, 0x14, 0x04, 0xFF, 0x08, 0x00, 0xFF, 0x10, 0x0B, 0x00, 0x00, 0x9B, 0x72,
    0x00, 0x39, 0x2E, 0x2C, 0x82, 0xB0, 0x2C, 0x2D, 0x3A, 0x1C, 0x00, 0x02, 0xA2, 0xCD, 0x09, 0x00,
    0x00, 0x00, 0x00, 0x41, 0xFC, 0x0D, 0x00, 0x00, 0x00, 0x02, 0x44, 0xBC, 0xA9, 0x11, 0x70, 0x80,
    0x0C, 0xA2, 0xD6, 0x6E, 0x1E, 0x00, 0x00, 0x00, 0x00, 0x00, 0x00, 0x00, 0x00, 0x00, 0x00, 0x00,
    0x67, 0xAF, 0x00, 0x00, 0x00, 0x00, 0x00, 0x00, 0x00, 0x00, 0x3F, 0xDE, 0x00, 0x5F, 0xFA, 0xB2,
    0x23, 0x00, 0x00, 0x13, 0xBA, 0x21, 0x00, 0x00, 0x00, 0x00, 0x00, 0x00, 0x00, 0xCF, 0x59, 0x00,
    0x00, 0x00, 0x00, 0x00, 0x3E, 0xD5, 0x10, 0x81, 0xA5, 0xDC, 0xB9, 0x5F, 0x72, 0xC6, 0xEF, 0xD4,
    0xBC, 0x16, 0x00, 0x00, 0x00, 0xCB, 0xC4, 0xA8, 0xA8, 0xA8, 0xA8, 0xA8, 0xFA, 0x2F, 0x00, 0x00,
    0x00, 0x55, 0xB0, 0x00, 0x4C, 0xDE, 0x8F, 0x00, 0xC0, 0xDF, 0xD4, 0xDE, 0xA2, 0x00, 0x0C, 0xEE,
    0x1C, 0x1C, 0x1C, 0x1C, 0xE3, 0x28, 0xB4, 0xE5, 0xC8, 0xCF, 0xEC, 0x0E, 0x00, 0x00, 0x00, 0x00,
    0x00, 0x07, 0xEA, 0xCD, 0xAC, 0xAC, 0xAC, 0xCE, 0xEA, 0x0D, 0x80, 0xFA, 0xF3, 0xE1, 0xE0, 0xEF,
    0xE1, 0xE0, 0xF0, 0xE0, 0xE0, 0xF9, 0xFF, 0x84, 0x00, 0xA1, 0xF8, 0x40, 0x00, 0xB8, 0xBA, 0xB8,
    0xB8, 0xB8, 0xB8, 0xB8, 0xBE, 0x4F, 0x04, 0xB0, 0xD1, 0x16, 0x00, 0x00, 0x00, 0x73, 0xE9, 0xFD,
    0x91, 0x00, 0x00, 0x00, 0x10, 0xDF, 0xBA, 0x3F, 0x00, 0x00, 0x74, 0x84, 0x00, 0x00, 0x36, 0xA9,
    0xE8, 0x1B, 0x00, 0x00, 0x00, 0x00, 0x00, 0x00, 0x00, 0x00, 0x00, 0x00, 0x2E, 0x4C, 0x00, 0x00,
    0x00, 0x00, 0x00, 0x00, 0x00, 0x00, 0x0D, 0x2E, 0x00, 0x05, 0x2C, 0x00, 0x00, 0x00, 0x00, 0x00,
    0x00, 0x00, 0x00, 0x00, 0x00, 0x00, 0x00, 0x00, 0x00, 0x4F, 0x23, 0x00, 0x00, 0x00, 0x00, 0x00,
    0x00, 0x07, 0x00, 0x56, 0x40, 0x0E, 0x00, 0x00, 0x00, 0x00, 0x0A, 0x38, 0x4F, 0x00, 0x00, 0x00,
    0x00, 0x41, 0x1A, 0x00, 0x00, 0x00, 0x00, 0x00, 0x4B, 0x10, 0x00, 0x00, 0x00, 0x21, 0x42, 0x00,
    0x16, 0x4F, 0x09, 0x00, 0x00, 0x00, 0x00, 0x00, 0x00, 0x00, 0x04, 0x3E, 0x00, 0x00, 0x00, 0x00,
    0x15, 0x04, 0x08, 0x27, 0x28, 0x27, 0x0D, 0x00, 0x00, 0x00, 0x00, 0x00, 0x00, 0x00, 0x16, 0x41,
    0x44, 0x44, 0x44, 0x41, 0x16, 0x00, 0x04, 0x00, 0x00, 0x00, 0x00, 0x00, 0x00, 0x00, 0x00, 0x00,
    0x00, 0x00, 0x02, 0x04, 0x00, 0x2B, 0x24, 0x00, 0x00, 0x00, 0x00, 0x00, 0x00, 0x00, 0x00, 0x00,
    0x00, 0x00, 0x00, 0x3B, 0x11, 0x00, 0x00, 0x00, 0x00, 0x1D, 0x43, 0x13, 0x00, 0x00, 0x00, 0x00,
    0x00, 0x0F, 0x00, 0x00, 0x00, 0x00, 0x2D, 0x33, 0x00, 0x00, 0x00, 0x00, 0x03, 0x00, 0x00, 0x00,
    0x00, 0x00, 0x00, 0x00, 0x00, 0x00, 0x00, 0x00, 0x00, 0x00, 0x00, 0x00, 0x00, 0x00, 0x00, 0x00,
    0x00, 0x00, 0x00, 0x00, 0x00, 0x00, 0x00, 0x00, 0x00, 0x00, 0x00, 0x00, 0x00, 0x00, 0x00, 0x00,
    0x00, 0x00, 0x00, 0x00, 0x00, 0x00, 0x00, 0x00, 0x00, 0x00, 0x00, 0x00, 0x00, 0x00, 0x00, 0x00,
    0x00, 0x00, 0x00, 0x00, 0x00, 0x00, 0x00, 0x00, 0x00, 0x00, 0x00, 0x00, 0x00, 0x00, 0x00, 0x00,
    0x00, 0x00, 0x00, 0x00, 0x00, 0x00, 0x00, 0x00, 0x00, 0x00, 0x00, 0x00, 0x00, 0x00, 0x00, 0x00,
    0x00, 0x00, 0x00, 0x00, 0x00, 0x00, 0x00, 0x00, 0x00, 0x00, 0x00, 0x00, 0x00, 0x00, 0x00, 0x00,
    0x00, 0x00, 0x00, 0x00, 0x00, 0x00, 0x00, 0x00, 0x00, 0x00, 0x00, 0x00, 0x00, 0x00, 0x00, 0x00,
    0x00, 0x00, 0x00, 0x00, 0x00, 0x00, 0x00, 0x00, 0x00, 0x00, 0x00, 0x00, 0x00, 0x00, 0x00, 0x00,
    0x00, 0x00, 0x00, 0x00, 0x00, 0x00, 0x00, 0x00, 0x00, 0x00, 0x00, 0x00, 0x00, 0x00, 0x00, 0x00,
    0x00, 0x00, 0x00, 0x00, 0x00, 0x00, 0x00, 0x00, 0x00, 0x00, 0x00, 0x00, 0x00, 0x00, 0x00, 0x00,
    0x00, 0x00, 0x00, 0x00, 0x00, 0x00, 0x00, 0x00, 0x00, 0x00, 0x00, 0x00, 0x00, 0x00, 0x00, 0x00,
    0x00, 0x00, 0x00, 0x00, 0x00, 0x00, 0x00, 0x00, 0x00, 0x00, 0x00, 0x00, 0x00, 0x00, 0x00, 0x00,
    0x00, 0x00, 0x00, 0x00, 0x00, 0x00, 0x00, 0x00, 0x00, 0x00, 0x00, 0x00, 0x00, 0x00, 0x00, 0x00,
    0x00, 0x00, 0x00, 0x00, 0x00, 0x00, 0x00, 0x00, 0x00, 0x00, 0x00, 0x00, 0x00, 0x00, 0x00, 0x00,
    0x00, 0x00, 0x00, 0x00, 0x00, 0x00, 0x00, 0x00, 0x00, 0x00, 0x00, 0x00, 0x00, 0x00, 0x00, 0x00,
    0x00, 0x00, 0x00, 0x00, 0x00, 0x00, 0x00, 0x00, 0x00, 0x00, 0x00, 0x00, 0x00, 0x00, 0x00, 0x00,
    0x00, 0x00, 0x00, 0x00, 0x00, 0x00, 0x00, 0x00, 0x00, 0x00, 0x00, 0x00, 0x00, 0x00, 0x00, 0x00,
    0x00, 0x00, 0x00, 0x00, 0x00, 0x00, 0x00, 0x00, 0x00, 0x00, 0x00, 0x00, 0x00, 0x00, 0x00, 0x00,
    0x00, 0x00, 0x00, 0x00, 0x00, 0x00, 0x00, 0x00, 0x00, 0x00, 0x00, 0x00, 0x00, 0x00, 0x00, 0x00,
    0x00, 0x00, 0x00, 0x00, 0x00, 0x00, 0x00, 0x00, 0x00, 0x00, 0x00, 0x00, 0x00, 0x00, 0x00, 0x00,
    0x00, 0x00, 0x00, 0x00, 0x00, 0x00, 0x00, 0x00, 0x00, 0x00, 0x00, 0x00, 0x00, 0x00, 0x00, 0x00,
    0x00, 0x00, 0x00, 0x00, 0x00, 0x00, 0x00, 0x00,
};

const lv_image_dsc_t todo_text_t3_zh = {
    .header.magic = LV_IMAGE_HEADER_MAGIC,
    .header.cf = LV_COLOR_FORMAT_A8,
    .header.flags = 0,
    .header.w = 172,
    .header.h = 18,
    .header.stride = 172,
    .data_size = 3096,
    .data = todo_text_t3_zh_data,
};

static const uint8_t todo_text_t4_en_data[] = {
    0x00, 0x00, 0x00, 0x00, 0x00, 0x00, 0x00, 0x00, 0x00, 0x00, 0x00, 0x00, 0x00, 0x00, 0x00, 0x00,
    0x00, 0x00, 0x00, 0x00, 0x00, 0x00, 0x00, 0x00, 0x00, 0x00, 0x00, 0x00, 0x00, 0x00, 0x00, 0x00,
    0x00, 0x00, 0x00, 0x00, 0x00, 0x00, 0x00, 0x00, 0x00, 0x00, 0x00, 0x00, 0x00, 0x00, 0x00, 0x00,
    0x00, 0x00, 0x00, 0x00, 0x00, 0x00, 0x00, 0x00, 0x00, 0x00, 0x00, 0x00, 0x00, 0x00, 0x00, 0x00,
    0x00, 0x00, 0x00, 0x00, 0x00, 0x00, 0x00, 0x00, 0x00, 0x00, 0x00, 0x00, 0x00, 0x00, 0x00, 0x00,
    0x00, 0x00, 0x00, 0x00, 0x00, 0x00, 0x00, 0x00, 0x00, 0x00, 0x00, 0x00, 0x00, 0x00, 0x00, 0x00,
    0x00, 0x00, 0x00, 0x00, 0x00, 0x00, 0x00, 0x00, 0x00, 0x00, 0x00, 0x00, 0x00, 0x00, 0x00, 0x00,
    0x00, 0x00, 0x00, 0x00, 0x00, 0x00, 0x00, 0x00, 0x00, 0x00, 0x00, 0x00, 0x00, 0x00, 0x00, 0x00,
    0x00, 0x00, 0x00, 0x00, 0x00, 0x00, 0x00, 0x00, 0x00, 0x00, 0x00, 0x00, 0x00, 0x00, 0x00, 0x00,
    0x00, 0x00, 0x00, 0x00, 0x00, 0x00, 0x00, 0x00, 0x00, 0x00, 0x00, 0x00, 0x00, 0x00, 0x00, 0x00,
    0x00, 0x00, 0x00, 0x00, 0x00, 0x00, 0x00, 0x00, 0x00, 0x00, 0x00, 0x00, 0x00, 0x00, 0x00, 0x00,
    0x00, 0x00, 0x00, 0x00, 0x00, 0x00, 0x00, 0x00, 0x00, 0x00, 0x00, 0x00, 0x00, 0x00, 0x00, 0x00,
    0x00, 0x00, 0x00, 0x00, 0x00, 0x00, 0x00, 0x00, 0x44, 0xFF, 0xFF, 0xFF, 0xF4, 0x9C, 0x04, 0x00,
    0x00, 0x6B, 0xFF, 0x84, 0x00, 0x00, 0x00, 0x29, 0xB8, 0xF0, 0xE4, 0x87, 0x04, 0x40, 0xFF, 0x30,
    0x00, 0x68, 0xFE, 0x8A, 0x48, 0xFF, 0x28, 0x00, 0x04, 0xFF, 0x6C, 0x44, 0xFF, 0xFF, 0xFD, 0xED,
    0x7E, 0x00, 0x00, 0x00, 0x00, 0x44, 0xFF, 0xFF, 0xFF, 0xF5, 0xBE, 0x17, 0x44, 0xFF, 0xFF, 0xFF,
    0xFF, 0xFF, 0x08, 0x00, 0x29, 0xB8, 0xF0, 0xE4, 0x87, 0x04, 0x00, 0x2E, 0xBF, 0xF7, 0xE6, 0xA0,
    0x15, 0x00, 0x44, 0xFF, 0xFF, 0xFF, 0xF5, 0xBE, 0x17, 0x48, 0xFF, 0xFF, 0xFD, 0xE3, 0x6D, 0x00,
    0x02, 0x8C, 0xE0, 0xF5, 0xCA, 0x38, 0x00, 0x00, 0x00, 0x00, 0x00, 0x44, 0xFF, 0x2C, 0x01, 0x42,
    0xFF, 0x48, 0x00, 0x00, 0xD0, 0xAD, 0xE8, 0x05, 0x00, 0x0E, 0xE6, 0x9D, 0x0F, 0x31, 0xED, 0x76,
    0x40, 0xFF, 0x30, 0x6D, 0xFE, 0x80, 0x00, 0x48, 0xFF, 0x28, 0x00, 0x04, 0xFF, 0x6C, 0x44, 0xFF,
    0x2C, 0x05, 0x8D, 0xFF, 0x22, 0x00, 0x00, 0x00, 0x44, 0xFF, 0x2C, 0x00, 0x29, 0xFC, 0x83, 0x44,
    0xFF, 0x2C, 0x00, 0x00, 0x00, 0x00, 0x0E, 0xE6, 0x9D, 0x0F, 0x31, 0xED, 0x76, 0x16, 0xEA, 0xA8,
    0x15, 0x23, 0xCA, 0xC6, 0x02, 0x44, 0xFF, 0x2C, 0x00, 0x29, 0xFC, 0x83, 0x48, 0xFF, 0x2C, 0x07,
    0x68, 0xFE, 0x3C, 0x49, 0xFF, 0x3D, 0x0C, 0xB5, 0xDA, 0x00, 0x00, 0x00, 0x00, 0x00, 0x44, 0xFF,
    0x2C, 0x01, 0x49, 0xFD, 0x35, 0x00, 0x37, 0xFA, 0x19, 0xF2, 0x56, 0x00, 0x5E, 0xFF, 0x17, 0x00,
    0x00, 0x00, 0x00, 0x40, 0xFF, 0x9F, 0xFF, 0x98, 0x00, 0x00, 0x48, 0xFF, 0x28, 0x00, 0x04, 0xFF,
    0x6C, 0x44, 0xFF, 0x2C, 0x07, 0x8B, 0xFF, 0x16, 0x00, 0x00, 0x00, 0x44, 0xFF, 0x2C, 0x01, 0x2A,
    0xFC, 0x76, 0x44, 0xFF, 0x2C, 0x00, 0x00, 0x00, 0x00, 0x5E, 0xFF, 0x17, 0x00, 0x00, 0x00, 0x00,
    0x6F, 0xFF, 0x14, 0x00, 0x00, 0x43, 0xFF, 0x35, 0x44, 0xFF, 0x2C, 0x01, 0x2A, 0xFC, 0x76, 0x48,
    0xFF, 0x2C, 0x00, 0x00, 0xDC, 0x9C, 0x34, 0xFE, 0x8A, 0x33, 0x06, 0x00, 0x00, 0x00, 0x00, 0x00,
    0x00, 0x44, 0xFF, 0xFF, 0xFF, 0xFF, 0xC1, 0x0C, 0x00, 0x9C, 0xB9, 0x00, 0xA6, 0xBF, 0x00, 0x7E,
    0xFD, 0x01, 0x00, 0x00, 0x00, 0x00, 0x40, 0xFF, 0xFF, 0xE5, 0xE3, 0x0D, 0x00, 0x47, 0xFF, 0x28,
    0x00, 0x04, 0xFF, 0x6B, 0x44, 0xFF, 0xFF, 0xFD, 0xE6, 0x6B, 0x00, 0x00, 0x00, 0x00, 0x44, 0xFF,
    0xFF, 0xFF, 0xF5, 0x95, 0x0A, 0x44, 0xFF, 0xFF, 0xFF, 0xFF, 0xC4, 0x00, 0x7E, 0xFD, 0x01, 0x00,
    0x00, 0x00, 0x00, 0x88, 0xF3, 0x00, 0x00, 0x00, 0x24, 0xFF, 0x55, 0x44, 0xFF, 0xFF, 0xFF, 0xF5,
    0x95, 0x0A, 0x48, 0xFF, 0x2C, 0x00, 0x00, 0xC7, 0xB1, 0x00, 0x5B, 0xD6, 0xFF, 0xF3, 0x70, 0x00,
    0x00, 0x00, 0x00, 0x00, 0x44, 0xFF, 0x2C, 0x01, 0x21, 0xEA, 0x97, 0x0D, 0xF4, 0xFF, 0xFF, 0xFF,
    0xFF, 0x29, 0x62, 0xFF, 0x19, 0x00, 0x00, 0x00, 0x00, 0x40, 0xFF, 0x7E, 0x28, 0xFA, 0x96, 0x00,
    0x3F, 0xFF, 0x2B, 0x00, 0x08, 0xFF, 0x63, 0x44, 0xFF, 0x2C, 0x00, 0x00, 0x00, 0x00, 0x00, 0x00,
    0x00, 0x44, 0xFF, 0x2D, 0x56, 0xFD, 0x79, 0x00, 0x44, 0xFF, 0x2C, 0x00, 0x00, 0x00, 0x00, 0x62,
    0xFF, 0x19, 0x00, 0x00, 0x00, 0x00, 0x68, 0xFF, 0x16, 0x00, 0x00, 0x47, 0xFF, 0x36, 0x44, 0xFF,
    0x2D, 0x56, 0xFD, 0x79, 0x00, 0x48, 0xFF, 0x2C, 0x00, 0x00, 0xDA, 0x94, 0x00, 0x00, 0x00, 0x29,
    0xAC, 0xFF, 0x1C, 0x00, 0x00, 0x00, 0x00, 0x44, 0xFF, 0x2C, 0x00, 0x1A, 0xE9, 0x9D, 0x68, 0xF2,
    0x06, 0x00, 0x00, 0xDC, 0x91, 0x12, 0xEA, 0x9C, 0x0F, 0x36, 0xE9, 0x74, 0x40, 0xFF, 0x30, 0x00,
    0x8E, 0xFE, 0x3D, 0x17, 0xF9, 0x89, 0x08, 0x5A, 0xFF, 0x35, 0x44, 0xFF, 0x2C, 0x00, 0x00, 0x00,
    0x00, 0x00, 0x00, 0x00, 0x44, 0xFF, 0x2C, 0x00, 0x8D, 0xFD, 0x3B, 0x44, 0xFF, 0x2C, 0x00, 0x00,
    0x00, 0x00, 0x12, 0xEA, 0x9C, 0x0F, 0x36, 0xE9, 0x74, 0x14, 0xEB, 0xAB, 0x16, 0x23, 0xCC, 0xC8,
    0x02, 0x44, 0xFF, 0x2C, 0x00, 0x8D, 0xFD, 0x3B, 0x48, 0xFF, 0x2C, 0x03, 0x53, 0xFF, 0x48, 0x79,
    0xEF, 0x2E, 0x08, 0x85, 0xFA, 0x14, 0x00, 0x00, 0x00, 0x00, 0x44, 0xFF, 0xFF, 0xFE, 0xF8, 0xC3,
    0x1D, 0xCD, 0xAD, 0x00, 0x00, 0x00, 0x8C, 0xF0, 0x0A, 0x2E, 0xBD, 0xF2, 0xE7, 0x88, 0x02, 0x40,
    0xFF, 0x30, 0x00, 0x0E, 0xE8, 0xD8, 0x08, 0x57, 0xDF, 0xFB, 0xEA, 0x79, 0x00, 0x44, 0xFF, 0x2C,
    0x00, 0x00, 0x00, 0x00, 0x00, 0x00, 0x00, 0x44, 0xFF, 0x2C, 0x00, 0x09, 0xDA, 0xD4, 0x48, 0xFF,
    0xFF, 0xFF, 0xFF, 0xFF, 0x2C, 0x00, 0x2E, 0xBD, 0xF2, 0xE7, 0x88, 0x02, 0x00, 0x2C, 0xB7, 0xEE,
    0xE8, 0xA3, 0x17, 0x00, 0x44, 0xFF, 0x2C, 0x00, 0x09, 0xDA, 0xD4, 0x4C, 0xFF, 0xFF, 0xFE, 0xE3,
    0x6F, 0x00, 0x07, 0x9A, 0xEA, 0xFA, 0xDA, 0x58, 0x00, 0x00, 0x00, 0x00, 0x00, 0x00, 0x00, 0x00,
    0x00, 0x00, 0x00, 0x00, 0x00, 0x00, 0x00, 0x00, 0x00, 0x00, 0x00, 0x00, 0x00, 0x00, 0x00, 0x00,
    0x00, 0x00, 0x00, 0x00, 0x00, 0x00, 0x00, 0x00, 0x00, 0x00, 0x00, 0x00, 0x00, 0x00, 0x00, 0x00,
    0x00, 0x00, 0x00, 0x00, 0x00, 0x00, 0x00, 0x00, 0x00, 0x00, 0x00, 0x00, 0x00, 0x00, 0x00, 0x00,
    0x00, 0x00, 0x00, 0x00, 0x00, 0x00, 0x00, 0x00, 0x00, 0x00, 0x00, 0x00, 0x00, 0x00, 0x00, 0x00,
    0x00, 0x00, 0x00, 0x00, 0x00, 0x00, 0x00, 0x00, 0x00, 0x00, 0x00, 0x00, 0x00, 0x00, 0x00, 0x00,
    0x00, 0x00, 0x00, 0x00, 0x00, 0x00, 0x00, 0x00, 0x00, 0x00, 0x00, 0x00, 0x00, 0x00, 0x00, 0x00,
    0x00, 0x00, 0x00, 0x00, 0x00, 0x00, 0x00, 0x00, 0x00, 0x00, 0x00, 0x00, 0x00, 0x00, 0x00, 0x00,
    0x00, 0x00, 0x00, 0x00, 0x00, 0x00, 0x00, 0x00, 0x00, 0x00, 0x00, 0x00, 0x00, 0x00, 0x00, 0x00,
    0x00, 0x00, 0x00, 0x00, 0x00, 0x00, 0x00, 0x00, 0x00, 0x00, 0x00, 0x00, 0x00, 0x00, 0x00, 0x00,
    0x00, 0x00, 0x00, 0x00, 0x00, 0x00, 0x00, 0x00, 0x00, 0x00, 0x00, 0x00, 0x00, 0x00, 0x00, 0x00,
    0x00, 0x00, 0x00, 0x00, 0x00, 0x00, 0x00, 0x00, 0x00, 0x00, 0x00, 0x00, 0x00, 0x00, 0x00, 0x00,
    0x00, 0x00, 0x00, 0x00, 0x00, 0x00, 0x00, 0x00, 0x00, 0x00, 0x00, 0x00, 0x00, 0x00, 0x00, 0x00,
    0x00,
};

const lv_image_dsc_t todo_text_t4_en = {
    .header.magic = LV_IMAGE_HEADER_MAGIC,
    .header.cf = LV_COLOR_FORMAT_A8,
    .header.flags = 0,
    .header.w = 99,
    .header.h = 11,
    .header.stride = 99,
    .data_size = 1089,
    .data = todo_text_t4_en_data,
};

static const uint8_t todo_text_t4_zh_data[] = {
    0x00, 0x00, 0x00, 0x00, 0x00, 0x00, 0x00, 0x00, 0x00, 0x00, 0x00, 0x00, 0x00, 0x00, 0x00, 0x00,
    0x00, 0x00, 0x00, 0x00, 0x00, 0x00, 0x00, 0x00, 0x00, 0x00, 0x00, 0x00, 0x00, 0x00, 0x00, 0x00,
    0x00, 0x00, 0x00, 0x00, 0x00, 0x00, 0x00, 0x00, 0x00, 0x00, 0x00, 0x00, 0x00, 0x00, 0x00, 0x00,
    0x00, 0x00, 0x00, 0x00, 0x00, 0x00, 0x00, 0x00, 0x00, 0x00, 0x00, 0x00, 0x00, 0x00, 0x00, 0x00,
    0x00, 0x00, 0x00, 0x00, 0x00, 0x00, 0x00, 0x00, 0x00, 0x00, 0x00, 0x00, 0x00, 0x00, 0x00, 0x00,
    0x00, 0x00, 0x00, 0x00, 0x00, 0x00, 0x00, 0x00, 0x00, 0x00, 0x00, 0x00, 0x00, 0x00, 0x00, 0x00,
    0x00, 0x00, 0x00, 0x00, 0x00, 0x00, 0x00, 0x00, 0x00, 0x00, 0x00, 0x00, 0x00, 0x00, 0x00, 0x00,
    0x00, 0x00, 0x00, 0x00, 0x00, 0x00, 0x00, 0x00, 0x00, 0x00, 0x00, 0x00, 0x00, 0x00, 0x00, 0x00,
    0x00, 0x00, 0x00, 0x00, 0x00, 0x00, 0x00, 0x00, 0x00, 0x00, 0x00, 0x00, 0x00, 0x00, 0x00, 0x00,
    0x00, 0x00, 0x00, 0x00, 0x00, 0x00, 0x00, 0x00, 0x00, 0x00, 0x00, 0x00, 0x00, 0x00, 0x00, 0x00,
    0x00, 0x00, 0x00, 0x00, 0x00, 0x00, 0x00, 0x00, 0x00, 0x00, 0x00, 0x00, 0x00, 0x00, 0x00, 0x00,
    0x00, 0x00, 0x00, 0x00, 0x00, 0x00, 0x00, 0x00, 0x00, 0x00, 0x00, 0x00, 0x00, 0x00, 0x00, 0x00,
    0x00, 0x00, 0x00, 0x00, 0x00, 0x00, 0x00, 0x00, 0x00, 0x00, 0x00, 0x00, 0x00, 0x00, 0x00, 0x00,
    0x00, 0x00, 0x00, 0x00, 0x00, 0x00, 0x00, 0x00, 0x00, 0x00, 0x00, 0x00, 0x00, 0x00, 0x00, 0x00,
    0x00, 0x00, 0x00, 0x00, 0x00, 0x00, 0x00, 0x00, 0x00, 0x00, 0x00, 0x00, 0x00, 0x00, 0x00, 0x00,
    0x00, 0x00, 0x00, 0x00, 0x00, 0x00, 0x00, 0x00, 0x00, 0x00, 0x00, 0x00, 0x00, 0x00, 0x00, 0x3B,
    0x03, 0x00, 0x00, 0x00, 0x00, 0x00, 0x00, 0x00, 0x00, 0x00, 0x00, 0x00, 0x09, 0x0A, 0x00, 0x00,
    0x00, 0x00, 0x00, 0x00, 0x00, 0x00, 0x00, 0x00, 0x00, 0x00, 0x00, 0x00, 0x00, 0x00, 0x04, 0x20,
    0x04, 0x00, 0x00, 0x00, 0x00, 0x00, 0x00, 0x00, 0x00, 0x00, 0x00, 0x00, 0x00, 0x00, 0x00, 0x00,
    0x32, 0x1B, 0x00, 0x00, 0x00, 0x00, 0x00, 0x00, 0x00, 0x01, 0x1F, 0x00, 0x00, 0x00, 0x00, 0x00,
    0x00, 0x00, 0x00, 0x00, 0x00, 0x00, 0x00, 0x00, 0x00, 0x00, 0x15, 0x00, 0x00, 0x00, 0x00, 0x00,
    0x00, 0x00, 0x00, 0x00, 0x00, 0x00, 0x00, 0x00, 0x00, 0x00, 0x00, 0x00, 0x0D, 0x1A, 0x00, 0x00,
    0x00, 0x00, 0x00, 0x00, 0x00, 0x00, 0x00, 0x0F, 0x02, 0x00, 0x00, 0x00, 0x1C, 0x02, 0x00, 0x00,
    0x00, 0x00, 0x00, 0x00, 0x00, 0x00, 0x00, 0x00, 0x00, 0x00, 0x42, 0xF7, 0x38, 0x00, 0x00, 0x00,
    0x00, 0x00, 0x00, 0x00, 0x00, 0x00, 0x00, 0x00, 0x60, 0xE0, 0x06, 0x00, 0x2C, 0x15, 0x00, 0xB0,
    0x3E, 0x00, 0x00, 0x00, 0x00, 0x00, 0x00, 0x00, 0x00, 0x00, 0x1E, 0xFF, 0x1C, 0x00, 0x00, 0x00,
    0x00, 0x00, 0x00, 0x00, 0x00, 0x5D, 0xC2, 0x00, 0x00, 0x00, 0x00, 0x00, 0xC7, 0x66, 0x00, 0x00,
    0x00, 0x00, 0x00, 0x00, 0x00, 0x44, 0xFA, 0x23, 0x00, 0x00, 0x00, 0x00, 0x00, 0x16, 0x3C, 0x00,
    0x00, 0x00, 0x00, 0x00, 0x00, 0x1B, 0xF7, 0x5C, 0x00, 0x00, 0x00, 0x00, 0x00, 0x00, 0x00, 0x00,
    0x00, 0x07, 0x3F, 0x00, 0x00, 0x00, 0x00, 0x00, 0x6A, 0xD0, 0x00, 0x00, 0x00, 0x00, 0x00, 0x00,
    0x00, 0x00, 0x00, 0xB8, 0x79, 0x00, 0x00, 0x00, 0xC8, 0xA1, 0x00, 0x00, 0x00, 0x00, 0x00, 0x00,
    0x00, 0x00, 0x00, 0x00, 0x00, 0x08, 0xDB, 0xE2, 0xAC, 0xAC, 0xAC, 0xAC, 0xAC, 0x8A, 0x00, 0x00,
    0x00, 0x00, 0x00, 0x00, 0xB9, 0x89, 0x00, 0x00, 0xB6, 0x98, 0x00, 0x9C, 0x83, 0x00, 0x00, 0x00,
    0x00, 0x00, 0x00, 0x00, 0x00, 0x00, 0x15, 0xFF, 0x18, 0x00, 0x00, 0x00, 0x00, 0x00, 0x00, 0x00,
    0x00, 0x61, 0xD1, 0x00, 0x00, 0x66, 0x5F, 0x00, 0xBE, 0x60, 0x00, 0x00, 0x00, 0x00, 0x00, 0x00,
    0x00, 0xAE, 0x9F, 0x1E, 0x43, 0x5D, 0x80, 0xAA, 0xD9, 0xFE, 0xDB, 0x0E, 0x00, 0x00, 0x00, 0x00,
    0x00, 0xAC, 0xFD, 0xAF, 0xAC, 0xAC, 0xAC, 0xAC, 0xAA, 0x19, 0x00, 0x00, 0x00, 0x36, 0xEC, 0x8F,
    0x08, 0xD2, 0xCA, 0xC8, 0xDE, 0xF3, 0xC8, 0xC8, 0xCE, 0x67, 0x00, 0x00, 0x00, 0x00, 0x00, 0x37,
    0xF5, 0x14, 0x00, 0x2E, 0xFC, 0x2E, 0x00, 0x00, 0x00, 0x00, 0x00, 0x00, 0x00, 0x00, 0x00, 0x00,
    0x06, 0xB1, 0xFE, 0x5E, 0x28, 0x28, 0x28, 0x4E, 0xF4, 0x43, 0x00, 0x00, 0x00, 0x00, 0x00, 0x31,
    0xF6, 0x17, 0x00, 0x12, 0xF7, 0x2F, 0x00, 0x48, 0xE0, 0x03, 0x00, 0x00, 0x00, 0x2A, 0x3A, 0x34,
    0x34, 0x34, 0x43, 0xFF, 0x47, 0x34, 0x34, 0x34, 0x38, 0x2E, 0x00, 0x00, 0x00, 0x5C, 0xD0, 0x00,
    0x00, 0x91, 0x87, 0x00, 0xBC, 0x60, 0x00, 0x05, 0x14, 0x00, 0x00, 0x00, 0x32, 0xF9, 0x20, 0x40,
    0xCC, 0xAE, 0x9A, 0xFF, 0x4E, 0x13, 0x00, 0x00, 0x00, 0x00, 0x00, 0x00, 0x7B, 0xEC, 0xFB, 0x60,
    0x38, 0x38, 0x52, 0xF6, 0x8C, 0x00, 0x00, 0x00, 0x00, 0x00, 0x20, 0xD2, 0x39, 0x26, 0x1B, 0x18,
    0x72, 0xCD, 0x18, 0x18, 0x1F, 0x14, 0x00, 0x00, 0x00, 0x31, 0x8C, 0x8C, 0xAE, 0x8C, 0x8C, 0xC2,
    0xE1, 0x8C, 0x8C, 0x32, 0x00, 0x00, 0x00, 0x00, 0x00, 0x00, 0x00, 0x08, 0xB7, 0xCF, 0x5A, 0xE9,
    0x53, 0x00, 0x25, 0xE1, 0x6B, 0x00, 0x00, 0x00, 0x00, 0x00, 0x00, 0xB2, 0xC1, 0x00, 0x00, 0x7F,
    0xBD, 0x00, 0x00, 0x05, 0xDD, 0x59, 0x00, 0x00, 0x00, 0x8E, 0xD3, 0xCC, 0xCC, 0xD2, 0xFF, 0xFF,
    0xFF, 0xCF, 0xCC, 0xCC, 0xD1, 0x9B, 0x00, 0x03, 0x0E, 0x61, 0xD1, 0x0A, 0x0A, 0x8D, 0x81, 0x00,
    0xBC, 0x98, 0x9B, 0xEC, 0x62, 0x00, 0x00, 0x00, 0xBF, 0xE0, 0x00, 0x00, 0x00, 0x00, 0x18, 0xFF,
    0x14, 0x00, 0x00, 0x00, 0x00, 0x00, 0x03, 0x8F, 0xF0, 0x2F, 0x7C, 0xDC, 0x1B, 0x16, 0xCE, 0xAE,
    0x03, 0x00, 0x00, 0x00, 0x00, 0x00, 0x00, 0x02, 0x00, 0x95, 0xEE, 0xE1, 0xEC, 0xF9, 0xE0, 0xE4,
    0xF1, 0x49, 0x00, 0x00, 0x00, 0x53, 0xE5, 0x70, 0x70, 0x84, 0xFB, 0x70, 0x70, 0x70, 0xE5, 0x5C,
    0x00, 0x00, 0x00, 0x00, 0x00, 0x00, 0x00, 0x02, 0x60, 0x0F, 0x00, 0x35, 0xE7, 0xA6, 0xEB, 0x66,
    0x00, 0x00, 0x00, 0x00, 0x00, 0x00, 0x49, 0xFF, 0xC0, 0x00, 0x22, 0xF2, 0x39, 0x00, 0x00, 0x00,
    0x4E, 0xE8, 0x12, 0x00, 0x00, 0x00, 0x00, 0x00, 0x00, 0x62, 0xE0, 0xFF, 0xDD, 0x47, 0x00, 0x00,
    0x00, 0x00, 0x00, 0x2C, 0xFD, 0xFB, 0xFE, 0xFB, 0x84, 0x8C, 0xAD, 0xA0, 0xF6, 0xD7, 0x7F, 0xD3,
    0x5C, 0x00, 0x00, 0x68, 0xFC, 0xE0, 0x00, 0x00, 0x00, 0x00, 0x18, 0xFF, 0x14, 0x00, 0x00, 0x00,
    0x00, 0x00, 0x06, 0x7F, 0x2E, 0x00, 0x00, 0x96, 0xE1, 0xE3, 0x94, 0x05, 0x00, 0x00, 0x00, 0x00,
    0x0F, 0xCD, 0x56, 0x00, 0x14, 0x1E, 0x19, 0x18, 0x72, 0xCD, 0x18, 0x18, 0x1D, 0x23, 0x02, 0x00,
    0x00, 0x4F, 0xD1, 0x08, 0x08, 0x2A, 0xF8, 0x08, 0x08, 0x08, 0xD1, 0x5C, 0x00, 0x00, 0x00, 0x00,
    0x00, 0x00, 0x00, 0x00, 0x00, 0x00, 0x28, 0x76, 0xE3, 0xE3, 0xED, 0x88, 0x45, 0x14, 0x00, 0x00,
    0x00, 0x17, 0xE4, 0xBD, 0xC0, 0x0B, 0xC8, 0xCB, 0x48, 0x44, 0x44, 0x44, 0x44, 0xD9, 0xC0, 0x0A,
    0x00, 0x00, 0x00, 0x00, 0x00, 0xD1, 0x72, 0xFF, 0x80, 0xAF, 0x00, 0x00, 0x00, 0x00, 0x00, 0x01,
    0x01, 0x5C, 0xD0, 0x05, 0x9C, 0xED, 0xE0, 0x7B, 0xCD, 0x60, 0x00, 0xC0, 0x5C, 0x00, 0x33, 0xF4,
    0x84, 0xE0, 0x02, 0x01, 0x00, 0x00, 0x18, 0xFF, 0x14, 0x00, 0x00, 0x02, 0x01, 0x00, 0x00, 0x00,
    0x00, 0x1B, 0x64, 0xC1, 0xE4, 0xF0, 0x9C, 0x46, 0x11, 0x00, 0x00, 0x00, 0x00, 0x5D, 0xEE, 0x96,
    0x75, 0xCF, 0xCB, 0xC8, 0xC8, 0xC8, 0xC8, 0xC8, 0xCE, 0xD5, 0x0D, 0x00, 0x00, 0x4D, 0xFB, 0xE8,
    0xE8, 0xEB, 0xFF, 0xE8, 0xE8, 0xE8, 0xFB, 0x5C, 0x00, 0x00, 0x00, 0x00, 0x00, 0x00, 0x1F, 0x9D,
    0xBF, 0xEB, 0xDC, 0x92, 0x36, 0x00, 0x32, 0x8E, 0xD0, 0xF8, 0xF5, 0xE8, 0x40, 0x25, 0x92, 0x5C,
    0xC0, 0x9F, 0xCD, 0x98, 0xDA, 0xE7, 0xB8, 0xB8, 0xE9, 0x98, 0xD7, 0x33, 0x00, 0x00, 0x00, 0x00,
    0x5F, 0xE0, 0x19, 0xFF, 0x27, 0xEB, 0x39, 0x00, 0x00, 0x00, 0x00, 0x00, 0x00, 0x5C, 0xD0, 0x00,
    0x6A, 0xAD, 0x80, 0x00, 0xBC, 0x60, 0x00, 0xC0, 0x5C, 0x00, 0x06, 0x4B, 0x4C, 0xE0, 0x60, 0xFF,
    0xFC, 0xFC, 0xFC, 0xFF, 0xFC, 0xFC, 0xFC, 0xFF, 0x30, 0x06, 0x94, 0xB3, 0xDE, 0xF7, 0xB1, 0x7F,
    0x6C, 0x18, 0x79, 0xD0, 0xFE, 0xEE, 0xD8, 0x21, 0x00, 0x00, 0x1D, 0x22, 0x00, 0x1E, 0x64, 0x64,
    0x64, 0x64, 0x64, 0x64, 0x5E, 0x00, 0x00, 0x00, 0x00, 0x4F, 0xD0, 0x00, 0x00, 0x24, 0xF8, 0x00,
    0x00, 0x00, 0xD0, 0x5C, 0x00, 0x00, 0x00, 0x00, 0x00, 0x00, 0x00, 0x7A, 0x55, 0xC4, 0xC0, 0xC0,
    0xC0, 0xC0, 0xC0, 0xC0, 0xC0, 0xB8, 0x21, 0x41, 0x02, 0x00, 0x00, 0x5C, 0xC0, 0x15, 0x18, 0x00,
    0x7F, 0x98, 0x00, 0x00, 0xB5, 0x6A, 0x04, 0x00, 0x00, 0x00, 0x00, 0x15, 0xEB, 0x51, 0x14, 0xFF,
    0x18, 0x69, 0xDA, 0x12, 0x00, 0x00, 0x00, 0x00, 0x00, 0x5C, 0xD0, 0x00, 0x00, 0x8C, 0x80, 0x00,
    0xBC, 0x60, 0x00, 0xC9, 0x59, 0x00, 0x00, 0x00, 0x4C, 0xE0, 0x06, 0x08, 0x04, 0x04, 0x1B, 0xFF,
    0x17, 0x04, 0x05, 0x0E, 0x03, 0x00, 0x68, 0x73, 0x3B, 0x09, 0x00, 0x64, 0xDB, 0x00, 0x00, 0x00,
    0x13, 0x44, 0x52, 0x00, 0x00, 0x00, 0x00, 0x0A, 0x00, 0x46, 0xED, 0x7C, 0x7C, 0x7C, 0x7C, 0xA1,
    0xEC, 0x00, 0x00, 0x00, 0x00, 0x53, 0xE8, 0x84, 0x84, 0x95, 0xFC, 0x84, 0x84, 0x84, 0xE8, 0x5C,
    0x00, 0x00, 0x00, 0x00, 0x00, 0x00, 0x00, 0x00, 0x00, 0xD9, 0x51, 0x20, 0x27, 0xFF, 0x27, 0x20,
    0x43, 0xE9, 0x00, 0x00, 0x00, 0x00, 0x00, 0x5C, 0xC0, 0x00, 0x00, 0x00, 0x96, 0x7F, 0x00, 0x00,
    0xBC, 0x5F, 0x00, 0x00, 0x00, 0x00, 0x0B, 0xC9, 0xA9, 0x00, 0x14, 0xFF, 0x18, 0x02, 0xB5, 0xCB,
    0x15, 0x00, 0x00, 0x00, 0x00, 0x5C, 0xD0, 0x00, 0x00, 0x8C, 0x80, 0x00, 0xBC, 0x78, 0xB7, 0xF9,
    0x28, 0x00, 0x00, 0x00, 0x4C, 0xE0, 0x00, 0x00, 0x00, 0x00, 0x18, 0xFF, 0x14, 0x00, 0x00, 0x00,
    0x00, 0x00, 0x00, 0x7C, 0xE3, 0xE1, 0xE0, 0xED, 0xF7, 0xE0, 0xE0, 0xE0, 0xE0, 0x64, 0x00, 0x00,
    0x00, 0x00, 0x01, 0xCF, 0x30, 0x40, 0xEE, 0x84, 0x84, 0x84, 0x84, 0xA6, 0xE5, 0x00, 0x00, 0x00,
    0x00, 0x25, 0x6C, 0x6C, 0x6C, 0x80, 0xFB, 0x6C, 0x6C, 0x6C, 0x6C, 0x26, 0x00, 0x00, 0x00, 0x00,
    0x00, 0x00, 0x00, 0x00, 0x00, 0xD6, 0x95, 0x78, 0x7C, 0xFF, 0x7C, 0x78, 0x8D, 0xE5, 0x00, 0x00,
    0x00, 0x00, 0x00, 0x5C, 0xC0, 0x00, 0x00, 0x00, 0xD4, 0x47, 0x00, 0x00, 0xC4, 0x57, 0x00, 0x00,
    0x00, 0x15, 0xBE, 0xD1, 0x53, 0x5D, 0x65, 0xFF, 0x67, 0x5D, 0x59, 0xC7, 0xE1, 0x44, 0x00, 0x00,
    0x00, 0x5C, 0xD9, 0x6D, 0x7D, 0x8C, 0x80, 0x00, 0xC0, 0x63, 0x7E, 0x2D, 0x00, 0x00, 0x00, 0x00,
    0x4C, 0xE0, 0x00, 0x00, 0x00, 0x00, 0x18, 0xFF, 0x14, 0x00, 0x00, 0x00, 0x00, 0x00, 0x00, 0x0E,
    0x0D, 0x07, 0x0A, 0xDD, 0x6F, 0x04, 0x04, 0x04, 0xDA, 0x60, 0x00, 0x00, 0x00, 0x00, 0x52, 0xD4,
    0x02, 0x40, 0xE8, 0x5C, 0x5C, 0x5C, 0x5C, 0x8A, 0xE4, 0x00, 0x00, 0x00, 0x34, 0x2D, 0x2C, 0x2C,
    0x2C, 0x49, 0xF9, 0x2C, 0x2C, 0x2C, 0x2C, 0x2D, 0x35, 0x03, 0x00, 0x00, 0x00, 0x00, 0x00, 0x00,
    0x00, 0xD4, 0x8C, 0x6C, 0x70, 0xFF, 0x70, 0x6C, 0x83, 0xE4, 0x00, 0x00, 0x00, 0x00, 0x00, 0x5C,
    0xC0, 0x00, 0x00, 0x36, 0xF0, 0x0A, 0x00, 0x00, 0xCF, 0x4C, 0x00, 0x00, 0x16, 0xE2, 0xD2, 0x17,
    0x7F, 0xAD, 0xAF, 0xFF, 0xB0, 0xAD, 0x8B, 0x09, 0xA4, 0xCC, 0x0A, 0x1A, 0x8B, 0xDC, 0xF7, 0xAF,
    0x41, 0x8C, 0x81, 0x00, 0x6A, 0x39, 0x00, 0x00, 0x8E, 0x27, 0x00, 0x00, 0x4C, 0xE0, 0x00, 0x00,
    0x00, 0x00, 0x18, 0xFF, 0x14, 0x00, 0x00, 0x00, 0x00, 0x00, 0x00, 0x00, 0x00, 0x00, 0x8A, 0xE9,
    0x0E, 0x00, 0x00, 0x00, 0xEE, 0x47, 0x00, 0x00, 0x00, 0x05, 0xD3, 0x54, 0x00, 0x40, 0xF7, 0xC4,
    0xC4, 0xC4, 0xC4, 0xD4, 0xE4, 0x00, 0x00, 0x00, 0xEA, 0xE6, 0xE4, 0xE4, 0xE4, 0xE7, 0xFF, 0xE4,
    0xE4, 0xE4, 0xE4, 0xE8, 0xED, 0x0F, 0x00, 0x00, 0x00, 0x00, 0x00, 0x00, 0x00, 0xD7, 0x66, 0x3C,
    0x42, 0xFF, 0x42, 0x3C, 0x5A, 0xE6, 0x00, 0x00, 0x00, 0x00, 0x00, 0x62, 0xC5, 0x00, 0x1F, 0xDE,
    0x74, 0x00, 0x00, 0x0E, 0xEF, 0x36, 0x00, 0x00, 0x00, 0x46, 0x12, 0x00, 0x00, 0x00, 0x19, 0xFF,
    0x1B, 0x00, 0x00, 0x00, 0x00, 0x0E, 0x00, 0x0C, 0xBE, 0x61, 0x0D, 0x00, 0x00, 0x82, 0xBA, 0x22,
    0x20, 0x20, 0x20, 0x51, 0xFF, 0x31, 0x00, 0x00, 0x52, 0xE4, 0x00, 0x76, 0xAA, 0xA4, 0xAC, 0xFF,
    0xAB, 0xA4, 0xA9, 0x74, 0x00, 0x00, 0x00, 0x00, 0x2D, 0xB1, 0xF9, 0x49, 0x00, 0x00, 0x03, 0x2F,
    0xFE, 0x2A, 0x00, 0x00, 0x00, 0x83, 0xD2, 0x01, 0x00, 0x42, 0xE0, 0x20, 0x20, 0x20, 0x20, 0x5F,
    0xE4, 0x00, 0x00, 0x00, 0x00, 0x00, 0x00, 0x00, 0x00, 0x26, 0xF8, 0x00, 0x00, 0x00, 0x00, 0x00,
    0x00, 0x00, 0x00, 0x00, 0x00, 0x00, 0x00, 0x00, 0x00, 0xDB, 0xC4, 0xB4, 0xB4, 0xB4, 0xB4, 0xB4,
    0xBF, 0xEA, 0x00, 0x00, 0x00, 0x00, 0x00, 0x68, 0xCB, 0x13, 0xE8, 0x9F, 0x01, 0x00, 0xBC, 0xFF,
    0xCC, 0x05, 0x00, 0x00, 0x00, 0x00, 0x00, 0x00, 0x00, 0x00, 0x1F, 0xFF, 0x1F, 0x00, 0x00, 0x00,
    0x00, 0x00, 0x00, 0x00, 0x00, 0x00, 0x00, 0x00, 0x00, 0x29, 0xCE, 0xE0, 0xE0, 0xE0, 0xE0, 0xD9,
    0x83, 0x00, 0x00, 0x00, 0x57, 0xE8, 0x00, 0x44, 0x61, 0x5C, 0x5C, 0x5C, 0x5C, 0x5C, 0x60, 0x42,
    0x00, 0x00, 0x53, 0xD4, 0xF8, 0xA2, 0x2B, 0x00, 0x00, 0x35, 0xFF, 0xFF, 0xC4, 0x01, 0x00, 0x00,
    0x04, 0xCB, 0x51, 0x00, 0x00, 0x49, 0xDC, 0x00, 0x00, 0x00, 0x24, 0xDB, 0xCE, 0x00, 0x00, 0x00,
    0x00, 0x00, 0x00, 0x00, 0x00, 0x2E, 0xFC, 0x00, 0x00, 0x00, 0x00, 0x00, 0x00, 0x00, 0x00, 0x00,
    0x00, 0x00, 0x00, 0x00, 0x00, 0x69, 0x1A, 0x00, 0x00, 0x00, 0x00, 0x00, 0x12, 0x71, 0x00, 0x00,
    0x00, 0x00, 0x00, 0x24, 0x47, 0x00, 0x36, 0x01, 0x00, 0x00, 0x22, 0x25, 0x00, 0x00, 0x00, 0x00,
    0x00, 0x00, 0x00, 0x00, 0x00, 0x00, 0x0E, 0x68, 0x0E, 0x00, 0x00, 0x00, 0x00, 0x00, 0x00, 0x00,
    0x00, 0x00, 0x00, 0x00, 0x00, 0x00, 0x00, 0x00, 0x00, 0x00, 0x00, 0x00, 0x00, 0x00, 0x00, 0x00,
    0x2A, 0x6E, 0x00, 0x00, 0x00, 0x00, 0x00, 0x00, 0x00, 0x00, 0x00, 0x00, 0x00, 0x00, 0x0B, 0x76,
    0x15, 0x00, 0x00, 0x00, 0x00, 0x00, 0x3A, 0x17, 0x00, 0x00, 0x00, 0x00, 0x00, 0x0A, 0x00, 0x00,
    0x00, 0x1F, 0x59, 0x00, 0x00, 0x00, 0x00, 0x51, 0x10, 0x00, 0x00, 0x00, 0x00, 0x00, 0x00, 0x00,
    0x00, 0x1C, 0x78, 0x02, 0x00, 0x00, 0x00, 0x00, 0x00, 0x00, 0x00, 0x00, 0x00, 0x00, 0x00, 0x00,
    0x00, 0x00, 0x00, 0x00, 0x00, 0x00, 0x00, 0x00, 0x00, 0x00, 0x00, 0x00, 0x00, 0x00, 0x00, 0x00,
    0x00, 0x00, 0x00, 0x00, 0x00, 0x00, 0x00, 0x00, 0x00, 0x00, 0x00, 0x00, 0x00, 0x00, 0x00, 0x00,
    0x00, 0x00, 0x00, 0x00, 0x00, 0x00, 0x00, 0x00, 0x00, 0x00, 0x00, 0x00, 0x00, 0x00, 0x00, 0x00,
    0x00, 0x00, 0x00, 0x00, 0x00, 0x00, 0x00, 0x00, 0x00, 0x00, 0x00, 0x00, 0x00, 0x00, 0x00, 0x00,
    0x00, 0x00, 0x00, 0x00, 0x00, 0x00, 0x00, 0x00, 0x00, 0x00, 0x00, 0x00, 0x00, 0x00, 0x00, 0x00,
    0x00, 0x00, 0x00, 0x00, 0x00, 0x00, 0x00, 0x00, 0x00, 0x00, 0x00, 0x00, 0x00, 0x00, 0x00, 0x00,
    0x00, 0x00, 0x00, 0x00, 0x00, 0x00, 0x00, 0x00, 0x00, 0x00, 0x00, 0x00, 0x00, 0x00, 0x00, 0x00,
    0x00, 0x00, 0x00, 0x00, 0x00, 0x00, 0x00, 0x00, 0x00, 0x00, 0x00, 0x00, 0x00, 0x00, 0x00, 0x00,
    0x00, 0x00, 0x00, 0x00, 0x00, 0x00, 0x00, 0x00, 0x00, 0x00, 0x00, 0x00, 0x00, 0x00, 0x00, 0x00,
    0x00, 0x00, 0x00, 0x00, 0x00, 0x00, 0x00, 0x00, 0x00, 0x00, 0x00, 0x00, 0x00, 0x00, 0x00, 0x00,
    0x00, 0x00, 0x00, 0x00, 0x00, 0x00, 0x00, 0x00, 0x00, 0x00, 0x00, 0x00, 0x00, 0x00, 0x00, 0x00,
    0x00, 0x00, 0x00, 0x00, 0x00, 0x00, 0x00, 0x00, 0x00, 0x00, 0x00, 0x00, 0x00, 0x00, 0x00, 0x00,
    0x00, 0x00, 0x00, 0x00, 0x00, 0x00, 0x00, 0x00, 0x00, 0x00, 0x00, 0x00, 0x00, 0x00, 0x00, 0x00,
    0x00, 0x00, 0x00, 0x00, 0x00, 0x00, 0x00, 0x00, 0x00, 0x00, 0x00, 0x00, 0x00, 0x00, 0x00, 0x00,
    0x00, 0x00, 0x00, 0x00, 0x00, 0x00, 0x00, 0x00, 0x00, 0x00, 0x00, 0x00, 0x00, 0x00, 0x00, 0x00,
    0x00, 0x00, 0x00, 0x00,
};

const lv_image_dsc_t todo_text_t4_zh = {
    .header.magic = LV_IMAGE_HEADER_MAGIC,
    .header.cf = LV_COLOR_FORMAT_A8,
    .header.flags = 0,
    .header.w = 124,
    .header.h = 19,
    .header.stride = 124,
    .data_size = 2356,
    .data = todo_text_t4_zh_data,
};

static const uint8_t todo_img_internal_data[] = {
    0x00, 0x00, 0x00, 0x00, 0x00, 0x00, 0x00, 0x00, 0x00, 0x00, 0x00, 0x00, 0x00, 0x00, 0x00, 0x00,
    0x00, 0x00, 0x00, 0x00, 0x00, 0x00, 0x00, 0x00, 0x00, 0x00, 0x00, 0x00, 0x00, 0x00, 0x00, 0x00,
    0x00, 0x00, 0x00, 0x00, 0x00, 0x00, 0x00, 0x00, 0x00, 0x00, 0x00, 0x00, 0x00, 0x00, 0x00, 0x00,
    0x00, 0x00, 0x00, 0x00, 0x00, 0x00, 0x00, 0x00, 0x00, 0x00, 0x00, 0x00, 0x00, 0x00, 0x00, 0x00,
    0x00, 0x00, 0x00, 0x00, 0x00, 0x00, 0x00, 0x00, 0x00, 0x00, 0x00, 0x00, 0x00, 0x00, 0x00, 0x00,
    0x00, 0x00, 0x00, 0x00, 0x00, 0x00, 0x00, 0x00, 0x00, 0x00, 0x00, 0x00, 0x00, 0x00, 0x00, 0x00,
    0x00, 0x00, 0x00, 0x00, 0x00, 0x00, 0x00, 0x00, 0x00, 0x00, 0x00, 0x00, 0x00, 0x00, 0x00, 0x00,
    0x00, 0x00, 0x00, 0x00, 0x00, 0x00, 0x00, 0x00, 0x00, 0xDC, 0xFF, 0x05, 0x00, 0x00, 0x00, 0x00,
    0x00, 0x00, 0x00, 0x00, 0x00, 0x00, 0x00, 0x00, 0x00, 0x00, 0x00, 0x00, 0x00, 0x00, 0x00, 0x00,
    0x00, 0x00, 0x00, 0x00, 0x00, 0x00, 0x00, 0x00, 0x00, 0x00, 0x00, 0x00, 0x00, 0x00, 0x00, 0x00,
    0x00, 0x00, 0x00, 0x00, 0x00, 0x00, 0x00, 0x00, 0x00, 0x00, 0x00, 0x00, 0x00, 0x00, 0x00, 0x00,
    0x00, 0x00, 0x00, 0x00, 0x00, 0x00, 0x00, 0x00, 0x00, 0x00, 0x00, 0x00, 0x00, 0x00, 0x00, 0x00,
    0x00, 0x00, 0x00, 0x00, 0x00, 0x00, 0x00, 0x00, 0x00, 0x00, 0x00, 0x00, 0x00, 0x00, 0x00, 0x00,
    0x00, 0x00, 0x00, 0x00, 0x00, 0x00, 0x00, 0x00, 0x00, 0x00, 0x00, 0x00, 0x00, 0x00, 0x00, 0x00,
    0x00, 0x00, 0x00, 0x00, 0x00, 0x00, 0x00, 0x00, 0x00, 0x00, 0x00, 0x00, 0x00, 0x00, 0x00, 0x00,
    0x00, 0x00, 0x00, 0x00, 0x00, 0x00, 0x00, 0x00, 0x00, 0x00, 0x00, 0x00, 0x00, 0x00, 0x00, 0x00,
    0x00, 0x00, 0x00, 0x00, 0x00, 0x00, 0x00, 0x00, 0x00, 0x00, 0x00, 0x00, 0x00, 0x00, 0x00, 0x00,
    0x00, 0x00, 0x00, 0x00, 0x00, 0x00, 0x00, 0x00, 0x00, 0x00, 0x00, 0x00, 0x00, 0x00, 0x00, 0x00,
    0x00, 0x00, 0x00, 0x00, 0x00, 0x00, 0x00, 0x00, 0x00, 0x00, 0x00, 0x00, 0x00, 0x00, 0x00, 0x00,
    0x00, 0x00, 0x00, 0x00, 0x00, 0x00, 0x00, 0x00, 0x00, 0x00, 0x00, 0x00, 0x00, 0x00, 0x00, 0x00,
    0x00, 0x00, 0x00, 0x00, 0x00, 0x00, 0x00, 0x00, 0x00, 0x00, 0x00, 0x00, 0x00, 0x00, 0x00, 0x00,
    0x00, 0x00, 0x00, 0x00, 0x00, 0x00, 0x00, 0x00, 0x00, 0xDC, 0xFF, 0xB4, 0x00, 0xDC, 0xFF, 0xB8,
    0x00, 0xDC, 0xFF, 0x11, 0x00, 0x00, 0x00, 0x00, 0x00, 0x00, 0x00, 0x00, 0x00, 0x00, 0x00, 0x00,
    0x00, 0x00, 0x00, 0x00, 0x00, 0x00, 0x00, 0x00, 0x00, 0x00, 0x00, 0x00, 0x00, 0x00, 0x00, 0x00,
    0x00, 0x00, 0x00, 0x00, 0x00, 0x00, 0x00, 0x00, 0x00, 0x00, 0x00, 0x00, 0x00, 0x00, 0x00, 0x00,
    0x00, 0x00, 0x00, 0x00, 0x00, 0x00, 0x00, 0x00, 0x00, 0x00, 0x00, 0x00, 0x00, 0xDC, 0xFF, 0x5B,
    0x00, 0xDC, 0xFF, 0xE6, 0x00, 0xDC, 0xFF, 0x29, 0x00, 0x00, 0x00, 0x00, 0x00, 0x00, 0x00, 0x00,
    0x00, 0x00, 0x00, 0x00, 0x00, 0x00, 0x00, 0x00, 0x00, 0x00, 0x00, 0x00, 0x00, 0x00, 0x00, 0x00,
    0x00, 0x00, 0x00, 0x00, 0x00, 0x00, 0x00, 0x00, 0x00, 0x00, 0x00, 0x00, 0x00, 0x00, 0x00, 0x00,
    0x00, 0x00, 0x00, 0x00, 0x00, 0x00, 0x00, 0x00, 0x00, 0x00, 0x00, 0x00, 0x00, 0x00, 0x00, 0x00,
    0x00, 0x00, 0x00, 0x00, 0x00, 0x00, 0x00, 0x00, 0x00, 0x00, 0x00, 0x00, 0x00, 0x00, 0x00, 0x00,
    0x00, 0x00, 0x00, 0x00, 0x00, 0x00, 0x00, 0x00, 0x00, 0x00, 0x00, 0x00, 0x00, 0x00, 0x00, 0x00,
    0x00, 0x00, 0x00, 0x00, 0x00, 0x00, 0x00, 0x00, 0x00, 0x00, 0x00, 0x00, 0x00, 0x00, 0x00, 0x00,
    0x32, 0x32, 0xFF, 0xFF, 0x32, 0x32, 0xFF, 0xFF, 0x32, 0x32, 0xFF, 0xFF, 0x32, 0x32, 0xFF, 0xFF,
    0x32, 0x32, 0xFF, 0xFF, 0x32, 0x32, 0xFF, 0xFF, 0x32, 0x32, 0xFF, 0xFF, 0x32, 0x32, 0xFF, 0xFF,
    0x32, 0x32, 0xFF, 0xFF, 0x32, 0x32, 0xFF, 0xFF, 0x32, 0x32, 0xFF, 0xFF, 0x32, 0x32, 0xFF, 0xFF,
    0x32, 0x32, 0xFF, 0xFF, 0x32, 0x32, 0xFF, 0xFF, 0x32, 0x32, 0xFF, 0xFF, 0x32, 0x32, 0xFF, 0xFF,
    0x00, 0x00, 0x00, 0x00, 0x00, 0x00, 0x00, 0x00, 0x00, 0x00, 0x00, 0x00, 0x00, 0x00, 0x00, 0x00,
    0x00, 0x00, 0x00, 0x00, 0x00, 0x00, 0x00, 0x00, 0x00, 0x00, 0x00, 0x00, 0x00, 0x00, 0x00, 0x00,
    0x00, 0x00, 0x00, 0x00, 0x00, 0x00, 0x00, 0x00, 0x00, 0x00, 0x00, 0x00, 0x00, 0x00, 0x00, 0x00,
    0x00, 0xDC, 0xFF, 0xE2, 0x00, 0xDC, 0xFF, 0xEB, 0x00, 0x00, 0x00, 0x00, 0x00, 0x00, 0x00, 0x00,
    0x00, 0x00, 0x00, 0x00, 0x00, 0x00, 0x00, 0x00, 0x00, 0x00, 0x00, 0x00, 0x00, 0x00, 0x00, 0x00,
    0x00, 0x00, 0x00, 0x00, 0x00, 0x00, 0x00, 0x00, 0x00, 0x00, 0x00, 0x00, 0x00, 0x00, 0x00, 0x00,
    0x00, 0x00, 0x00, 0x00, 0x00, 0x00, 0x00, 0x00, 0x00, 0x00, 0x00, 0x00, 0x00, 0x00, 0x00, 0x00,
    0x00, 0x00, 0x00, 0x00, 0x00, 0xDC, 0xFF, 0x33, 0x00, 0xDC, 0xFF, 0xFB, 0x00, 0xDC, 0xFF, 0xD4,
    0x00, 0xDC, 0xFF, 0x06, 0x00, 0x00, 0x00, 0x00, 0x00, 0x00, 0x00, 0x00, 0x00, 0x00, 0x00, 0x00,
    0x00, 0x00, 0x00, 0x00, 0x00, 0xDC, 0xFF, 0x2A, 0x00, 0xDC, 0xFF, 0x40, 0x00, 0xDC, 0xFF, 0x40,
    0x00, 0xDC, 0xFF, 0x40, 0x00, 0xDC, 0xFF, 0x40, 0x00, 0xDC, 0xFF, 0x40, 0x00, 0xDC, 0xFF, 0x40,
    0x00, 0xDC, 0xFF, 0x20, 0x00, 0x00, 0x00, 0x00, 0x00, 0x00, 0x00, 0x00, 0x00, 0x00, 0x00, 0x00,
    0x00, 0x00, 0x00, 0x00, 0x00, 0x00, 0x00, 0x00, 0x00, 0x00, 0x00, 0x00, 0x00, 0x00, 0x00, 0x00,
    0x00, 0x00, 0x00, 0x00, 0x00, 0x00, 0x00, 0x00, 0x00, 0x00, 0x00, 0x00, 0x00, 0x00, 0x00, 0x00,
    0x00, 0x00, 0x00, 0x00, 0x32, 0x32, 0xFF, 0xFF, 0x32, 0x32, 0xFF, 0xFF, 0x32, 0x32, 0xFF, 0xFF,
    0x32, 0x32, 0xFF, 0xFF, 0x32, 0x32, 0xFF, 0xFF, 0x32, 0x32, 0xFF, 0xFF, 0x32, 0x32, 0xFF, 0xFF,
    0x32, 0x32, 0xFF, 0xFF, 0x32, 0x32, 0xFF, 0xFF, 0x32, 0x32, 0xFF, 0xFF, 0x32, 0x32, 0xFF, 0xFF,
    0x32, 0x32, 0xFF, 0xFF, 0x32, 0x32, 0xFF, 0xFF, 0x32, 0x32, 0xFF, 0xFF, 0x32, 0x32, 0xFF, 0xFF,
    0x32, 0x32, 0xFF, 0xFF, 0x00, 0x00, 0x00, 0x00, 0x00, 0x00, 0x00, 0x00, 0x00, 0x00, 0x00, 0x00,
    0x00, 0x00, 0x00, 0x00, 0x00, 0x00, 0x00, 0x00, 0x00, 0x00, 0x00, 0x00, 0x00, 0x00, 0x00, 0x00,
    0x00, 0x00, 0x00, 0x00, 0x00, 0x00, 0x00, 0x00, 0x00, 0x00, 0x00, 0x00, 0x00, 0x00, 0x00, 0x00,
    0x00, 0x00, 0x00, 0x00, 0x00, 0x00, 0x00, 0x00, 0x00, 0xDC, 0xFF, 0xDE, 0x00, 0xDC, 0xFF, 0xD1,
    0x00, 0x00, 0x00, 0x00, 0x00, 0x00, 0x00, 0x00, 0x00, 0x00, 0x00, 0x00, 0x00, 0x00, 0x00, 0x00,
    0x00, 0x00, 0x00, 0x00, 0x00, 0x00, 0x00, 0x00, 0x00, 0x00, 0x00, 0x00, 0x00, 0x00, 0x00, 0x00,
    0x00, 0x00, 0x00, 0x00, 0x00, 0x00, 0x00, 0x00, 0x00, 0x00, 0x00, 0x00, 0x00, 0x00, 0x00, 0x00,
    0x00, 0xDC, 0xFF, 0x2F, 0x00, 0xDC, 0xFF, 0x26, 0x00, 0xDC, 0xFF, 0x22, 0x00, 0xDC, 0xFF, 0x20,
    0x00, 0xDC, 0xFF, 0xAB, 0x00, 0xDC, 0xFF, 0xED, 0x00, 0xDC, 0xFF, 0x48, 0x00, 0xDC, 0xFF, 0x22,
    0x00, 0xDC, 0xFF, 0x26, 0x00, 0xDC, 0xFF, 0x2F, 0x00, 0xDC, 0xFF, 0x01, 0x00, 0xDC, 0xFF, 0xA4,
    0x00, 0xDC, 0xFF, 0xFF, 0x00, 0xDC, 0xFF, 0xFF, 0x00, 0xDC, 0xFF, 0xFF, 0x00, 0xDC, 0xFF, 0xFF,
    0x00, 0xDC, 0xFF, 0xFF, 0x00, 0xDC, 0xFF, 0xFF, 0x00, 0xDC, 0xFF, 0x4F, 0x00, 0x00, 0x00, 0x00,
    0x00, 0x00, 0x00, 0x00, 0x00, 0x00, 0x00, 0x00, 0x00, 0x00, 0x00, 0x00, 0x00, 0x00, 0x00, 0x00,
    0x00, 0x00, 0x00, 0x00, 0x00, 0x00, 0x00, 0x00, 0x00, 0x00, 0x00, 0x00, 0x00, 0x00, 0x00, 0x00,
    0x00, 0x00, 0x00, 0x00, 0x00, 0x00, 0x00, 0x00, 0x00, 0x00, 0x00, 0x00, 0x32, 0x32, 0xFF, 0xFF,
    0x32, 0x32, 0xFF, 0xFF, 0x32, 0x32, 0xFF, 0xFF, 0x32, 0x32, 0xFF, 0xFF, 0x32, 0x32, 0xFF, 0xFF,
    0x32, 0x32, 0xFF, 0xFF, 0x32, 0x32, 0xFF, 0xFF, 0x32, 0x32, 0xFF, 0xFF, 0x32, 0x32, 0xFF, 0xFF,
    0x32, 0x32, 0xFF, 0xFF, 0x32, 0x32, 0xFF, 0xFF, 0x32, 0x32, 0xFF, 0xFF, 0x32, 0x32, 0xFF, 0xFF,
    0x32, 0x32, 0xFF, 0xFF, 0x32, 0x32, 0xFF, 0xFF, 0x32, 0x32, 0xFF, 0xFF, 0x00, 0x00, 0x00, 0x00,
    0x00, 0x00, 0x00, 0x00, 0x00, 0x00, 0x00, 0x00, 0x00, 0x00, 0x00, 0x00, 0x00, 0x00, 0x00, 0x00,
    0x00, 0xDC, 0xFF, 0x3D, 0x00, 0xDC, 0xFF, 0x5C, 0x00, 0xDC, 0xFF, 0x5C, 0x00, 0xDC, 0xFF, 0x5C,
    0x00, 0xDC, 0xFF, 0x5C, 0x00, 0xDC, 0xFF, 0x5C, 0x00, 0xDC, 0xFF, 0x5C, 0x00, 0xDC, 0xFF, 0x5C,
    0x00, 0xDC, 0xFF, 0xE9, 0x00, 0xDC, 0xFF, 0xDD, 0x00, 0xDC, 0xFF, 0x5C, 0x00, 0xDC, 0xFF, 0x5C,
    0x00, 0xDC, 0xFF, 0x5C, 0x00, 0xDC, 0xFF, 0x5C, 0x00, 0xDC, 0xFF, 0x5C, 0x00, 0xDC, 0xFF, 0x5C,
    0x00, 0xDC, 0xFF, 0x5C, 0x00, 0xDC, 0xFF, 0x4E, 0x00, 0x00, 0x00, 0x00, 0x00, 0x00, 0x00, 0x00,
    0x00, 0x00, 0x00, 0x00, 0x00, 0xDC, 0xFF, 0x04, 0x00, 0xDC, 0xFF, 0xFF, 0x00, 0xDC, 0xFF, 0xFF,
    0x00, 0xDC, 0xFF, 0xFF, 0x00, 0xDC, 0xFF, 0xFF, 0x00, 0xDC, 0xFF, 0xFF, 0x00, 0xDC, 0xFF, 0xFF,
    0x00, 0xDC, 0xFF, 0xFF, 0x00, 0xDC, 0xFF, 0xFF, 0x00, 0xDC, 0xFF, 0xFF, 0x00, 0xDC, 0xFF, 0xFF,
    0x00, 0xDC, 0xFF, 0x08, 0x00, 0xDC, 0xFF, 0x98, 0x00, 0xDC, 0xFF, 0xFF, 0x00, 0xDC, 0xFF, 0x51,
    0x00, 0xDC, 0xFF, 0x38, 0x00, 0xDC, 0xFF, 0x38, 0x00, 0xDC, 0xFF, 0xE8, 0x00, 0xDC, 0xFF, 0xF5,
    0x00, 0xDC, 0xFF, 0x09, 0x00, 0x00, 0x00, 0x00, 0x00, 0x00, 0x00, 0x00, 0x00, 0x00, 0x00, 0x00,
    0x00, 0x00, 0x00, 0x00, 0x00, 0x00, 0x00, 0x00, 0x00, 0x00, 0x00, 0x00, 0x00, 0x00, 0x00, 0x00,
    0x00, 0x00, 0x00, 0x00, 0x00, 0x00, 0x00, 0x00, 0x00, 0x00, 0x00, 0x00, 0x00, 0x00, 0x00, 0x00,
    0x32, 0x32, 0xFF, 0xFF, 0x32, 0x32, 0xFF, 0xFF, 0x32, 0x32, 0xFF, 0xFF, 0x32, 0x32, 0xFF, 0xFF,
    0x32, 0x32, 0xFF, 0xFF, 0x32, 0x32, 0xFF, 0xFF, 0x32, 0x32, 0xFF, 0xFF, 0x32, 0x32, 0xFF, 0xFF,
    0x32, 0x32, 0xFF, 0xFF, 0x32, 0x32, 0xFF, 0xFF, 0x32, 0x32, 0xFF, 0xFF, 0x32, 0x32, 0xFF, 0xFF,
    0x32, 0x32, 0xFF, 0xFF, 0x32, 0x32, 0xFF, 0xFF, 0x32, 0x32, 0xFF, 0xFF, 0x32, 0x32, 0xFF, 0xFF,
    0x00, 0x00, 0x00, 0x00, 0x00, 0x00, 0x00, 0x00, 0x00, 0x00, 0x00, 0x00, 0x00, 0x00, 0x00, 0x00,
    0x00, 0x00, 0x00, 0x00, 0x00, 0x00, 0x00, 0x00, 0x00, 0xDC, 0xFF, 0xA8, 0x00, 0xDC, 0xFF, 0xFF,
    0x00, 0xDC, 0xFF, 0xFF, 0x00, 0xDC, 0xFF, 0xFF, 0x00, 0xDC, 0xFF, 0xFF, 0x00, 0xDC, 0xFF, 0xFF,
    0x00, 0xDC, 0xFF, 0xFF, 0x00, 0xDC, 0xFF, 0xFF, 0x00, 0xDC, 0xFF, 0xFF, 0x00, 0xDC, 0xFF, 0xFF,
    0x00, 0xDC, 0xFF, 0xFF, 0x00, 0xDC, 0xFF, 0xFF, 0x00, 0xDC, 0xFF, 0xFF, 0x00, 0xDC, 0xFF, 0xFF,
    0x00, 0xDC, 0xFF, 0xFF, 0x00, 0xDC, 0xFF, 0xFF, 0x00, 0xDC, 0xFF, 0xFF, 0x00, 0xDC, 0xFF, 0xD1,
    0x00, 0x00, 0x00, 0x00, 0x00, 0x00, 0x00, 0x00, 0x00, 0x00, 0x00, 0x00, 0x00, 0xDC, 0xFF, 0x01,
    0x00, 0xDC, 0xFF, 0x65, 0x00, 0xDC, 0xFF, 0x60, 0x00, 0xDC, 0xFF, 0x8B, 0x00, 0xDC, 0xFF, 0x56,
    0x00, 0xDC, 0xFF, 0x55, 0x00, 0xDC, 0xFF, 0x54, 0x00, 0xDC, 0xFF, 0x54, 0x00, 0xDC, 0xFF, 0xE6,
    0x00, 0xDC, 0xFF, 0xAB, 0x00, 0xDC, 0xFF, 0x6A, 0x00, 0xDC, 0xFF, 0x03, 0x00, 0xDC, 0xFF, 0x8C,
    0x00, 0xDC, 0xFF, 0xFF, 0x00, 0xDC, 0xFF, 0x20, 0x00, 0x00, 0x00, 0x00, 0x00, 0xDC, 0xFF, 0x1E,
    0x00, 0xDC, 0xFF, 0xFF, 0x00, 0xDC, 0xFF, 0xAE, 0x00, 0x00, 0x00, 0x00, 0x00, 0x00, 0x00, 0x00,
    0x00, 0x00, 0x00, 0x00, 0x00, 0x00, 0x00, 0x00, 0x00, 0x00, 0x00, 0x00, 0x00, 0x00, 0x00, 0x00,
    0x00, 0x00, 0x00, 0x00, 0x00, 0x00, 0x00, 0x00, 0x00, 0x00, 0x00, 0x00, 0x00, 0x00, 0x00, 0x00,
    0x00, 0x00, 0x00, 0x00, 0x32, 0x32, 0xFF, 0xFF, 0x32, 0x32, 0xFF, 0xFF, 0x32, 0x32, 0xFF, 0xFF,
    0x32, 0x32, 0xFF, 0xFF, 0x32, 0x32, 0xFF, 0xFF, 0x32, 0x32, 0xFF, 0xFF, 0x32, 0x32, 0xFF, 0xFF,
    0x32, 0x32, 0xFF, 0xFF, 0x32, 0x32, 0xFF, 0xFF, 0x32, 0x32, 0xFF, 0xFF, 0x32, 0x32, 0xFF, 0xFF,
    0x32, 0x32, 0xFF, 0xFF, 0x32, 0x32, 0xFF, 0xFF, 0x32, 0x32, 0xFF, 0xFF, 0x32, 0x32, 0xFF, 0xFF,
    0x32, 0x32, 0xFF, 0xFF, 0x00, 0x00, 0x00, 0x00, 0x00, 0x00, 0x00, 0x00, 0x00, 0x00, 0x00, 0x00,
    0x00, 0x00, 0x00, 0x00, 0x00, 0x00, 0x00, 0x00, 0x00, 0x00, 0x00, 0x00, 0x00, 0x00, 0x00, 0x00,
    0x00, 0xDC, 0xFF, 0xA2, 0x00, 0xDC, 0xFF, 0xFF, 0x00, 0xDC, 0xFF, 0x4D, 0x00, 0xDC, 0xFF, 0x1C,
    0x00, 0xDC, 0xFF, 0x1C, 0x00, 0xDC, 0xFF, 0x1C, 0x00, 0xDC, 0xFF, 0x1C, 0x00, 0xDC, 0xFF, 0x1C,
    0x00, 0xDC, 0xFF, 0xFA, 0x00, 0xDC, 0xFF, 0xAF, 0x00, 0xDC, 0xFF, 0x1C, 0x00, 0xDC, 0xFF, 0x1C,
    0x00, 0xDC, 0xFF, 0x1C, 0x00, 0xDC, 0xFF, 0x1C, 0x00, 0xDC, 0xFF, 0x1C, 0x00, 0xDC, 0xFF, 0x38,
    0x00, 0xDC, 0xFF, 0xFF, 0x00, 0xDC, 0xFF, 0xC5, 0x00, 0x00, 0x00, 0x00, 0x00, 0x00, 0x00, 0x00,
    0x00, 0x00, 0x00, 0x00, 0x00, 0x00, 0x00, 0x00, 0x00, 0x00, 0x00, 0x00, 0x00, 0xDC, 0xFF, 0xAA,
    0x00, 0xDC, 0xFF, 0xF9, 0x00, 0xDC, 0xFF, 0x2C, 0x00, 0x00, 0x00, 0x00, 0x00, 0x00, 0x00, 0x00,
    0x00, 0xDC, 0xFF, 0x1C, 0x00, 0xDC, 0xFF, 0xFF, 0x00, 0xDC, 0xFF, 0xDD, 0x00, 0xDC, 0xFF, 0x07,
    0x00, 0x00, 0x00, 0x00, 0x00, 0xDC, 0xFF, 0x81, 0x00, 0xDC, 0xFF, 0xFF, 0x00, 0xDC, 0xFF, 0x20,
    0x00, 0x00, 0x00, 0x00, 0x00, 0xDC, 0xFF, 0x64, 0x00, 0xDC, 0xFF, 0xFF, 0x00, 0xDC, 0xFF, 0x5C,
    0x00, 0x00, 0x00, 0x00, 0x00, 0x00, 0x00, 0x00, 0x00, 0x00, 0x00, 0x00, 0x00, 0x00, 0x00, 0x00,
    0x00, 0x00, 0x00, 0x00, 0x00, 0x00, 0x00, 0x00, 0x00, 0x00, 0x00, 0x00, 0x00, 0x00, 0x00, 0x00,
    0x00, 0x00, 0x00, 0x00, 0x00, 0x00, 0x00, 0x00, 0x00, 0x00, 0x00, 0x00, 0x32, 0x32, 0xFF, 0xFF,
    0x32, 0x32, 0xFF, 0xFF, 0x32, 0x32, 0xFF, 0xFF, 0x32, 0x32, 0xFF, 0xFF, 0x32, 0x32, 0xFF, 0xFF,
    0x32, 0x32, 0xFF, 0xFF, 0x32, 0x32, 0xFF, 0xFF, 0x32, 0x32, 0xFF, 0xFF, 0x32, 0x32, 0xFF, 0xFF,
    0x32, 0x32, 0xFF, 0xFF, 0x32, 0x32, 0xFF, 0xFF, 0x32, 0x32, 0xFF, 0xFF, 0x32, 0x32, 0xFF, 0xFF,
    0x32, 0x32, 0xFF, 0xFF, 0x32, 0x32, 0xFF, 0xFF, 0x32, 0x32, 0xFF, 0xFF, 0x00, 0x00, 0x00, 0x00,
    0x00, 0x00, 0x00, 0x00, 0x00, 0x00, 0x00, 0x00, 0x00, 0x00, 0x00, 0x00, 0x00, 0x00, 0x00, 0x00,
    0x00, 0x00, 0x00, 0x00, 0x00, 0x00, 0x00, 0x00, 0x00, 0xDC, 0xFF, 0x9C, 0x00, 0xDC, 0xFF, 0xFF,
    0x00, 0xDC, 0xFF, 0x38, 0x00, 0x00, 0x00, 0x00, 0x00, 0x00, 0x00, 0x00, 0x00, 0x00, 0x00, 0x00,
    0x00, 0x00, 0x00, 0x00, 0x00, 0xDC, 0xFF, 0x14, 0x00, 0xDC, 0xFF, 0xFF, 0x00, 0xDC, 0xFF, 0x91,
    0x00, 0x00, 0x00, 0x00, 0x00, 0x00, 0x00, 0x00, 0x00, 0x00, 0x00, 0x00, 0x00, 0x00, 0x00, 0x00,
    0x00, 0x00, 0x00, 0x00, 0x00, 0xDC, 0xFF, 0x20, 0x00, 0xDC, 0xFF, 0xFF, 0x00, 0xDC, 0xFF, 0xB9,
    0x00, 0x00, 0x00, 0x00, 0x00, 0x00, 0x00, 0x00, 0x00, 0x00, 0x00, 0x00, 0x00, 0x00, 0x00, 0x00,
    0x00, 0x00, 0x00, 0x00, 0x00, 0xDC, 0xFF, 0x43, 0x00, 0xDC, 0xFF, 0xFF, 0x00, 0xDC, 0xFF, 0xBF,
    0x00, 0x00, 0x00, 0x00, 0x00, 0x00, 0x00, 0x00, 0x00, 0xDC, 0xFF, 0x72, 0x00, 0xDC, 0xFF, 0xFF,
    0x00, 0xDC, 0xFF, 0x5C, 0x00, 0x00, 0x00, 0x00, 0x00, 0x00, 0x00, 0x00, 0x00, 0xDC, 0xFF, 0x80,
    0x00, 0xDC, 0xFF, 0xFF, 0x00, 0xDC, 0xFF, 0x20, 0x00, 0x00, 0x00, 0x00, 0x00, 0xDC, 0xFF, 0xAD,
    0x00, 0xDC, 0xFF, 0xF9, 0x00, 0xDC, 0xFF, 0x0F, 0x00, 0x00, 0x00, 0x00, 0x00, 0x00, 0x00, 0x00,
    0x00, 0x00, 0x00, 0x00, 0x00, 0x00, 0x00, 0x00, 0x00, 0x00, 0x00, 0x00, 0x00, 0x00, 0x00, 0x00,
    0x00, 0x00, 0x00, 0x00, 0x00, 0x00, 0x00, 0x00, 0x00, 0x00, 0x00, 0x00, 0x00, 0x00, 0x00, 0x00,
    0x32, 0x32, 0xFF, 0xFF, 0x32, 0x32, 0xFF, 0xFF, 0x32, 0x32, 0xFF, 0xFF, 0x32, 0x32, 0xFF, 0xFF,
    0x32, 0x32, 0xFF, 0xFF, 0x32, 0x32, 0xFF, 0xFF, 0x32, 0x32, 0xFF, 0xFF, 0x32, 0x32, 0xFF, 0xFF,
    0x32, 0x32, 0xFF, 0xFF, 0x32, 0x32, 0xFF, 0xFF, 0x32, 0x32, 0xFF, 0xFF, 0x32, 0x32, 0xFF, 0xFF,
    0x32, 0x32, 0xFF, 0xFF, 0x32, 0x32, 0xFF, 0xFF, 0x32, 0x32, 0xFF, 0xFF, 0x32, 0x32, 0xFF, 0xFF,
    0x00, 0x00, 0x00, 0x00, 0x00, 0x00, 0x00, 0x00, 0x00, 0x00, 0x00, 0x00, 0x00, 0x00, 0x00, 0x00,
    0x00, 0x00, 0x00, 0x00, 0x00, 0x00, 0x00, 0x00, 0x00, 0x00, 0x00, 0x00, 0x00, 0x00, 0x00, 0x00,
    0x00, 0xDC, 0xFF, 0x98, 0x00, 0xDC, 0xFF, 0xFF, 0x00, 0xDC, 0xFF, 0x38, 0x00, 0x00, 0x00, 0x00,
    0x00, 0x00, 0x00, 0x00, 0x00, 0x00, 0x00, 0x00, 0x00, 0x00, 0x00, 0x00, 0x00, 0xDC, 0xFF, 0x48,
    0x00, 0xDC, 0xFF, 0xFF, 0x00, 0xDC, 0xFF, 0x7C, 0x00, 0x00, 0x00, 0x00, 0x00, 0x00, 0x00, 0x00,
    0x00, 0x00, 0x00, 0x00, 0x00, 0x00, 0x00, 0x00, 0x00, 0x00, 0x00, 0x00, 0x00, 0xDC, 0xFF, 0x20,
    0x00, 0xDC, 0xFF, 0xFF, 0x00, 0xDC, 0xFF, 0xB0, 0x00, 0x00, 0x00, 0x00, 0x00, 0x00, 0x00, 0x00,
    0x00, 0x00, 0x00, 0x00, 0x00, 0x00, 0x00, 0x00, 0x00, 0x00, 0x00, 0x00, 0x00, 0x00, 0x00, 0x00,
    0x00, 0xDC, 0xFF, 0xC3, 0x00, 0xDC, 0xFF, 0xF5, 0x00, 0xDC, 0xFF, 0x26, 0x00, 0x00, 0x00, 0x00,
    0x00, 0xDC, 0xFF, 0xD2, 0x00, 0xDC, 0xFF, 0xDB, 0x00, 0xDC, 0xFF, 0x03, 0x00, 0x00, 0x00, 0x00,
    0x00, 0x00, 0x00, 0x00, 0x00, 0xDC, 0xFF, 0x80, 0x00, 0xDC, 0xFF, 0xFF, 0x00, 0xDC, 0xFF, 0x20,
    0x00, 0xDC, 0xFF, 0x08, 0x00, 0xDC, 0xFF, 0xF3, 0x00, 0xDC, 0xFF, 0xB2, 0x00, 0x00, 0x00, 0x00,
    0x00, 0x00, 0x00, 0x00, 0x00, 0x00, 0x00, 0x00, 0x00, 0x00, 0x00, 0x00, 0x00, 0x00, 0x00, 0x00,
    0x00, 0x00, 0x00, 0x00, 0x00, 0x00, 0x00, 0x00, 0x00, 0x00, 0x00, 0x00, 0x00, 0x00, 0x00, 0x00,
    0x00, 0x00, 0x00, 0x00, 0x00, 0x00, 0x00, 0x00, 0x32, 0x32, 0xFF, 0xFF, 0x32, 0x32, 0xFF, 0xFF,
    0x32, 0x32, 0xFF, 0xFF, 0x32, 0x32, 0xFF, 0xFF, 0x32, 0x32, 0xFF, 0xFF, 0x32, 0x32, 0xFF, 0xFF,
    0x32, 0x32, 0xFF, 0xFF, 0x32, 0x32, 0xFF, 0xFF, 0x32, 0x32, 0xFF, 0xFF, 0x32, 0x32, 0xFF, 0xFF,
    0x32, 0x32, 0xFF, 0xFF, 0x32, 0x32, 0xFF, 0xFF, 0x32, 0x32, 0xFF, 0xFF, 0x32, 0x32, 0xFF, 0xFF,
    0x32, 0x32, 0xFF, 0xFF, 0x32, 0x32, 0xFF, 0xFF, 0x00, 0x00, 0x00, 0x00, 0x00, 0x00, 0x00, 0x00,
    0x00, 0x00, 0x00, 0x00, 0x00, 0x00, 0x00, 0x00, 0x00, 0x00, 0x00, 0x00, 0x00, 0x00, 0x00, 0x00,
    0x00, 0x00, 0x00, 0x00, 0x00, 0x00, 0x00, 0x00, 0x00, 0xDC, 0xFF, 0x98, 0x00, 0xDC, 0xFF, 0xFF,
    0x00, 0xDC, 0xFF, 0x38, 0x00, 0x00, 0x00, 0x00, 0x00, 0x00, 0x00, 0x00, 0x00, 0x00, 0x00, 0x00,
    0x00, 0x00, 0x00, 0x00, 0x00, 0xDC, 0xFF, 0x9D, 0x00, 0xDC, 0xFF, 0xFF, 0x00, 0xDC, 0xFF, 0xD0,
    0x00, 0xDC, 0xFF, 0x21, 0x00, 0x00, 0x00, 0x00, 0x00, 0x00, 0x00, 0x00, 0x00, 0x00, 0x00, 0x00,
    0x00, 0x00, 0x00, 0x00, 0x00, 0xDC, 0xFF, 0x20, 0x00, 0xDC, 0xFF, 0xFF, 0x00, 0xDC, 0xFF, 0xB0,
    0x00, 0x00, 0x00, 0x00, 0x00, 0x00, 0x00, 0x00, 0x00, 0x00, 0x00, 0x00, 0x00, 0xDC, 0xFF, 0x6E,
    0x00, 0xDC, 0xFF, 0xA6, 0x00, 0xDC, 0xFF, 0xA1, 0x00, 0xDC, 0xFF, 0xCA, 0x00, 0xDC, 0xFF, 0xC1,
    0x00, 0xDC, 0xFF, 0xA0, 0x00, 0xDC, 0xFF, 0xA9, 0x00, 0xDC, 0xFF, 0xFF, 0x00, 0xDC, 0xFF, 0xD4,
    0x00, 0xDC, 0xFF, 0xA3, 0x00, 0xDC, 0xFF, 0xA9, 0x00, 0xDC, 0xFF, 0x72, 0x00, 0xDC, 0xFF, 0x80,
    0x00, 0xDC, 0xFF, 0xFF, 0x00, 0xDC, 0xFF, 0x20, 0x00, 0xDC, 0xFF, 0x55, 0x00, 0xDC, 0xFF, 0xFF,
    0x00, 0xDC, 0xFF, 0x5C, 0x00, 0x00, 0x00, 0x00, 0x00, 0x00, 0x00, 0x00, 0x00, 0x00, 0x00, 0x00,
    0x00, 0x00, 0x00, 0x00, 0x00, 0x00, 0x00, 0x00, 0x00, 0x00, 0x00, 0x00, 0x00, 0x00, 0x00, 0x00,
    0x00, 0x00, 0x00, 0x00, 0x00, 0x00, 0x00, 0x00, 0x00, 0x00, 0x00, 0x00, 0x32, 0x32, 0xFF, 0xFF,
    0x32, 0x32, 0xFF, 0xFF, 0x32, 0x32, 0xFF, 0xFF, 0x32, 0x32, 0xFF, 0xFF, 0x32, 0x32, 0xFF, 0xFF,
    0x32, 0x32, 0xFF, 0xFF, 0x32, 0x32, 0xFF, 0xFF, 0x32, 0x32, 0xFF, 0xFF, 0x32, 0x32, 0xFF, 0xFF,
    0x32, 0x32, 0xFF, 0xFF, 0x32, 0x32, 0xFF, 0xFF, 0x32, 0x32, 0xFF, 0xFF, 0x32, 0x32, 0xFF, 0xFF,
    0x32, 0x32, 0xFF, 0xFF, 0x32, 0x32, 0xFF, 0xFF, 0x32, 0x32, 0xFF, 0xFF, 0x00, 0x00, 0x00, 0x00,
    0x00, 0x00, 0x00, 0x00, 0x00, 0x00, 0x00, 0x00, 0x00, 0x00, 0x00, 0x00, 0x00, 0x00, 0x00, 0x00,
    0x00, 0x00, 0x00, 0x00, 0x00, 0x00, 0x00, 0x00, 0x00, 0x00, 0x00, 0x00, 0x00, 0x00, 0x00, 0x00,
    0x00, 0xDC, 0xFF, 0x98, 0x00, 0xDC, 0xFF, 0xFF, 0x00, 0xDC, 0xFF, 0x38, 0x00, 0x00, 0x00, 0x00,
    0x00, 0x00, 0x00, 0x00, 0x00, 0x00, 0x00, 0x00, 0x00, 0xDC, 0xFF, 0x21, 0x00, 0xDC, 0xFF, 0xF9,
    0x00, 0xDC, 0xFF, 0xEF, 0x00, 0xDC, 0xFF, 0xF4, 0x00, 0xDC, 0xFF, 0xEE, 0x00, 0xDC, 0xFF, 0x4B,
    0x00, 0x00, 0x00, 0x00, 0x00, 0x00, 0x00, 0x00, 0x00, 0x00, 0x00, 0x00, 0x00, 0xDC, 0xFF, 0x20,
    0x00, 0xDC, 0xFF, 0xFF, 0x00, 0xDC, 0xFF, 0xB0, 0x00, 0x00, 0x00, 0x00, 0x00, 0x00, 0x00, 0x00,
    0x00, 0x00, 0x00, 0x00, 0x00, 0xDC, 0xFF, 0x90, 0x00, 0xDC, 0xFF, 0xDC, 0x00, 0xDC, 0xFF, 0xD6,
    0x00, 0xDC, 0xFF, 0xD4, 0x00, 0xDC, 0xFF, 0xD4, 0x00, 0xDC, 0xFF, 0xD4, 0x00, 0xDC, 0xFF, 0xD4,
    0x00, 0xDC, 0xFF, 0xD4, 0x00, 0xDC, 0xFF, 0xD4, 0x00, 0xDC, 0xFF, 0xD6, 0x00, 0xDC, 0xFF, 0xE0,
    0x00, 0xDC, 0xFF, 0x95, 0x00, 0xDC, 0xFF, 0x80, 0x00, 0xDC, 0xFF, 0xFF, 0x00, 0xDC, 0xFF, 0x20,
    0x00, 0xDC, 0xFF, 0x4A, 0x00, 0xDC, 0xFF, 0xFE, 0x00, 0xDC, 0xFF, 0xBD, 0x00, 0xDC, 0xFF, 0x06,
    0x00, 0x00, 0x00, 0x00, 0x00, 0x00, 0x00, 0x00, 0x00, 0x00, 0x00, 0x00, 0x00, 0x00, 0x00, 0x00,
    0x00, 0x00, 0x00, 0x00, 0x00, 0x00, 0x00, 0x00, 0x00, 0x00, 0x00, 0x00, 0x00, 0x00, 0x00, 0x00,
    0x32, 0x32, 0xFF, 0xFF, 0x32, 0x32, 0xFF, 0xFF, 0x32, 0x32, 0xFF, 0xFF, 0x32, 0x32, 0xFF, 0xFF,
    0x32, 0x32, 0xFF, 0xFF, 0x32, 0x32, 0xFF, 0xFF, 0x32, 0x32, 0xFF, 0xFF, 0x32, 0x32, 0xFF, 0xFF,
    0x32, 0x32, 0xFF, 0xFF, 0x32, 0x32, 0xFF, 0xFF, 0x32, 0x32, 0xFF, 0xFF, 0x32, 0x32, 0xFF, 0xFF,
    0x32, 0x32, 0xFF, 0xFF, 0x32, 0x32, 0xFF, 0xFF, 0x32, 0x32, 0xFF, 0xFF, 0x32, 0x32, 0xFF, 0xFF,
    0x00, 0x00, 0x00, 0x00, 0x00, 0x00, 0x00, 0x00, 0x00, 0x00, 0x00, 0x00, 0x00, 0x00, 0x00, 0x00,
    0x00, 0x00, 0x00, 0x00, 0x00, 0x00, 0x00, 0x00, 0x00, 0x00, 0x00, 0x00, 0x00, 0x00, 0x00, 0x00,
    0x00, 0x00, 0x00, 0x00, 0x00, 0x00, 0x00, 0x00, 0x00, 0xDC, 0xFF, 0x98, 0x00, 0xDC, 0xFF, 0xFF,
    0x00, 0xDC, 0xFF, 0x38, 0x00, 0x00, 0x00, 0x00, 0x00, 0x00, 0x00, 0x00, 0x00, 0xDC, 0xFF, 0x05,
    0x00, 0xDC, 0xFF, 0xC4, 0x00, 0xDC, 0xFF, 0xFF, 0x00, 0xDC, 0xFF, 0x56, 0x00, 0xDC, 0xFF, 0x30,
    0x00, 0xDC, 0xFF, 0xE2, 0x00, 0xDC, 0xFF, 0xFE, 0x00, 0xDC, 0xFF, 0x86, 0x00, 0xDC, 0xFF, 0x03,
    0x00, 0x00, 0x00, 0x00, 0x00, 0xDC, 0xFF, 0x20, 0x00, 0xDC, 0xFF, 0xFF, 0x00, 0xDC, 0xFF, 0xB0,
    0x00, 0x00, 0x00, 0x00, 0x00, 0x00, 0x00, 0x00, 0x00, 0x00, 0x00, 0x00, 0x00, 0x00, 0x00, 0x00,
    0x00, 0x00, 0x00, 0x00, 0x00, 0x00, 0x00, 0x00, 0x00, 0x00, 0x00, 0x00, 0x00, 0x00, 0x00, 0x00,
    0x00, 0x00, 0x00, 0x00, 0x00, 0x00, 0x00, 0x00, 0x00, 0x00, 0x00, 0x00, 0x00, 0x00, 0x00, 0x00,
    0x00, 0x00, 0x00, 0x00, 0x00, 0x00, 0x00, 0x00, 0x00, 0x00, 0x00, 0x00, 0x00, 0xDC, 0xFF, 0x80,
    0x00, 0xDC, 0xFF, 0xFF, 0x00, 0xDC, 0xFF, 0x20, 0x00, 0x00, 0x00, 0x00, 0x00, 0xDC, 0xFF, 0x82,
    0x00, 0xDC, 0xFF, 0xFF, 0x00, 0xDC, 0xFF, 0x9F, 0x00, 0x00, 0x00, 0x00, 0x00, 0x00, 0x00, 0x00,
    0x00, 0x00, 0x00, 0x00, 0x00, 0x00, 0x00, 0x00, 0x00, 0x00, 0x00, 0x00, 0x00, 0x00, 0x00, 0x00,
    0x00, 0x00, 0x00, 0x00, 0x00, 0x00, 0x00, 0x00, 0x32, 0x32, 0xFF, 0xFF, 0x32, 0x32, 0xFF, 0xFF,
    0x32, 0x32, 0xFF, 0xFF, 0x32, 0x32, 0xFF, 0xFF, 0x32, 0x32, 0xFF, 0xFF, 0x32, 0x32, 0xFF, 0xFF,
    0x32, 0x32, 0xFF, 0xFF, 0x32, 0x32, 0xFF, 0xFF, 0x32, 0x32, 0xFF, 0xFF, 0x32, 0x32, 0xFF, 0xFF,
    0x32, 0x32, 0xFF, 0xFF, 0x32, 0x32, 0xFF, 0xFF, 0x32, 0x32, 0xFF, 0xFF, 0x32, 0x32, 0xFF, 0xFF,
    0x32, 0x32, 0xFF, 0xFF, 0x32, 0x32, 0xFF, 0xFF, 0x00, 0x00, 0x00, 0x00, 0x00, 0x00, 0x00, 0x00,
    0x00, 0x00, 0x00, 0x00, 0x00, 0x00, 0x00, 0x00, 0x00, 0x00, 0x00, 0x00, 0x00, 0x00, 0x00, 0x00,
    0x00, 0x00, 0x00, 0x00, 0x00, 0x00, 0x00, 0x00, 0x00, 0x00, 0x00, 0x00, 0x00, 0x00, 0x00, 0x00,
    0x00, 0xDC, 0xFF, 0x98, 0x00, 0xDC, 0xFF, 0xFF, 0x00, 0xDC, 0xFF, 0x38, 0x00, 0x00, 0x00, 0x00,
    0x00, 0xDC, 0xFF, 0x04, 0x00, 0xDC, 0xFF, 0xA8, 0x00, 0xDC, 0xFF, 0xFF, 0x00, 0xDC, 0xFF, 0xA5,
    0x00, 0x00, 0x00, 0x00, 0x00, 0x00, 0x00, 0x00, 0x00, 0xDC, 0xFF, 0x1A, 0x00, 0xDC, 0xFF, 0xD0,
    0x00, 0xDC, 0xFF, 0xFF, 0x00, 0xDC, 0xFF, 0xBA, 0x00, 0xDC, 0xFF, 0x10, 0x00, 0xDC, 0xFF, 0x20,
    0x00, 0xDC, 0xFF, 0xFF, 0x00, 0xDC, 0xFF, 0xB0, 0x00, 0x00, 0x00, 0x00, 0x00, 0x00, 0x00, 0x00,
    0x00, 0x00, 0x00, 0x00, 0x00, 0x00, 0x00, 0x00, 0x00, 0x00, 0x00, 0x00, 0x00, 0xDC, 0xFF, 0x1B,
    0x00, 0xDC, 0xFF, 0x1C, 0x00, 0xDC, 0xFF, 0x1C, 0x00, 0xDC, 0xFF, 0x1C, 0x00, 0xDC, 0xFF, 0x1C,
    0x00, 0xDC, 0xFF, 0x1C, 0x00, 0xDC, 0xFF, 0x1C, 0x00, 0xDC, 0xFF, 0x1C, 0x00, 0xDC, 0xFF, 0x02,
    0x00, 0x00, 0x00, 0x00, 0x00, 0xDC, 0xFF, 0x80, 0x00, 0xDC, 0xFF, 0xFF, 0x00, 0xDC, 0xFF, 0x20,
    0x00, 0x00, 0x00, 0x00, 0x00, 0xDC, 0xFF, 0x02, 0x00, 0xDC, 0xFF, 0xBA, 0x00, 0xDC, 0xFF, 0xFF,
    0x00, 0xDC, 0xFF, 0x4F, 0x00, 0x00, 0x00, 0x00, 0x00, 0x00, 0x00, 0x00, 0x00, 0x00, 0x00, 0x00,
    0x00, 0x00, 0x00, 0x00, 0x00, 0x00, 0x00, 0x00, 0x00, 0x00, 0x00, 0x00, 0x32, 0x32, 0xFF, 0xFF,
    0x32, 0x32, 0xFF, 0xFF, 0x32, 0x32, 0xFF, 0xFF, 0x32, 0x32, 0xFF, 0xFF, 0x32, 0x32, 0xFF, 0xFF,
    0x32, 0x32, 0xFF, 0xFF, 0x32, 0x32, 0xFF, 0xFF, 0x32, 0x32, 0xFF, 0xFF, 0x32, 0x32, 0xFF, 0xFF,
    0x32, 0x32, 0xFF, 0xFF, 0x32, 0x32, 0xFF, 0xFF, 0x32, 0x32, 0xFF, 0xFF, 0x32, 0x32, 0xFF, 0xFF,
    0x32, 0x32, 0xFF, 0xFF, 0x32, 0x32, 0xFF, 0xFF, 0x32, 0x32, 0xFF, 0xFF, 0x00, 0x00, 0x00, 0x00,
    0x00, 0x00, 0x00, 0x00, 0x00, 0x00, 0x00, 0x00, 0x00, 0x00, 0x00, 0x00, 0x00, 0x00, 0x00, 0x00,
    0x00, 0x00, 0x00, 0x00, 0x00, 0x00, 0x00, 0x00, 0x00, 0x00, 0x00, 0x00, 0x00, 0x00, 0x00, 0x00,
    0x00, 0x00, 0x00, 0x00, 0x00, 0x00, 0x00, 0x00, 0x00, 0xDC, 0xFF, 0x98, 0x00, 0xDC, 0xFF, 0xFF,
    0x00, 0xDC, 0xFF, 0x38, 0x00, 0xDC, 0xFF, 0x0E, 0x00, 0xDC, 0xFF, 0xB5, 0x00, 0xDC, 0xFF, 0xFF,
    0x00, 0xDC, 0xFF, 0xD2, 0x00, 0xDC, 0xFF, 0x0F, 0x00, 0x00, 0x00, 0x00, 0x00, 0x00, 0x00, 0x00,
    0x00, 0x00, 0x00, 0x00, 0x00, 0xDC, 0xFF, 0x0F, 0x00, 0xDC, 0xFF, 0xC7, 0x00, 0xDC, 0xFF, 0xFF,
    0x00, 0xDC, 0xFF, 0xBC, 0x00, 0xDC, 0xFF, 0x20, 0x00, 0xDC, 0xFF, 0xFF, 0x00, 0xDC, 0xFF, 0xB0,
    0x00, 0x00, 0x00, 0x00, 0x00, 0x00, 0x00, 0x00, 0x00, 0x00, 0x00, 0x00, 0x00, 0x00, 0x00, 0x00,
    0x00, 0x00, 0x00, 0x00, 0x00, 0xDC, 0xFF, 0xF9, 0x00, 0xDC, 0xFF, 0xFF, 0x00, 0xDC, 0xFF, 0xFF,
    0x00, 0xDC, 0xFF, 0xFF, 0x00, 0xDC, 0xFF, 0xFF, 0x00, 0xDC, 0xFF, 0xFF, 0x00, 0xDC, 0xFF, 0xFF,
    0x00, 0xDC, 0xFF, 0xFF, 0x00, 0xDC, 0xFF, 0x14, 0x00, 0x00, 0x00, 0x00, 0x00, 0xDC, 0xFF, 0x80,
    0x00, 0xDC, 0xFF, 0xFF, 0x00, 0xDC, 0xFF, 0x20, 0x00, 0x00, 0x00, 0x00, 0x00, 0x00, 0x00, 0x00,
    0x00, 0xDC, 0xFF, 0x29, 0x00, 0xDC, 0xFF, 0xFD, 0x00, 0xDC, 0xFF, 0xC9, 0x00, 0x00, 0x00, 0x00,
    0x00, 0x00, 0x00, 0x00, 0x00, 0x00, 0x00, 0x00, 0x00, 0x00, 0x00, 0x00, 0x00, 0x00, 0x00, 0x00,
    0x00, 0x00, 0x00, 0x00, 0x00, 0x00, 0x00, 0x00, 0x00, 0x00, 0x00, 0x00, 0x00, 0x00, 0x00, 0x00,
    0x00, 0x00, 0x00, 0x00, 0x00, 0x00, 0x00, 0x00, 0x00, 0x00, 0x00, 0x00, 0x00, 0x00, 0x00, 0x00,
    0x00, 0x00, 0x00, 0x00, 0x00, 0x00, 0x00, 0x00, 0x00, 0x00, 0x00, 0x00, 0x00, 0x00, 0x00, 0x00,
    0x00, 0x00, 0x00, 0x00, 0x00, 0x00, 0x00, 0x00, 0x00, 0x00, 0x00, 0x00, 0x00, 0x00, 0x00, 0x00,
    0x00, 0x00, 0x00, 0x00, 0x00, 0x00, 0x00, 0x00, 0x00, 0x00, 0x00, 0x00, 0x00, 0x00, 0x00, 0x00,
    0x00, 0x00, 0x00, 0x00, 0x00, 0x00, 0x00, 0x00, 0x00, 0x00, 0x00, 0x00, 0x00, 0x00, 0x00, 0x00,
    0x00, 0x00, 0x00, 0x00, 0x00, 0x00, 0x00, 0x00, 0x00, 0x00, 0x00, 0x00, 0x00, 0x00, 0x00, 0x00,
    0x00, 0xDC, 0xFF, 0x98, 0x00, 0xDC, 0xFF, 0xFF, 0x00, 0xDC, 0xFF, 0x39, 0x00, 0xDC, 0xFF, 0xA4,
    0x00, 0xDC, 0xFF, 0xFF, 0x00, 0xDC, 0xFF, 0xDB, 0x00, 0xDC, 0xFF, 0x18, 0x00, 0x00, 0x00, 0x00,
    0x00, 0x00, 0x00, 0x00, 0x00, 0x00, 0x00, 0x00, 0x00, 0x00, 0x00, 0x00, 0x00, 0x00, 0x00, 0x00,
    0x00, 0xDC, 0xFF, 0x0E, 0x00, 0xDC, 0xFF, 0xAF, 0x00, 0xDC, 0xFF, 0x21, 0x00, 0xDC, 0xFF, 0x20,
    0x00, 0xDC, 0xFF, 0xFF, 0x00, 0xDC, 0xFF, 0xB0, 0x00, 0x00, 0x00, 0x00, 0x00, 0x00, 0x00, 0x00,
    0x00, 0x00, 0x00, 0x00, 0x00, 0x00, 0x00, 0x00, 0x00, 0x00, 0x00, 0x00, 0x00, 0xDC, 0xFF, 0xF5,
    0x00, 0xDC, 0xFF, 0xCE, 0x00, 0xDC, 0xFF, 0x44, 0x00, 0xDC, 0xFF, 0x44, 0x00, 0xDC, 0xFF, 0x44,
    0x00, 0xDC, 0xFF, 0x44, 0x00, 0xDC, 0xFF, 0xB9, 0x00, 0xDC, 0xFF, 0xFF, 0x00, 0xDC, 0xFF, 0x0E,
    0x00, 0x00, 0x00, 0x00, 0x00, 0xDC, 0xFF, 0x80, 0x00, 0xDC, 0xFF, 0xFF, 0x00, 0xDC, 0xFF, 0x20,
    0x00, 0x00, 0x00, 0x00, 0x00, 0x00, 0x00, 0x00, 0x00, 0x00, 0x00, 0x00, 0x00, 0xDC, 0xFF, 0xCA,
    0x00, 0xDC, 0xFF, 0xFF, 0x00, 0xDC, 0xFF, 0x0E, 0x00, 0x00, 0x00, 0x00, 0x00, 0x00, 0x00, 0x00,
    0x00, 0x00, 0x00, 0x00, 0x00, 0x00, 0x00, 0x00, 0x00, 0x00, 0x00, 0x00, 0x00, 0x00, 0x00, 0x00,
    0x00, 0x00, 0x00, 0x00, 0x00, 0x00, 0x00, 0x00, 0x00, 0x00, 0x00, 0x00, 0x00, 0x00, 0x00, 0x00,
    0x00, 0x00, 0x00, 0x00, 0x00, 0x00, 0x00, 0x00, 0x00, 0x00, 0x00, 0x00, 0x00, 0x00, 0x00, 0x00,
    0x00, 0x00, 0x00, 0x00, 0x00, 0x00, 0x00, 0x00, 0x00, 0x00, 0x00, 0x00, 0x00, 0x00, 0x00, 0x00,
    0x00, 0x00, 0x00, 0x00, 0x00, 0x00, 0x00, 0x00, 0x00, 0x00, 0x00, 0x00, 0x00, 0x00, 0x00, 0x00,
    0x00, 0x00, 0x00, 0x00, 0x00, 0x00, 0x00, 0x00, 0x00, 0x00, 0x00, 0x00, 0x00, 0x00, 0x00, 0x00,
    0x00, 0x00, 0x00, 0x00, 0x00, 0x00, 0x00, 0x00, 0x00, 0x00, 0x00, 0x00, 0x00, 0x00, 0x00, 0x00,
    0x00, 0x00, 0x00, 0x00, 0x00, 0x00, 0x00, 0x00, 0x00, 0xDC, 0xFF, 0x98, 0x00, 0xDC, 0xFF, 0xFF,
    0x00, 0xDC, 0xFF, 0x38, 0x00, 0x00, 0x00, 0x00, 0x00, 0xDC, 0xFF, 0x5D, 0x00, 0xDC, 0xFF, 0x1F,
    0x00, 0x00, 0x00, 0x00, 0x00, 0x00, 0x00, 0x00, 0x00, 0x00, 0x00, 0x00, 0x00, 0x00, 0x00, 0x00,
    0x00, 0x00, 0x00, 0x00, 0x00, 0x00, 0x00, 0x00, 0x00, 0x00, 0x00, 0x00, 0x00, 0x00, 0x00, 0x00,
    0x00, 0x00, 0x00, 0x00, 0x00, 0xDC, 0xFF, 0x20, 0x00, 0xDC, 0xFF, 0xFF, 0x00, 0xDC, 0xFF, 0xB0,
    0x00, 0x00, 0x00, 0x00, 0x00, 0x00, 0x00, 0x00, 0x00, 0x00, 0x00, 0x00, 0x00, 0x00, 0x00, 0x00,
    0x00, 0x00, 0x00, 0x00, 0x00, 0xDC, 0xFF, 0xF0, 0x00, 0xDC, 0xFF, 0xBC, 0x00, 0x00, 0x00, 0x00,
    0x00, 0x00, 0x00, 0x00, 0x00, 0x00, 0x00, 0x00, 0x00, 0x00, 0x00, 0x00, 0x00, 0xDC, 0xFF, 0xA0,
    0x00, 0xDC, 0xFF, 0xFF, 0x00, 0xDC, 0xFF, 0x08, 0x00, 0x00, 0x00, 0x00, 0x00, 0xDC, 0xFF, 0x80,
    0x00, 0xDC, 0xFF, 0xFF, 0x00, 0xDC, 0xFF, 0x20, 0x00, 0x00, 0x00, 0x00, 0x00, 0x00, 0x00, 0x00,
    0x00, 0xDC, 0xFF, 0x0B, 0x00, 0xDC, 0xFF, 0xE1, 0x00, 0xDC, 0xFF, 0xFF, 0x00, 0xDC, 0xFF, 0x17,
    0x00, 0x00, 0x00, 0x00, 0x00, 0x00, 0x00, 0x00, 0x00, 0x00, 0x00, 0x00, 0x00, 0x00, 0x00, 0x00,
    0x00, 0x00, 0x00, 0x00, 0x00, 0x00, 0x00, 0x00, 0x00, 0x00, 0x00, 0x00, 0x00, 0x00, 0x00, 0x00,
    0x00, 0x00, 0x00, 0x00, 0x00, 0x00, 0x00, 0x00, 0x00, 0x00, 0x00, 0x00, 0x00, 0x00, 0x00, 0x00,
    0x32, 0x32, 0xFF, 0xFF, 0x32, 0x32, 0xFF, 0xFF, 0x32, 0x32, 0xFF, 0xFF, 0x32, 0x32, 0xFF, 0xFF,
    0x32, 0x32, 0xFF, 0xFF, 0x32, 0x32, 0xFF, 0xFF, 0x32, 0x32, 0xFF, 0xFF, 0x32, 0x32, 0xFF, 0xFF,
    0x32, 0x32, 0xFF, 0xFF, 0x32, 0x32, 0xFF, 0xFF, 0x32, 0x32, 0xFF, 0xFF, 0x32, 0x32, 0xFF, 0xFF,
    0x32, 0x32, 0xFF, 0xFF, 0x32, 0x32, 0xFF, 0xFF, 0x32, 0x32, 0xFF, 0xFF, 0x32, 0x32, 0xFF, 0xFF,
    0x00, 0x00, 0x00, 0x00, 0x00, 0x00, 0x00, 0x00, 0x00, 0x00, 0x00, 0x00, 0x00, 0x00, 0x00, 0x00,
    0x00, 0xDC, 0xFF, 0x98, 0x00, 0xDC, 0xFF, 0xFF, 0x00, 0xDC, 0xFF, 0x38, 0x00, 0x00, 0x00, 0x00,
    0x00, 0x00, 0x00, 0x00, 0x00, 0x00, 0x00, 0x00, 0x00, 0x00, 0x00, 0x00, 0x00, 0x00, 0x00, 0x00,
    0x00, 0x00, 0x00, 0x00, 0x00, 0x00, 0x00, 0x00, 0x00, 0x00, 0x00, 0x00, 0x00, 0x00, 0x00, 0x00,
    0x00, 0x00, 0x00, 0x00, 0x00, 0x00, 0x00, 0x00, 0x00, 0x00, 0x00, 0x00, 0x00, 0xDC, 0xFF, 0x20,
    0x00, 0xDC, 0xFF, 0xFF, 0x00, 0xDC, 0xFF, 0xB0, 0x00, 0x00, 0x00, 0x00, 0x00, 0x00, 0x00, 0x00,
    0x00, 0x00, 0x00, 0x00, 0x00, 0x00, 0x00, 0x00, 0x00, 0x00, 0x00, 0x00, 0x00, 0xDC, 0xFF, 0xEB,
    0x00, 0xDC, 0xFF, 0xBC, 0x00, 0x00, 0x00, 0x00, 0x00, 0x00, 0x00, 0x00, 0x00, 0x00, 0x00, 0x00,
    0x00, 0x00, 0x00, 0x00, 0x00, 0xDC, 0xFF, 0xA0, 0x00, 0xDC, 0xFF, 0xFF, 0x00, 0xDC, 0xFF, 0x02,
    0x00, 0x00, 0x00, 0x00, 0x00, 0xDC, 0xFF, 0x80, 0x00, 0xDC, 0xFF, 0xFF, 0x00, 0xDC, 0xFF, 0x20,
    0x00, 0xDC, 0xFF, 0x77, 0x00, 0xDC, 0xFF, 0x99, 0x00, 0xDC, 0xFF, 0xDE, 0x00, 0xDC, 0xFF, 0xFF,
    0x00, 0xDC, 0xFF, 0xD4, 0x00, 0x00, 0x00, 0x00, 0x00, 0x00, 0x00, 0x00, 0x00, 0x00, 0x00, 0x00,
    0x00, 0x00, 0x00, 0x00, 0x00, 0x00, 0x00, 0x00, 0x00, 0x00, 0x00, 0x00, 0x00, 0x00, 0x00, 0x00,
    0x00, 0x00, 0x00, 0x00, 0x00, 0x00, 0x00, 0x00, 0x00, 0x00, 0x00, 0x00, 0x00, 0x00, 0x00, 0x00,
    0x00, 0x00, 0x00, 0x00, 0x32, 0x32, 0xFF, 0xFF, 0x32, 0x32, 0xFF, 0xFF, 0x32, 0x32, 0xFF, 0xFF,
    0x32, 0x32, 0xFF, 0xFF, 0x32, 0x32, 0xFF, 0xFF, 0x32, 0x32, 0xFF, 0xFF, 0x32, 0x32, 0xFF, 0xFF,
    0x32, 0x32, 0xFF, 0xFF, 0x32, 0x32, 0xFF, 0xFF, 0x32, 0x32, 0xFF, 0xFF, 0x32, 0x32, 0xFF, 0xFF,
    0x32, 0x32, 0xFF, 0xFF, 0x32, 0x32, 0xFF, 0xFF, 0x32, 0x32, 0xFF, 0xFF, 0x32, 0x32, 0xFF, 0xFF,
    0x32, 0x32, 0xFF, 0xFF, 0x00, 0x00, 0x00, 0x00, 0x00, 0x00, 0x00, 0x00, 0x00, 0x00, 0x00, 0x00,
    0x00, 0x00, 0x00, 0x00, 0x00, 0x00, 0x00, 0x00, 0x00, 0xDC, 0xFF, 0x98, 0x00, 0xDC, 0xFF, 0xFF,
    0x00, 0xDC, 0xFF, 0x38, 0x00, 0x00, 0x00, 0x00, 0x00, 0x00, 0x00, 0x00, 0x00, 0x00, 0x00, 0x00,
    0x00, 0x00, 0x00, 0x00, 0x00, 0x00, 0x00, 0x00, 0x00, 0x00, 0x00, 0x00, 0x00, 0x00, 0x00, 0x00,
    0x00, 0x00, 0x00, 0x00, 0x00, 0x00, 0x00, 0x00, 0x00, 0x00, 0x00, 0x00, 0x00, 0x00, 0x00, 0x00,
    0x00, 0x00, 0x00, 0x00, 0x00, 0xDC, 0xFF, 0x20, 0x00, 0xDC, 0xFF, 0xFF, 0x00, 0xDC, 0xFF, 0xB0,
    0x00, 0x00, 0x00, 0x00, 0x00, 0x00, 0x00, 0x00, 0x00, 0x00, 0x00, 0x00, 0x00, 0x00, 0x00, 0x00,
    0x00, 0x00, 0x00, 0x00, 0x00, 0xDC, 0xFF, 0xEA, 0x00, 0xDC, 0xFF, 0xC4, 0x00, 0xDC, 0xFF, 0x20,
    0x00, 0xDC, 0xFF, 0x20, 0x00, 0xDC, 0xFF, 0x20, 0x00, 0xDC, 0xFF, 0x20, 0x00, 0xDC, 0xFF, 0xAC,
    0x00, 0xDC, 0xFF, 0xFF, 0x00, 0xDC, 0xFF, 0x03, 0x00, 0x00, 0x00, 0x00, 0x00, 0xDC, 0xFF, 0x81,
    0x00, 0xDC, 0xFF, 0xFF, 0x00, 0xDC, 0xFF, 0x20, 0x00, 0xDC, 0xFF, 0x91, 0x00, 0xDC, 0xFF, 0xFF,
    0x00, 0xDC, 0xFF, 0xFF, 0x00, 0xDC, 0xFF, 0xD4, 0x00, 0xDC, 0xFF, 0x25, 0x00, 0x00, 0x00, 0x00,
    0x00, 0x00, 0x00, 0x00, 0x00, 0x00, 0x00, 0x00, 0x00, 0x00, 0x00, 0x00, 0x00, 0x00, 0x00, 0x00,
    0x00, 0x00, 0x00, 0x00, 0x00, 0x00, 0x00, 0x00, 0x00, 0x00, 0x00, 0x00, 0x00, 0x00, 0x00, 0x00,
    0x00, 0x00, 0x00, 0x00, 0x00, 0x00, 0x00, 0x00, 0x00, 0x00, 0x00, 0x00, 0x32, 0x32, 0xFF, 0xFF,
    0x32, 0x32, 0xFF, 0xFF, 0x32, 0x32, 0xFF, 0xFF, 0x32, 0x32, 0xFF, 0xFF, 0x32, 0x32, 0xFF, 0xFF,
    0x32, 0x32, 0xFF, 0xFF, 0x32, 0x32, 0xFF, 0xFF, 0x32, 0x32, 0xFF, 0xFF, 0x32, 0x32, 0xFF, 0xFF,
    0x32, 0x32, 0xFF, 0xFF, 0x32, 0x32, 0xFF, 0xFF, 0x32, 0x32, 0xFF, 0xFF, 0x32, 0x32, 0xFF, 0xFF,
    0x32, 0x32, 0xFF, 0xFF, 0x32, 0x32, 0xFF, 0xFF, 0x32, 0x32, 0xFF, 0xFF, 0x00, 0x00, 0x00, 0x00,
    0x00, 0x00, 0x00, 0x00, 0x00, 0x00, 0x00, 0x00, 0x00, 0x00, 0x00, 0x00, 0x00, 0x00, 0x00, 0x00,
    0x00, 0xDC, 0xFF, 0x9E, 0x00, 0xDC, 0xFF, 0xFF, 0x00, 0xDC, 0xFF, 0x38, 0x00, 0x00, 0x00, 0x00,
    0x00, 0x00, 0x00, 0x00, 0x00, 0x00, 0x00, 0x00, 0x00, 0x00, 0x00, 0x00, 0x00, 0x00, 0x00, 0x00,
    0x00, 0x00, 0x00, 0x00, 0x00, 0x00, 0x00, 0x00, 0x00, 0x00, 0x00, 0x00, 0x00, 0x00, 0x00, 0x00,
    0x00, 0x00, 0x00, 0x00, 0x00, 0xDC, 0xFF, 0x02, 0x00, 0xDC, 0xFF, 0x0B, 0x00, 0xDC, 0xFF, 0x60,
    0x00, 0xDC, 0xFF, 0xFF, 0x00, 0xDC, 0xFF, 0xAE, 0x00, 0x00, 0x00, 0x00, 0x00, 0x00, 0x00, 0x00,
    0x00, 0x00, 0x00, 0x00, 0x00, 0x00, 0x00, 0x00, 0x00, 0x00, 0x00, 0x00, 0x00, 0xDC, 0xFF, 0xEF,
    0x00, 0xDC, 0xFF, 0xFF, 0x00, 0xDC, 0xFF, 0xFF, 0x00, 0xDC, 0xFF, 0xFF, 0x00, 0xDC, 0xFF, 0xFF,
    0x00, 0xDC, 0xFF, 0xFF, 0x00, 0xDC, 0xFF, 0xFF, 0x00, 0xDC, 0xFF, 0xFF, 0x00, 0xDC, 0xFF, 0x09,
    0x00, 0x00, 0x00, 0x00, 0x00, 0xDC, 0xFF, 0x84, 0x00, 0xDC, 0xFF, 0xFF, 0x00, 0xDC, 0xFF, 0x20,
    0x00, 0xDC, 0xFF, 0x2C, 0x00, 0xDC, 0xFF, 0x72, 0x00, 0xDC, 0xFF, 0x38, 0x00, 0xDC, 0xFF, 0x01,
    0x00, 0x00, 0x00, 0x00, 0x00, 0x00, 0x00, 0x00, 0x00, 0x00, 0x00, 0x00, 0x00, 0x00, 0x00, 0x00,
    0x00, 0x00, 0x00, 0x00, 0x00, 0x00, 0x00, 0x00, 0x00, 0x00, 0x00, 0x00, 0x00, 0x00, 0x00, 0x00,
    0x00, 0x00, 0x00, 0x00, 0x00, 0x00, 0x00, 0x00, 0x00, 0x00, 0x00, 0x00, 0x00, 0x00, 0x00, 0x00,
    0x32, 0x32, 0xFF, 0xFF, 0x32, 0x32, 0xFF, 0xFF, 0x32, 0x32, 0xFF, 0xFF, 0x32, 0x32, 0xFF, 0xFF,
    0x32, 0x32, 0xFF, 0xFF, 0x32, 0x32, 0xFF, 0xFF, 0x32, 0x32, 0xFF, 0xFF, 0x32, 0x32, 0xFF, 0xFF,
    0x32, 0x32, 0xFF, 0xFF, 0x32, 0x32, 0xFF, 0xFF, 0x32, 0x32, 0xFF, 0xFF, 0x32, 0x32, 0xFF, 0xFF,
    0x32, 0x32, 0xFF, 0xFF, 0x32, 0x32, 0xFF, 0xFF, 0x32, 0x32, 0xFF, 0xFF, 0x32, 0x32, 0xFF, 0xFF,
    0x00, 0x00, 0x00, 0x00, 0x00, 0x00, 0x00, 0x00, 0x00, 0x00, 0x00, 0x00, 0x00, 0x00, 0x00, 0x00,
    0x00, 0x00, 0x00, 0x00, 0x00, 0x00, 0x00, 0x00, 0x00, 0xDC, 0xFF, 0xAB, 0x00, 0xDC, 0xFF, 0xFF,
    0x00, 0xDC, 0xFF, 0x38, 0x00, 0x00, 0x00, 0x00, 0x00, 0x00, 0x00, 0x00, 0x00, 0x00, 0x00, 0x00,
    0x00, 0x00, 0x00, 0x00, 0x00, 0x00, 0x00, 0x00, 0x00, 0x00, 0x00, 0x00, 0x00, 0x00, 0x00, 0x00,
    0x00, 0x00, 0x00, 0x00, 0x00, 0x00, 0x00, 0x00, 0x00, 0xDC, 0xFF, 0x19, 0x00, 0xDC, 0xFF, 0xE6,
    0x00, 0xDC, 0xFF, 0xFF, 0x00, 0xDC, 0xFF, 0xFF, 0x00, 0xDC, 0xFF, 0xFF, 0x00, 0xDC, 0xFF, 0x85,
    0x00, 0x00, 0x00, 0x00, 0x00, 0x00, 0x00, 0x00, 0x00, 0x00, 0x00, 0x00, 0x00, 0x00, 0x00, 0x00,
    0x00, 0x00, 0x00, 0x00, 0x00, 0xDC, 0xFF, 0xF4, 0x00, 0xDC, 0xFF, 0xCE, 0x00, 0xDC, 0xFF, 0x44,
    0x00, 0xDC, 0xFF, 0x44, 0x00, 0xDC, 0xFF, 0x44, 0x00, 0xDC, 0xFF, 0x44, 0x00, 0xDC, 0xFF, 0xB9,
    0x00, 0xDC, 0xFF, 0xFF, 0x00, 0xDC, 0xFF, 0x0F, 0x00, 0x00, 0x00, 0x00, 0x00, 0xDC, 0xFF, 0x89,
    0x00, 0xDC, 0xFF, 0xFF, 0x00, 0xDC, 0xFF, 0x20, 0x00, 0x00, 0x00, 0x00, 0x00, 0x00, 0x00, 0x00,
    0x00, 0x00, 0x00, 0x00, 0x00, 0x00, 0x00, 0x00, 0x00, 0x00, 0x00, 0x00, 0x00, 0x00, 0x00, 0x00,
    0x00, 0x00, 0x00, 0x00, 0x00, 0x00, 0x00, 0x00, 0x00, 0x00, 0x00, 0x00, 0x00, 0x00, 0x00, 0x00,
    0x00, 0x00, 0x00, 0x00, 0x00, 0x00, 0x00, 0x00, 0x00, 0x00, 0x00, 0x00, 0x00, 0x00, 0x00, 0x00,
    0x00, 0x00, 0x00, 0x00, 0x32, 0x32, 0xFF, 0xFF, 0x32, 0x32, 0xFF, 0xFF, 0x32, 0x32, 0xFF, 0xFF,
    0x32, 0x32, 0xFF, 0xFF, 0x32, 0x32, 0xFF, 0xFF, 0x32, 0x32, 0xFF, 0xFF, 0x32, 0x32, 0xFF, 0xFF,
    0x32, 0x32, 0xFF, 0xFF, 0x32, 0x32, 0xFF, 0xFF, 0x32, 0x32, 0xFF, 0xFF, 0x32, 0x32, 0xFF, 0xFF,
    0x32, 0x32, 0xFF, 0xFF, 0x32, 0x32, 0xFF, 0xFF, 0x32, 0x32, 0xFF, 0xFF, 0x32, 0x32, 0xFF, 0xFF,
    0x32, 0x32, 0xFF, 0xFF, 0x00, 0x00, 0x00, 0x00, 0x00, 0x00, 0x00, 0x00, 0x00, 0x00, 0x00, 0x00,
    0x00, 0x00, 0x00, 0x00, 0x00, 0x00, 0x00, 0x00, 0x00, 0x00, 0x00, 0x00, 0x00, 0x00, 0x00, 0x00,
    0x00, 0xDC, 0xFF, 0x87, 0x00, 0xDC, 0xFF, 0xB8, 0x00, 0xDC, 0xFF, 0x28, 0x00, 0x00, 0x00, 0x00,
    0x00, 0x00, 0x00, 0x00, 0x00, 0x00, 0x00, 0x00, 0x00, 0x00, 0x00, 0x00, 0x00, 0x00, 0x00, 0x00,
    0x00, 0x00, 0x00, 0x00, 0x00, 0x00, 0x00, 0x00, 0x00, 0x00, 0x00, 0x00, 0x00, 0x00, 0x00, 0x00,
    0x00, 0x00, 0x00, 0x00, 0x00, 0xDC, 0xFF, 0x5A, 0x00, 0xDC, 0xFF, 0xC8, 0x00, 0xDC, 0xFF, 0x9B,
    0x00, 0xDC, 0xFF, 0x5D, 0x00, 0xDC, 0xFF, 0x06, 0x00, 0x00, 0x00, 0x00, 0x00, 0x00, 0x00, 0x00,
    0x00, 0x00, 0x00, 0x00, 0x00, 0x00, 0x00, 0x00, 0x00, 0x00, 0x00, 0x00, 0x00, 0xDC, 0xFF, 0xF5,
    0x00, 0xDC, 0xFF, 0xB9, 0x00, 0x00, 0x00, 0x00, 0x00, 0x00, 0x00, 0x00, 0x00, 0x00, 0x00, 0x00,
    0x00, 0x00, 0x00, 0x00, 0x00, 0xDC, 0xFF, 0x9D, 0x00, 0xDC, 0xFF, 0xFC, 0x00, 0xDC, 0xFF, 0x14,
    0x00, 0x00, 0x00, 0x00, 0x00, 0xDC, 0xFF, 0x92, 0x00, 0xDC, 0xFF, 0xFF, 0x00, 0xDC, 0xFF, 0x20,
    0x00, 0x00, 0x00, 0x00, 0x00, 0x00, 0x00, 0x00, 0x00, 0x00, 0x00, 0x00, 0x00, 0x00, 0x00, 0x00,
    0x00, 0x00, 0x00, 0x00, 0x00, 0x00, 0x00, 0x00, 0x00, 0x00, 0x00, 0x00, 0x00, 0x00, 0x00, 0x00,
    0x00, 0x00, 0x00, 0x00, 0x00, 0x00, 0x00, 0x00, 0x00, 0x00, 0x00, 0x00, 0x00, 0x00, 0x00, 0x00,
    0x00, 0x00, 0x00, 0x00, 0x00, 0x00, 0x00, 0x00, 0x00, 0x00, 0x00, 0x00, 0x32, 0x32, 0xFF, 0xFF,
    0x32, 0x32, 0xFF, 0xFF, 0x32, 0x32, 0xFF, 0xFF, 0x32, 0x32, 0xFF, 0xFF, 0x32, 0x32, 0xFF, 0xFF,
    0x32, 0x32, 0xFF, 0xFF, 0x32, 0x32, 0xFF, 0xFF, 0x32, 0x32, 0xFF, 0xFF, 0x32, 0x32, 0xFF, 0xFF,
    0x32, 0x32, 0xFF, 0xFF, 0x32, 0x32, 0xFF, 0xFF, 0x32, 0x32, 0xFF, 0xFF, 0x32, 0x32, 0xFF, 0xFF,
    0x32, 0x32, 0xFF, 0xFF, 0x32, 0x32, 0xFF, 0xFF, 0x32, 0x32, 0xFF, 0xFF, 0x00, 0x00, 0x00, 0x00,
    0x00, 0x00, 0x00, 0x00, 0x00, 0x00, 0x00, 0x00, 0x00, 0x00, 0x00, 0x00, 0x00, 0x00, 0x00, 0x00,
    0x00, 0x00, 0x00, 0x00, 0x00, 0x00, 0x00, 0x00, 0x00, 0x00, 0x00, 0x00, 0x00, 0x00, 0x00, 0x00,
    0x00, 0x00, 0x00, 0x00, 0x00, 0x00, 0x00, 0x00, 0x00, 0x00, 0x00, 0x00, 0x00, 0x00, 0x00, 0x00,
    0x00, 0x00, 0x00, 0x00, 0x00, 0x00, 0x00, 0x00, 0x00, 0x00, 0x00, 0x00, 0x00, 0x00, 0x00, 0x00,
    0x00, 0x00, 0x00, 0x00, 0x00, 0x00, 0x00, 0x00, 0x00, 0x00, 0x00, 0x00, 0x00, 0x00, 0x00, 0x00,
    0x00, 0x00, 0x00, 0x00, 0x00, 0x00, 0x00, 0x00, 0x00, 0x00, 0x00, 0x00, 0x00, 0x00, 0x00, 0x00,
    0x00, 0x00, 0x00, 0x00, 0x00, 0x00, 0x00, 0x00, 0x00, 0x00, 0x00, 0x00, 0x00, 0x00, 0x00, 0x00,
    0x00, 0x00, 0x00, 0x00, 0x00, 0x00, 0x00, 0x00, 0x00, 0x00, 0x00, 0x00, 0x00, 0x00, 0x00, 0x00,
    0x00, 0x00, 0x00, 0x00, 0x00, 0x00, 0x00, 0x00, 0x00, 0x00, 0x00, 0x00, 0x00, 0x00, 0x00, 0x00,
    0x00, 0x00, 0x00, 0x00, 0x00, 0x00, 0x00, 0x00, 0x00, 0x00, 0x00, 0x00, 0x00, 0xDC, 0xFF, 0x17,
    0x00, 0xDC, 0xFF, 0x28, 0x00, 0xDC, 0xFF, 0x05, 0x00, 0x00, 0x00, 0x00, 0x00, 0x00, 0x00, 0x00,
    0x00, 0x00, 0x00, 0x00, 0x00, 0x00, 0x00, 0x00, 0x00, 0x00, 0x00, 0x00, 0x00, 0x00, 0x00, 0x00,
    0x00, 0x00, 0x00, 0x00, 0x00, 0x00, 0x00, 0x00, 0x00, 0x00, 0x00, 0x00, 0x00, 0x00, 0x00, 0x00,
    0x00, 0x00, 0x00, 0x00, 0x00, 0x00, 0x00, 0x00, 0x00, 0x00, 0x00, 0x00, 0x00, 0x00, 0x00, 0x00,
    0x32, 0x32, 0xFF, 0xFF, 0x32, 0x32, 0xFF, 0xFF, 0x32, 0x32, 0xFF, 0xFF, 0x32, 0x32, 0xFF, 0xFF,
    0x32, 0x32, 0xFF, 0xFF, 0x32, 0x32, 0xFF, 0xFF, 0x32, 0x32, 0xFF, 0xFF, 0x32, 0x32, 0xFF, 0xFF,
    0x32, 0x32, 0xFF, 0xFF, 0x32, 0x32, 0xFF, 0xFF, 0x32, 0x32, 0xFF, 0xFF, 0x32, 0x32, 0xFF, 0xFF,
    0x32, 0x32, 0xFF, 0xFF, 0x32, 0x32, 0xFF, 0xFF, 0x32, 0x32, 0xFF, 0xFF, 0x32, 0x32, 0xFF, 0xFF,
    0x00, 0x00, 0x00, 0x00, 0x00, 0x00, 0x00, 0x00, 0x00, 0x00, 0x00, 0x00, 0x00, 0x00, 0x00, 0x00,
    0x00, 0x00, 0x00, 0x00, 0x00, 0x00, 0x00, 0x00, 0x00, 0x00, 0x00, 0x00, 0x00, 0x00, 0x00, 0x00,
    0x00, 0x00, 0x00, 0x00, 0x00, 0x00, 0x00, 0x00, 0x00, 0x00, 0x00, 0x00, 0x00, 0x00, 0x00, 0x00,
    0x00, 0x00, 0x00, 0x00, 0x00, 0x00, 0x00, 0x00, 0x00, 0x00, 0x00, 0x00, 0x00, 0x00, 0x00, 0x00,
    0x00, 0x00, 0x00, 0x00, 0x00, 0x00, 0x00, 0x00, 0x00, 0x00, 0x00, 0x00, 0x00, 0x00, 0x00, 0x00,
    0x00, 0x00, 0x00, 0x00, 0x00, 0x00, 0x00, 0x00, 0x00, 0x00, 0x00, 0x00, 0x00, 0x00, 0x00, 0x00,
    0x00, 0x00, 0x00, 0x00, 0x00, 0x00, 0x00, 0x00, 0x00, 0x00, 0x00, 0x00, 0x00, 0x00, 0x00, 0x00,
    0x00, 0x00, 0x00, 0x00, 0x00, 0x00, 0x00, 0x00, 0x00, 0x00, 0x00, 0x00, 0x00, 0x00, 0x00, 0x00,
    0x00, 0x00, 0x00, 0x00, 0x00, 0x00, 0x00, 0x00, 0x00, 0x00, 0x00, 0x00, 0x00, 0x00, 0x00, 0x00,
    0x00, 0x00, 0x00, 0x00, 0x00, 0x00, 0x00, 0x00, 0x00, 0x00, 0x00, 0x00, 0x00, 0x00, 0x00, 0x00,
    0x00, 0x00, 0x00, 0x00, 0x00, 0x00, 0x00, 0x00, 0x00, 0x00, 0x00, 0x00, 0x00, 0x00, 0x00, 0x00,
    0x00, 0x00, 0x00, 0x00, 0x00, 0x00, 0x00, 0x00, 0x00, 0x00, 0x00, 0x00, 0x00, 0x00, 0x00, 0x00,
    0x00, 0x00, 0x00, 0x00, 0x00, 0x00, 0x00, 0x00, 0x00, 0x00, 0x00, 0x00, 0x00, 0x00, 0x00, 0x00,
    0x00, 0x00, 0x00, 0x00, 0x00, 0x00, 0x00, 0x00, 0x00, 0x00, 0x00, 0x00, 0x00, 0x00, 0x00, 0x00,
    0x00, 0x00, 0x00, 0x00, 0x00, 0x00, 0x00, 0x00, 0x32, 0x32, 0xFF, 0xFF, 0x32, 0x32, 0xFF, 0xFF,
    0x32, 0x32, 0xFF, 0xFF, 0x32, 0x32, 0xFF, 0xFF, 0x32, 0x32, 0xFF, 0xFF, 0x32, 0x32, 0xFF, 0xFF,
    0x32, 0x32, 0xFF, 0xFF, 0x32, 0x32, 0xFF, 0xFF, 0x32, 0x32, 0xFF, 0xFF, 0x32, 0x32, 0xFF, 0xFF,
    0x32, 0x32, 0xFF, 0xFF, 0x32, 0x32, 0xFF, 0xFF, 0x32, 0x32, 0xFF, 0xFF, 0x32, 0x32, 0xFF, 0xFF,
    0x32, 0x32, 0xFF, 0xFF, 0x32, 0x32, 0xFF, 0xFF, 0x00, 0x00, 0x00, 0x00, 0x00, 0x00, 0x00, 0x00,
    0x00, 0x00, 0x00, 0x00, 0x00, 0x00, 0x00, 0x00, 0x00, 0x00, 0x00, 0x00, 0x00, 0x00, 0x00, 0x00,
    0x00, 0x00, 0x00, 0x00, 0x00, 0x00, 0x00, 0x00, 0x00, 0x00, 0x00, 0x00, 0x00, 0x00, 0x00, 0x00,
    0x00, 0x00, 0x00, 0x00, 0x00, 0x00, 0x00, 0x00, 0x00, 0x00, 0x00, 0x00, 0x00, 0x00, 0x00, 0x00,
    0x00, 0x00, 0x00, 0x00, 0x00, 0x00, 0x00, 0x00, 0x00, 0x00, 0x00, 0x00, 0x00, 0x00, 0x00, 0x00,
    0x00, 0x00, 0x00, 0x00, 0x00, 0x00, 0x00, 0x00, 0x00, 0x00, 0x00, 0x00, 0x00, 0x00, 0x00, 0x00,
    0x00, 0x00, 0x00, 0x00, 0x00, 0x00, 0x00, 0x00, 0x00, 0x00, 0x00, 0x00, 0x00, 0x00, 0x00, 0x00,
    0x00, 0x00, 0x00, 0x00, 0x00, 0x00, 0x00, 0x00, 0x00, 0x00, 0x00, 0x00, 0x00, 0x00, 0x00, 0x00,
    0x00, 0x00, 0x00, 0x00, 0x00, 0x00, 0x00, 0x00, 0x00, 0x00, 0x00, 0x00, 0x00, 0x00, 0x00, 0x00,
    0x00, 0x00, 0x00, 0x00, 0x00, 0x00, 0x00, 0x00, 0x00, 0x00, 0x00, 0x00, 0x00, 0x00, 0x00, 0x00,
    0x00, 0x00, 0x00, 0x00, 0x00, 0x00, 0x00, 0x00, 0x00, 0x00, 0x00, 0x00, 0x00, 0x00, 0x00, 0x00,
    0x00, 0x00, 0x00, 0x00, 0x00, 0x00, 0x00, 0x00, 0x00, 0x00, 0x00, 0x00, 0x00, 0x00, 0x00, 0x00,
    0x00, 0x00, 0x00, 0x00, 0x00, 0x00, 0x00, 0x00, 0x00, 0x00, 0x00, 0x00, 0x00, 0x00, 0x00, 0x00,
    0x00, 0x00, 0x00, 0x00, 0x00, 0x00, 0x00, 0x00, 0x00, 0x00, 0x00, 0x00, 0x00, 0x00, 0x00, 0x00,
    0x00, 0x00, 0x00, 0x00, 0x00, 0x00, 0x00, 0x00, 0x00, 0x00, 0x00, 0x00, 0x32, 0x32, 0xFF, 0xFF,
    0x32, 0x32, 0xFF, 0xFF, 0x32, 0x32, 0xFF, 0xFF, 0x32, 0x32, 0xFF, 0xFF, 0x32, 0x32, 0xFF, 0xFF,
    0x32, 0x32, 0xFF, 0xFF, 0x32, 0x32, 0xFF, 0xFF, 0x32, 0x32, 0xFF, 0xFF, 0x32, 0x32, 0xFF, 0xFF,
    0x32, 0x32, 0xFF, 0xFF, 0x32, 0x32, 0xFF, 0xFF, 0x32, 0x32, 0xFF, 0xFF, 0x32, 0x32, 0xFF, 0xFF,
    0x32, 0x32, 0xFF, 0xFF, 0x32, 0x32, 0xFF, 0xFF, 0x32, 0x32, 0xFF, 0xFF, 0x00, 0x00, 0x00, 0x00,
    0x00, 0x00, 0x00, 0x00, 0x00, 0x00, 0x00, 0x00, 0x00, 0x00, 0x00, 0x00, 0x00, 0x00, 0x00, 0x00,
    0x00, 0x00, 0x00, 0x00, 0x00, 0x00, 0x00, 0x00, 0x00, 0x00, 0x00, 0x00, 0x00, 0x00, 0x00, 0x00,
    0x00, 0x00, 0x00, 0x00, 0x00, 0x00, 0x00, 0x00, 0x00, 0x00, 0x00, 0x00, 0x00, 0x00, 0x00, 0x00,
    0x00, 0x00, 0x00, 0x00, 0x00, 0x00, 0x00, 0x00, 0x00, 0x00, 0x00, 0x00, 0x00, 0x00, 0x00, 0x00,
    0x00, 0x00, 0x00, 0x00, 0x00, 0x00, 0x00, 0x00, 0x00, 0x00, 0x00, 0x00, 0x00, 0x00, 0x00, 0x00,
    0x00, 0x00, 0x00, 0x00, 0x00, 0x00, 0x00, 0x00, 0x00, 0x00, 0x00, 0x00, 0x00, 0x00, 0x00, 0x00,
    0x00, 0x00, 0x00, 0x00, 0x00, 0x00, 0x00, 0x00, 0x00, 0x00, 0x00, 0x00, 0x00, 0x00, 0x00, 0x00,
    0x00, 0x00, 0x00, 0x00, 0x00, 0x00, 0x00, 0x00, 0x00, 0x00, 0x00, 0x00, 0x00, 0x00, 0x00, 0x00,
    0x00, 0x00, 0x00, 0x00, 0x00, 0x00, 0x00, 0x00, 0x00, 0x00, 0x00, 0x00, 0x00, 0x00, 0x00, 0x00,
    0x00, 0x00, 0x00, 0x00, 0x00, 0x00, 0x00, 0x00, 0x00, 0x00, 0x00, 0x00, 0x00, 0x00, 0x00, 0x00,
    0x00, 0x00, 0x00, 0x00, 0x00, 0x00, 0x00, 0x00, 0x00, 0x00, 0x00, 0x00, 0x00, 0x00, 0x00, 0x00,
    0x00, 0x00, 0x00, 0x00, 0x00, 0x00, 0x00, 0x00, 0x00, 0x00, 0x00, 0x00, 0x00, 0x00, 0x00, 0x00,
    0x00, 0x00, 0x00, 0x00, 0x00, 0x00, 0x00, 0x00, 0x00, 0x00, 0x00, 0x00, 0x00, 0x00, 0x00, 0x00,
    0x00, 0x00, 0x00, 0x00, 0x00, 0x00, 0x00, 0x00, 0x00, 0x00, 0x00, 0x00, 0x00, 0x00, 0x00, 0x00,
    0x32, 0x32, 0xFF, 0xFF, 0x32, 0x32, 0xFF, 0xFF, 0x32, 0x32, 0xFF, 0xFF, 0x32, 0x32, 0xFF, 0xFF,
    0x32, 0x32, 0xFF, 0xFF, 0x32, 0x32, 0xFF, 0xFF, 0x32, 0x32, 0xFF, 0xFF, 0x32, 0x32, 0xFF, 0xFF,
    0x32, 0x32, 0xFF, 0xFF, 0x32, 0x32, 0xFF, 0xFF, 0x32, 0x32, 0xFF, 0xFF, 0x32, 0x32, 0xFF, 0xFF,
    0x32, 0x32, 0xFF, 0xFF, 0x32, 0x32, 0xFF, 0xFF, 0x32, 0x32, 0xFF, 0xFF, 0x32, 0x32, 0xFF, 0xFF,
    0x00, 0x00, 0x00, 0x00, 0x00, 0x00, 0x00, 0x00, 0x00, 0x00, 0x00, 0x00, 0x00, 0x00, 0x00, 0x00,
    0x00, 0x00, 0x00, 0x00, 0x00, 0x00, 0x00, 0x00, 0x00, 0x00, 0x00, 0x00, 0x00, 0x00, 0x00, 0x00,
    0x00, 0x00, 0x00, 0x00, 0x00, 0x00, 0x00, 0x00, 0x00, 0x00, 0x00, 0x00, 0x00, 0x00, 0x00, 0x00,
    0x00, 0x00, 0x00, 0x00, 0x00, 0x00, 0x00, 0x00, 0x00, 0x00, 0x00, 0x00, 0x00, 0x00, 0x00, 0x00,
    0x00, 0x00, 0x00, 0x00, 0x00, 0x00, 0x00, 0x00, 0x00, 0x00, 0x00, 0x00, 0x00, 0x00, 0x00, 0x00,
    0x00, 0x00, 0x00, 0x00, 0x00, 0x00, 0x00, 0x00, 0x00, 0x00, 0x00, 0x00, 0x00, 0x00, 0x00, 0x00,
    0x00, 0x00, 0x00, 0x00, 0x00, 0x00, 0x00, 0x00, 0x00, 0x00, 0x00, 0x00, 0x00, 0x00, 0x00, 0x00,
    0x00, 0x00, 0x00, 0x00, 0x00, 0x00, 0x00, 0x00, 0x00, 0x00, 0x00, 0x00, 0x00, 0x00, 0x00, 0x00,
    0x00, 0x00, 0x00, 0x00, 0x00, 0x00, 0x00, 0x00, 0x00, 0x00, 0x00, 0x00, 0x00, 0x00, 0x00, 0x00,
    0x00, 0x00, 0x00, 0x00, 0x00, 0x00, 0x00, 0x00, 0x00, 0x00, 0x00, 0x00, 0x00, 0x00, 0x00, 0x00,
    0x00, 0x00, 0x00, 0x00, 0x00, 0x00, 0x00, 0x00, 0x00, 0x00, 0x00, 0x00, 0x00, 0x00, 0x00, 0x00,
    0x00, 0x00, 0x00, 0x00, 0x00, 0x00, 0x00, 0x00, 0x00, 0x00, 0x00, 0x00, 0x00, 0x00, 0x00, 0x00,
    0x00, 0x00, 0x00, 0x00, 0x00, 0x00, 0x00, 0x00, 0x00, 0x00, 0x00, 0x00, 0x00, 0x00, 0x00, 0x00,
    0x00, 0x00, 0x00, 0x00, 0x00, 0x00, 0x00, 0x00, 0x00, 0x00, 0x00, 0x00, 0x00, 0x00, 0x00, 0x00,
    0x00, 0x00, 0x00, 0x00, 0x00, 0x00, 0x00, 0x00, 0x32, 0x32, 0xFF, 0xFF, 0x32, 0x32, 0xFF, 0xFF,
    0x32, 0x32, 0xFF, 0xFF, 0x32, 0x32, 0xFF, 0xFF, 0x32, 0x32, 0xFF, 0xFF, 0x32, 0x32, 0xFF, 0xFF,
    0x32, 0x32, 0xFF, 0xFF, 0x32, 0x32, 0xFF, 0xFF, 0x32, 0x32, 0xFF, 0xFF, 0x32, 0x32, 0xFF, 0xFF,
    0x32, 0x32, 0xFF, 0xFF, 0x32, 0x32, 0xFF, 0xFF, 0x32, 0x32, 0xFF, 0xFF, 0x32, 0x32, 0xFF, 0xFF,
    0x32, 0x32, 0xFF, 0xFF, 0x32, 0x32, 0xFF, 0xFF, 0x00, 0x00, 0x00, 0x00, 0x00, 0x00, 0x00, 0x00,
    0x00, 0x00, 0x00, 0x00, 0x00, 0x00, 0x00, 0x00, 0x00, 0x00, 0x00, 0x00, 0x00, 0x00, 0x00, 0x00,
    0x00, 0x00, 0x00, 0x00, 0x00, 0x00, 0x00, 0x00, 0x00, 0x00, 0x00, 0x00, 0x00, 0x00, 0x00, 0x00,
    0x00, 0x00, 0x00, 0x00, 0x00, 0x00, 0x00, 0x00, 0x00, 0x00, 0x00, 0x00, 0x00, 0x00, 0x00, 0x00,
    0x00, 0x00, 0x00, 0x00, 0x00, 0x00, 0x00, 0x00, 0x00, 0x00, 0x00, 0x00, 0x00, 0x00, 0x00, 0x00,
    0x00, 0x00, 0x00, 0x00, 0x00, 0x00, 0x00, 0x00, 0x00, 0x00, 0x00, 0x00, 0x00, 0x00, 0x00, 0x00,
    0x00, 0x00, 0x00, 0x00, 0x00, 0x00, 0x00, 0x00, 0x00, 0x00, 0x00, 0x00, 0x00, 0x00, 0x00, 0x00,
    0x00, 0x00, 0x00, 0x00, 0x00, 0x00, 0x00, 0x00, 0x00, 0x00, 0x00, 0x00, 0x00, 0x00, 0x00, 0x00,
    0x00, 0x00, 0x00, 0x00, 0x00, 0x00, 0x00, 0x00, 0x00, 0x00, 0x00, 0x00, 0x00, 0x00, 0x00, 0x00,
    0x00, 0x00, 0x00, 0x00, 0x00, 0x00, 0x00, 0x00, 0x00, 0x00, 0x00, 0x00, 0x00, 0x00, 0x00, 0x00,
    0x00, 0x00, 0x00, 0x00, 0x00, 0x00, 0x00, 0x00, 0x00, 0x00, 0x00, 0x00, 0x00, 0x00, 0x00, 0x00,
    0x00, 0x00, 0x00, 0x00, 0x00, 0x00, 0x00, 0x00, 0x00, 0x00, 0x00, 0x00, 0x00, 0x00, 0x00, 0x00,
    0x00, 0x00, 0x00, 0x00, 0x00, 0x00, 0x00, 0x00, 0x00, 0x00, 0x00, 0x00, 0x00, 0x00, 0x00, 0x00,
    0x00, 0x00, 0x00, 0x00, 0x00, 0x00, 0x00, 0x00, 0x00, 0x00, 0x00, 0x00, 0x00, 0x00, 0x00, 0x00,
    0x00, 0x00, 0x00, 0x00, 0x00, 0x00, 0x00, 0x00, 0x00, 0x00, 0x00, 0x00, 0x32, 0x32, 0xFF, 0xFF,
    0x32, 0x32, 0xFF, 0xFF, 0x32, 0x32, 0xFF, 0xFF, 0x32, 0x32, 0xFF, 0xFF, 0x32, 0x32, 0xFF, 0xFF,
    0x32, 0x32, 0xFF, 0xFF, 0x32, 0x32, 0xFF, 0xFF, 0x32, 0x32, 0xFF, 0xFF, 0x32, 0x32, 0xFF, 0xFF,
    0x32, 0x32, 0xFF, 0xFF, 0x32, 0x32, 0xFF, 0xFF, 0x32, 0x32, 0xFF, 0xFF, 0x32, 0x32, 0xFF, 0xFF,
    0x32, 0x32, 0xFF, 0xFF, 0x32, 0x32, 0xFF, 0xFF, 0x32, 0x32, 0xFF, 0xFF, 0x00, 0x00, 0x00, 0x00,
    0x00, 0x00, 0x00, 0x00, 0x00, 0x00, 0x00, 0x00, 0x00, 0x00, 0x00, 0x00, 0x00, 0x00, 0x00, 0x00,
    0x00, 0x00, 0x00, 0x00, 0x00, 0x00, 0x00, 0x00, 0x00, 0x00, 0x00, 0x00, 0x00, 0x00, 0x00, 0x00,
    0x00, 0x00, 0x00, 0x00, 0x00, 0x00, 0x00, 0x00, 0x00, 0x00, 0x00, 0x00, 0x00, 0x00, 0x00, 0x00,
    0x00, 0x00, 0x00, 0x00, 0x00, 0x00, 0x00, 0x00, 0x00, 0x00, 0x00, 0x00, 0x00, 0x00, 0x00, 0x00,
    0x00, 0x00, 0x00, 0x00, 0x00, 0x00, 0x00, 0x00, 0x00, 0x00, 0x00, 0x00, 0x00, 0x00, 0x00, 0x00,
    0x00, 0x00, 0x00, 0x00, 0x00, 0x00, 0x00, 0x00, 0x00, 0x00, 0x00, 0x00, 0x00, 0x00, 0x00, 0x00,
    0x00, 0x00, 0x00, 0x00, 0x00, 0x00, 0x00, 0x00, 0x00, 0x00, 0x00, 0x00, 0x00, 0x00, 0x00, 0x00,
    0x00, 0x00, 0x00, 0x00, 0x00, 0x00, 0x00, 0x00, 0x00, 0x00, 0x00, 0x00, 0x00, 0x00, 0x00, 0x00,
    0x00, 0x00, 0x00, 0x00, 0x00, 0x00, 0x00, 0x00, 0x00, 0x00, 0x00, 0x00, 0x00, 0x00, 0x00, 0x00,
    0x00, 0x00, 0x00, 0x00, 0x00, 0x00, 0x00, 0x00, 0x00, 0x00, 0x00, 0x00, 0x00, 0x00, 0x00, 0x00,
    0x00, 0x00, 0x00, 0x00, 0x00, 0x00, 0x00, 0x00, 0x00, 0x00, 0x00, 0x00, 0x00, 0x00, 0x00, 0x00,
    0x00, 0x00, 0x00, 0x00, 0x00, 0x00, 0x00, 0x00, 0x00, 0x00, 0x00, 0x00, 0x00, 0x00, 0x00, 0x00,
    0x00, 0x00, 0x00, 0x00, 0x00, 0x00, 0x00, 0x00, 0x00, 0x00, 0x00, 0x00, 0x00, 0x00, 0x00, 0x00,
    0x00, 0x00, 0x00, 0x00, 0x00, 0x00, 0x00, 0x00, 0x00, 0x00, 0x00, 0x00, 0x00, 0x00, 0x00, 0x00,
    0x00, 0x00, 0x00, 0x00, 0x00, 0x00, 0x00, 0x00, 0x00, 0x00, 0x00, 0x00, 0x00, 0x00, 0x00, 0x00,
    0x00, 0x00, 0x00, 0x00, 0x00, 0x00, 0x00, 0x00, 0x00, 0x00, 0x00, 0x00, 0x00, 0x00, 0x00, 0x00,
    0x00, 0x00, 0x00, 0x00, 0x00, 0x00, 0x00, 0x00, 0x00, 0x00, 0x00, 0x00, 0x00, 0x00, 0x00, 0x00,
    0x00, 0x00, 0x00, 0x00, 0x00, 0x00, 0x00, 0x00, 0x00, 0x00, 0x00, 0x00, 0x00, 0x00, 0x00, 0x00,
    0x00, 0x00, 0x00, 0x00, 0x00, 0x00, 0x00, 0x00, 0x00, 0x00, 0x00, 0x00, 0x00, 0x00, 0x00, 0x00,
    0x00, 0x00, 0x00, 0x00, 0x00, 0x00, 0x00, 0x00, 0x00, 0x00, 0x00, 0x00, 0x00, 0x00, 0x00, 0x00,
    0x00, 0x00, 0x00, 0x00, 0x00, 0x00, 0x00, 0x00, 0x00, 0x00, 0x00, 0x00, 0x00, 0x00, 0x00, 0x00,
    0x00, 0x00, 0x00, 0x00, 0x00, 0x00, 0x00, 0x00, 0x00, 0x00, 0x00, 0x00, 0x00, 0x00, 0x00, 0x00,
    0x00, 0x00, 0x00, 0x00, 0x00, 0x00, 0x00, 0x00, 0x00, 0x00, 0x00, 0x00, 0x00, 0x00, 0x00, 0x00,
    0x00, 0x00, 0x00, 0x00, 0x00, 0x00, 0x00, 0x00, 0x00, 0x00, 0x00, 0x00, 0x00, 0x00, 0x00, 0x00,
    0x00, 0x00, 0x00, 0x00, 0x00, 0x00, 0x00, 0x00, 0x00, 0x00, 0x00, 0x00, 0x00, 0x00, 0x00, 0x00,
    0x00, 0x00, 0x00, 0x00, 0x00, 0x00, 0x00, 0x00, 0x00, 0x00, 0x00, 0x00, 0x00, 0x00, 0x00, 0x00,
    0x00, 0x00, 0x00, 0x00, 0x00, 0x00, 0x00, 0x00, 0x00, 0x00, 0x00, 0x00, 0x00, 0x00, 0x00, 0x00,
    0x00, 0x00, 0x00, 0x00, 0x00, 0x00, 0x00, 0x00, 0x00, 0x00, 0x00, 0x00, 0x00, 0x00, 0x00, 0x00,
    0x00, 0x00, 0x00, 0x00, 0x00, 0x00, 0x00, 0x00, 0x00, 0x00, 0x00, 0x00, 0x00, 0x00, 0x00, 0x00,
    0x00, 0x00, 0x00, 0x00, 0x00, 0x00, 0x00, 0x00, 0x00, 0x00, 0x00, 0x00, 0x00, 0x00, 0x00, 0x00,
    0x00, 0x00, 0x00, 0x00, 0x00, 0x00, 0x00, 0x00, 0x00, 0x00, 0x00, 0x00, 0x00, 0x00, 0x00, 0x00,
    0x00, 0x00, 0x00, 0x00, 0x00, 0x00, 0x00, 0x00, 0x00, 0x00, 0x00, 0x00, 0x00, 0x00, 0x00, 0x00,
    0x00, 0x00, 0x00, 0x00, 0x00, 0x00, 0x00, 0x00, 0x00, 0x00, 0x00, 0x00, 0x00, 0x00, 0x00, 0x00,
    0x00, 0x00, 0x00, 0x00, 0x00, 0x00, 0x00, 0x00, 0x00, 0x00, 0x00, 0x00, 0x00, 0x00, 0x00, 0x00,
    0x00, 0x00, 0x00, 0x00, 0x00, 0x00, 0x00, 0x00, 0x00, 0x00, 0x00, 0x00, 0x00, 0x00, 0x00, 0x00,
    0x00, 0x00, 0x00, 0x00, 0x00, 0x00, 0x00, 0x00, 0x00, 0x00, 0x00, 0x00, 0x00, 0x00, 0x00, 0x00,
    0x00, 0x00, 0x00, 0x00, 0x00, 0x00, 0x00, 0x00, 0x00, 0x00, 0x00, 0x00, 0x00, 0x00, 0x00, 0x00,
    0x00, 0x00, 0x00, 0x00, 0x00, 0x00, 0x00, 0x00, 0x00, 0x00, 0x00, 0x00, 0x00, 0x00, 0x00, 0x00,
    0x00, 0x00, 0x00, 0x00, 0x00, 0x00, 0x00, 0x00, 0x00, 0x00, 0x00, 0x00, 0x00, 0x00, 0x00, 0x00,
    0x00, 0x00, 0x00, 0x00, 0x00, 0x00, 0x00, 0x00, 0x00, 0x00, 0x00, 0x00, 0x00, 0x00, 0x00, 0x00,
    0x00, 0x00, 0x00, 0x00, 0x00, 0x00, 0x00, 0x00, 0x00, 0x00, 0x00, 0x00, 0x00, 0x00, 0x00, 0x00,
    0x00, 0x00, 0x00, 0x00, 0x00, 0x00, 0x00, 0x00, 0x00, 0x00, 0x00, 0x00, 0x00, 0x00, 0x00, 0x00,
    0x00, 0x00, 0x00, 0x00, 0x00, 0x00, 0x00, 0x00, 0x00, 0x00, 0x00, 0x00, 0x00, 0x00, 0x00, 0x00,
    0x00, 0x00, 0x00, 0x00, 0x00, 0x00, 0x00, 0x00, 0x00, 0x00, 0x00, 0x00, 0x00, 0x00, 0x00, 0x00,
    0x00, 0x00, 0x00, 0x00, 0x00, 0x00, 0x00, 0x00, 0x00, 0x00, 0x00, 0x00, 0x00, 0x00, 0x00, 0x00,
    0x00, 0x00, 0x00, 0x00, 0x00, 0x00, 0x00, 0x00, 0x00, 0x00, 0x00, 0x00, 0x00, 0x00, 0x00, 0x00,
    0x00, 0x00, 0x00, 0x00, 0x00, 0x00, 0x00, 0x00, 0x00, 0x00, 0x00, 0x00, 0x00, 0x00, 0x00, 0x00,
    0x00, 0x00, 0x00, 0x00, 0x00, 0x00, 0x00, 0x00, 0x00, 0x00, 0x00, 0x00, 0x00, 0x00, 0x00, 0x00,
    0x00, 0x00, 0x00, 0x00, 0x00, 0x00, 0x00, 0x00, 0x00, 0x00, 0x00, 0x00, 0x00, 0x00, 0x00, 0x00,
    0x00, 0x00, 0x00, 0x00, 0x00, 0x00, 0x00, 0x00, 0x00, 0x00, 0x00, 0x00, 0x00, 0x00, 0x00, 0x00,
    0x00, 0x00, 0x00, 0x00, 0x00, 0x00, 0x00, 0x00, 0x00, 0x00, 0x00, 0x00, 0x00, 0x00, 0x00, 0x00,
    0x00, 0x00, 0x00, 0x00, 0x00, 0x00, 0x00, 0x00, 0x00, 0x00, 0x00, 0x00, 0x00, 0x00, 0x00, 0x00,
    0x00, 0x00, 0x00, 0x00, 0x00, 0x00, 0x00, 0x00, 0x00, 0x00, 0x00, 0x00, 0x00, 0x00, 0x00, 0x00,
    0x32, 0x32, 0xFF, 0xFF, 0x32, 0x32, 0xFF, 0xFF, 0x32, 0x32, 0xFF, 0xFF, 0x32, 0x32, 0xFF, 0xFF,
    0x32, 0x32, 0xFF, 0xFF, 0x32, 0x32, 0xFF, 0xFF, 0x32, 0x32, 0xFF, 0xFF, 0x32, 0x32, 0xFF, 0xFF,
    0x32, 0x32, 0xFF, 0xFF, 0x32, 0x32, 0xFF, 0xFF, 0x32, 0x32, 0xFF, 0xFF, 0x32, 0x32, 0xFF, 0xFF,
    0x32, 0x32, 0xFF, 0xFF, 0x32, 0x32, 0xFF, 0xFF, 0x32, 0x32, 0xFF, 0xFF, 0x32, 0x32, 0xFF, 0xFF,
    0x00, 0x00, 0x00, 0x00, 0x00, 0x00, 0x00, 0x00, 0x00, 0xDC, 0xFF, 0x50, 0x00, 0xDC, 0xFF, 0xFF,
    0x00, 0xDC, 0xFF, 0x20, 0x00, 0xDC, 0xFF, 0x40, 0x00, 0xDC, 0xFF, 0xFF, 0x00, 0xDC, 0xFF, 0x6A,
    0x00, 0x00, 0x00, 0x00, 0x00, 0x00, 0x00, 0x00, 0x00, 0xDC, 0xFF, 0xEC, 0x00, 0xDC, 0xFF, 0x6C,
    0x00, 0xDC, 0xFF, 0xC8, 0x00, 0xDC, 0xFF, 0xFF, 0x00, 0xDC, 0xFF, 0xFF, 0x00, 0xDC, 0xFF, 0xFF,
    0x00, 0xDC, 0xFF, 0xFF, 0x00, 0xDC, 0xFF, 0xE8, 0x00, 0xDC, 0xFF, 0x44, 0x00, 0xDC, 0xFF, 0xFF,
    0x00, 0xDC, 0xFF, 0xFF, 0x00, 0xDC, 0xFF, 0xFF, 0x00, 0xDC, 0xFF, 0xFF, 0x00, 0xDC, 0xFF, 0xFF,
    0x00, 0xDC, 0xFF, 0x08, 0x00, 0xDC, 0xFF, 0x44, 0x00, 0xDC, 0xFF, 0xFF, 0x00, 0xDC, 0xFF, 0xFF,
    0x00, 0xDC, 0xFF, 0xFF, 0x00, 0xDC, 0xFF, 0xF5, 0x00, 0xDC, 0xFF, 0xBE, 0x00, 0xDC, 0xFF, 0x17,
    0x00, 0xDC, 0xFF, 0x40, 0x00, 0xDC, 0xFF, 0xFF, 0x00, 0xDC, 0xFF, 0x6A, 0x00, 0x00, 0x00, 0x00,
    0x00, 0x00, 0x00, 0x00, 0x00, 0xDC, 0xFF, 0xEC, 0x00, 0xDC, 0xFF, 0x6C, 0x00, 0x00, 0x00, 0x00,
    0x00, 0x00, 0x00, 0x00, 0x00, 0xDC, 0xFF, 0x6B, 0x00, 0xDC, 0xFF, 0xFF, 0x00, 0xDC, 0xFF, 0x84,
    0x00, 0x00, 0x00, 0x00, 0x00, 0x00, 0x00, 0x00, 0x00, 0xDC, 0xFF, 0x3C, 0x00, 0xDC, 0xFF, 0xFF,
    0x00, 0xDC, 0xFF, 0x38, 0x00, 0x00, 0x00, 0x00, 0x00, 0x00, 0x00, 0x00, 0x00, 0x00, 0x00, 0x00,
    0x00, 0x00, 0x00, 0x00, 0x00, 0x00, 0x00, 0x00, 0x00, 0x00, 0x00, 0x00, 0x00, 0x00, 0x00, 0x00,
    0x00, 0x00, 0x00, 0x00, 0x32, 0x32, 0xFF, 0xFF, 0x32, 0x32, 0xFF, 0xFF, 0x32, 0x32, 0xFF, 0xFF,
    0x32, 0x32, 0xFF, 0xFF, 0x32, 0x32, 0xFF, 0xFF, 0x32, 0x32, 0xFF, 0xFF, 0x32, 0x32, 0xFF, 0xFF,
    0x32, 0x32, 0xFF, 0xFF, 0x32, 0x32, 0xFF, 0xFF, 0x32, 0x32, 0xFF, 0xFF, 0x32, 0x32, 0xFF, 0xFF,
    0x32, 0x32, 0xFF, 0xFF, 0x32, 0x32, 0xFF, 0xFF, 0x32, 0x32, 0xFF, 0xFF, 0x32, 0x32, 0xFF, 0xFF,
    0x32, 0x32, 0xFF, 0xFF, 0x00, 0x00, 0x00, 0x00, 0x00, 0x00, 0x00, 0x00, 0x00, 0x00, 0x00, 0x00,
    0x00, 0xDC, 0xFF, 0x50, 0x00, 0xDC, 0xFF, 0xFF, 0x00, 0xDC, 0xFF, 0x20, 0x00, 0xDC, 0xFF, 0x40,
    0x00, 0xDC, 0xFF, 0xFF, 0x00, 0xDC, 0xFF, 0xD2, 0x00, 0xDC, 0xFF, 0x09, 0x00, 0x00, 0x00, 0x00,
    0x00, 0xDC, 0xFF, 0xEC, 0x00, 0xDC, 0xFF, 0x6C, 0x00, 0x00, 0x00, 0x00, 0x00, 0x00, 0x00, 0x00,
    0x00, 0xDC, 0xFF, 0xA8, 0x00, 0xDC, 0xFF, 0xC8, 0x00, 0x00, 0x00, 0x00, 0x00, 0x00, 0x00, 0x00,
    0x00, 0xDC, 0xFF, 0x44, 0x00, 0xDC, 0xFF, 0xFF, 0x00, 0xDC, 0xFF, 0x2C, 0x00, 0x00, 0x00, 0x00,
    0x00, 0x00, 0x00, 0x00, 0x00, 0x00, 0x00, 0x00, 0x00, 0x00, 0x00, 0x00, 0x00, 0xDC, 0xFF, 0x44,
    0x00, 0xDC, 0xFF, 0xFF, 0x00, 0xDC, 0xFF, 0x2C, 0x00, 0x00, 0x00, 0x00, 0x00, 0xDC, 0xFF, 0x29,
    0x00, 0xDC, 0xFF, 0xFC, 0x00, 0xDC, 0xFF, 0x83, 0x00, 0xDC, 0xFF, 0x40, 0x00, 0xDC, 0xFF, 0xFF,
    0x00, 0xDC, 0xFF, 0xD2, 0x00, 0xDC, 0xFF, 0x09, 0x00, 0x00, 0x00, 0x00, 0x00, 0xDC, 0xFF, 0xEC,
    0x00, 0xDC, 0xFF, 0x6C, 0x00, 0x00, 0x00, 0x00, 0x00, 0x00, 0x00, 0x00, 0x00, 0xDC, 0xFF, 0xD0,
    0x00, 0xDC, 0xFF, 0xAD, 0x00, 0xDC, 0xFF, 0xE8, 0x00, 0xDC, 0xFF, 0x05, 0x00, 0x00, 0x00, 0x00,
    0x00, 0xDC, 0xFF, 0x3C, 0x00, 0xDC, 0xFF, 0xFF, 0x00, 0xDC, 0xFF, 0x38, 0x00, 0x00, 0x00, 0x00,
    0x00, 0x00, 0x00, 0x00, 0x00, 0x00, 0x00, 0x00, 0x00, 0x00, 0x00, 0x00, 0x00, 0x00, 0x00, 0x00,
    0x00, 0x00, 0x00, 0x00, 0x00, 0x00, 0x00, 0x00, 0x00, 0x00, 0x00, 0x00, 0x32, 0x32, 0xFF, 0xFF,
    0x32, 0x32, 0xFF, 0xFF, 0x32, 0x32, 0xFF, 0xFF, 0x32, 0x32, 0xFF, 0xFF, 0x32, 0x32, 0xFF, 0xFF,
    0x32, 0x32, 0xFF, 0xFF, 0x32, 0x32, 0xFF, 0xFF, 0x32, 0x32, 0xFF, 0xFF, 0x32, 0x32, 0xFF, 0xFF,
    0x32, 0x32, 0xFF, 0xFF, 0x32, 0x32, 0xFF, 0xFF, 0x32, 0x32, 0xFF, 0xFF, 0x32, 0x32, 0xFF, 0xFF,
    0x32, 0x32, 0xFF, 0xFF, 0x32, 0x32, 0xFF, 0xFF, 0x32, 0x32, 0xFF, 0xFF, 0x00, 0x00, 0x00, 0x00,
    0x00, 0x00, 0x00, 0x00, 0x00, 0x00, 0x00, 0x00, 0x00, 0xDC, 0xFF, 0x50, 0x00, 0xDC, 0xFF, 0xFF,
    0x00, 0xDC, 0xFF, 0x20, 0x00, 0xDC, 0xFF, 0x40, 0x00, 0xDC, 0xFF, 0xFF, 0x00, 0xDC, 0xFF, 0x75,
    0x00, 0xDC, 0xFF, 0x75, 0x00, 0x00, 0x00, 0x00, 0x00, 0xDC, 0xFF, 0xEC, 0x00, 0xDC, 0xFF, 0x6C,
    0x00, 0x00, 0x00, 0x00, 0x00, 0x00, 0x00, 0x00, 0x00, 0xDC, 0xFF, 0xA8, 0x00, 0xDC, 0xFF, 0xC8,
    0x00, 0x00, 0x00, 0x00, 0x00, 0x00, 0x00, 0x00, 0x00, 0xDC, 0xFF, 0x44, 0x00, 0xDC, 0xFF, 0xFF,
    0x00, 0xDC, 0xFF, 0x2C, 0x00, 0x00, 0x00, 0x00, 0x00, 0x00, 0x00, 0x00, 0x00, 0x00, 0x00, 0x00,
    0x00, 0x00, 0x00, 0x00, 0x00, 0xDC, 0xFF, 0x44, 0x00, 0xDC, 0xFF, 0xFF, 0x00, 0xDC, 0xFF, 0x2C,
    0x00, 0xDC, 0xFF, 0x01, 0x00, 0xDC, 0xFF, 0x2A, 0x00, 0xDC, 0xFF, 0xFC, 0x00, 0xDC, 0xFF, 0x76,
    0x00, 0xDC, 0xFF, 0x40, 0x00, 0xDC, 0xFF, 0xFF, 0x00, 0xDC, 0xFF, 0x75, 0x00, 0xDC, 0xFF, 0x75,
    0x00, 0x00, 0x00, 0x00, 0x00, 0xDC, 0xFF, 0xEC, 0x00, 0xDC, 0xFF, 0x6C, 0x00, 0x00, 0x00, 0x00,
    0x00, 0xDC, 0xFF, 0x37, 0x00, 0xDC, 0xFF, 0xFA, 0x00, 0xDC, 0xFF, 0x19, 0x00, 0xDC, 0xFF, 0xF2,
    0x00, 0xDC, 0xFF, 0x56, 0x00, 0x00, 0x00, 0x00, 0x00, 0xDC, 0xFF, 0x3C, 0x00, 0xDC, 0xFF, 0xFF,
    0x00, 0xDC, 0xFF, 0x38, 0x00, 0x00, 0x00, 0x00, 0x00, 0x00, 0x00, 0x00, 0x00, 0x00, 0x00, 0x00,
    0x00, 0x00, 0x00, 0x00, 0x00, 0x00, 0x00, 0x00, 0x00, 0x00, 0x00, 0x00, 0x00, 0x00, 0x00, 0x00,
    0x32, 0x32, 0xFF, 0xFF, 0x32, 0x32, 0xFF, 0xFF, 0x32, 0x32, 0xFF, 0xFF, 0x32, 0x32, 0xFF, 0xFF,
    0x32, 0x32, 0xFF, 0xFF, 0x32, 0x32, 0xFF, 0xFF, 0x32, 0x32, 0xFF, 0xFF, 0x32, 0x32, 0xFF, 0xFF,
    0x32, 0x32, 0xFF, 0xFF, 0x32, 0x32, 0xFF, 0xFF, 0x32, 0x32, 0xFF, 0xFF, 0x32, 0x32, 0xFF, 0xFF,
    0x32, 0x32, 0xFF, 0xFF, 0x32, 0x32, 0xFF, 0xFF, 0x32, 0x32, 0xFF, 0xFF, 0x32, 0x32, 0xFF, 0xFF,
    0x00, 0x00, 0x00, 0x00, 0x00, 0x00, 0x00, 0x00, 0x00, 0x00, 0x00, 0x00, 0x00, 0x00, 0x00, 0x00,
    0x00, 0xDC, 0xFF, 0x50, 0x00, 0xDC, 0xFF, 0xFF, 0x00, 0xDC, 0xFF, 0x20, 0x00, 0xDC, 0xFF, 0x40,
    0x00, 0xDC, 0xFF, 0xFF, 0x00, 0xDC, 0xFF, 0x17, 0x00, 0xDC, 0xFF, 0xC4, 0x00, 0xDC, 0xFF, 0x0D,
    0x00, 0xDC, 0xFF, 0xEC, 0x00, 0xDC, 0xFF, 0x6C, 0x00, 0x00, 0x00, 0x00, 0x00, 0x00, 0x00, 0x00,
    0x00, 0xDC, 0xFF, 0xA8, 0x00, 0xDC, 0xFF, 0xC8, 0x00, 0x00, 0x00, 0x00, 0x00, 0x00, 0x00, 0x00,
    0x00, 0xDC, 0xFF, 0x44, 0x00, 0xDC, 0xFF, 0xFF, 0x00, 0xDC, 0xFF, 0xFF, 0x00, 0xDC, 0xFF, 0xFF,
    0x00, 0xDC, 0xFF, 0xFF, 0x00, 0xDC, 0xFF, 0xC4, 0x00, 0x00, 0x00, 0x00, 0x00, 0xDC, 0xFF, 0x44,
    0x00, 0xDC, 0xFF, 0xFF, 0x00, 0xDC, 0xFF, 0xFF, 0x00, 0xDC, 0xFF, 0xFF, 0x00, 0xDC, 0xFF, 0xF5,
    0x00, 0xDC, 0xFF, 0x95, 0x00, 0xDC, 0xFF, 0x0A, 0x00, 0xDC, 0xFF, 0x40, 0x00, 0xDC, 0xFF, 0xFF,
    0x00, 0xDC, 0xFF, 0x17, 0x00, 0xDC, 0xFF, 0xC4, 0x00, 0xDC, 0xFF, 0x0D, 0x00, 0xDC, 0xFF, 0xEC,
    0x00, 0xDC, 0xFF, 0x6C, 0x00, 0x00, 0x00, 0x00, 0x00, 0xDC, 0xFF, 0x9C, 0x00, 0xDC, 0xFF, 0xB9,
    0x00, 0x00, 0x00, 0x00, 0x00, 0xDC, 0xFF, 0xA6, 0x00, 0xDC, 0xFF, 0xBF, 0x00, 0x00, 0x00, 0x00,
    0x00, 0xDC, 0xFF, 0x3C, 0x00, 0xDC, 0xFF, 0xFF, 0x00, 0xDC, 0xFF, 0x38, 0x00, 0x00, 0x00, 0x00,
    0x00, 0x00, 0x00, 0x00, 0x00, 0x00, 0x00, 0x00, 0x00, 0x00, 0x00, 0x00, 0x00, 0x00, 0x00, 0x00,
    0x00, 0x00, 0x00, 0x00, 0x32, 0x32, 0xFF, 0xFF, 0x32, 0x32, 0xFF, 0xFF, 0x32, 0x32, 0xFF, 0xFF,
    0x32, 0x32, 0xFF, 0xFF, 0x32, 0x32, 0xFF, 0xFF, 0x32, 0x32, 0xFF, 0xFF, 0x32, 0x32, 0xFF, 0xFF,
    0x32, 0x32, 0xFF, 0xFF, 0x32, 0x32, 0xFF, 0xFF, 0x32, 0x32, 0xFF, 0xFF, 0x32, 0x32, 0xFF, 0xFF,
    0x32, 0x32, 0xFF, 0xFF, 0x32, 0x32, 0xFF, 0xFF, 0x32, 0x32, 0xFF, 0xFF, 0x32, 0x32, 0xFF, 0xFF,
    0x32, 0x32, 0xFF, 0xFF, 0x00, 0x00, 0x00, 0x00, 0x00, 0x00, 0x00, 0x00, 0x00, 0x00, 0x00, 0x00,
    0x00, 0x00, 0x00, 0x00, 0x00, 0x00, 0x00, 0x00, 0x00, 0xDC, 0xFF, 0x50, 0x00, 0xDC, 0xFF, 0xFF,
    0x00, 0xDC, 0xFF, 0x20, 0x00, 0xDC, 0xFF, 0x40, 0x00, 0xDC, 0xFF, 0xFF, 0x00, 0xDC, 0xFF, 0x14,
    0x00, 0xDC, 0xFF, 0x56, 0x00, 0xDC, 0xFF, 0x7F, 0x00, 0xDC, 0xFF, 0xEC, 0x00, 0xDC, 0xFF, 0x6C,
    0x00, 0x00, 0x00, 0x00, 0x00, 0x00, 0x00, 0x00, 0x00, 0xDC, 0xFF, 0xA8, 0x00, 0xDC, 0xFF, 0xC8,
    0x00, 0x00, 0x00, 0x00, 0x00, 0x00, 0x00, 0x00, 0x00, 0xDC, 0xFF, 0x44, 0x00, 0xDC, 0xFF, 0xFF,
    0x00, 0xDC, 0xFF, 0x2C, 0x00, 0x00, 0x00, 0x00, 0x00, 0x00, 0x00, 0x00, 0x00, 0x00, 0x00, 0x00,
    0x00, 0x00, 0x00, 0x00, 0x00, 0xDC, 0xFF, 0x44, 0x00, 0xDC, 0xFF, 0xFF, 0x00, 0xDC, 0xFF, 0x2D,
    0x00, 0xDC, 0xFF, 0x56, 0x00, 0xDC, 0xFF, 0xFD, 0x00, 0xDC, 0xFF, 0x79, 0x00, 0x00, 0x00, 0x00,
    0x00, 0xDC, 0xFF, 0x40, 0x00, 0xDC, 0xFF, 0xFF, 0x00, 0xDC, 0xFF, 0x14, 0x00, 0xDC, 0xFF, 0x56,
    0x00, 0xDC, 0xFF, 0x7F, 0x00, 0xDC, 0xFF, 0xEC, 0x00, 0xDC, 0xFF, 0x6C, 0x00, 0xDC, 0xFF, 0x0D,
    0x00, 0xDC, 0xFF, 0xF4, 0x00, 0xDC, 0xFF, 0xFF, 0x00, 0xDC, 0xFF, 0xFF, 0x00, 0xDC, 0xFF, 0xFF,
    0x00, 0xDC, 0xFF, 0xFF, 0x00, 0xDC, 0xFF, 0x29, 0x00, 0xDC, 0xFF, 0x3C, 0x00, 0xDC, 0xFF, 0xFF,
    0x00, 0xDC, 0xFF, 0x38, 0x00, 0x00, 0x00, 0x00, 0x00, 0x00, 0x00, 0x00, 0x00, 0x00, 0x00, 0x00,
    0x00, 0x00, 0x00, 0x00, 0x00, 0x00, 0x00, 0x00, 0x00, 0x00, 0x00, 0x00, 0x32, 0x32, 0xFF, 0xFF,
    0x32, 0x32, 0xFF, 0xFF, 0x32, 0x32, 0xFF, 0xFF, 0x32, 0x32, 0xFF, 0xFF, 0x32, 0x32, 0xFF, 0xFF,
    0x32, 0x32, 0xFF, 0xFF, 0x32, 0x32, 0xFF, 0xFF, 0x32, 0x32, 0xFF, 0xFF, 0x32, 0x32, 0xFF, 0xFF,
    0x32, 0x32, 0xFF, 0xFF, 0x32, 0x32, 0xFF, 0xFF, 0x32, 0x32, 0xFF, 0xFF, 0x32, 0x32, 0xFF, 0xFF,
    0x32, 0x32, 0xFF, 0xFF, 0x32, 0x32, 0xFF, 0xFF, 0x32, 0x32, 0xFF, 0xFF, 0x00, 0x00, 0x00, 0x00,
    0x00, 0x00, 0x00, 0x00, 0x00, 0x00, 0x00, 0x00, 0x00, 0x00, 0x00, 0x00, 0x00, 0x00, 0x00, 0x00,
    0x00, 0xDC, 0xFF, 0x50, 0x00, 0xDC, 0xFF, 0xFF, 0x00, 0xDC, 0xFF, 0x20, 0x00, 0xDC, 0xFF, 0x40,
    0x00, 0xDC, 0xFF, 0xFF, 0x00, 0xDC, 0xFF, 0x14, 0x00, 0xDC, 0xFF, 0x01, 0x00, 0xDC, 0xFF, 0xC0,
    0x00, 0xDC, 0xFF, 0xF5, 0x00, 0xDC, 0xFF, 0x6C, 0x00, 0x00, 0x00, 0x00, 0x00, 0x00, 0x00, 0x00,
    0x00, 0xDC, 0xFF, 0xA8, 0x00, 0xDC, 0xFF, 0xC8, 0x00, 0x00, 0x00, 0x00, 0x00, 0x00, 0x00, 0x00,
    0x00, 0xDC, 0xFF, 0x44, 0x00, 0xDC, 0xFF, 0xFF, 0x00, 0xDC, 0xFF, 0x2C, 0x00, 0x00, 0x00, 0x00,
    0x00, 0x00, 0x00, 0x00, 0x00, 0x00, 0x00, 0x00, 0x00, 0x00, 0x00, 0x00, 0x00, 0xDC, 0xFF, 0x44,
    0x00, 0xDC, 0xFF, 0xFF, 0x00, 0xDC, 0xFF, 0x2C, 0x00, 0x00, 0x00, 0x00, 0x00, 0xDC, 0xFF, 0x8D,
    0x00, 0xDC, 0xFF, 0xFD, 0x00, 0xDC, 0xFF, 0x3B, 0x00, 0xDC, 0xFF, 0x40, 0x00, 0xDC, 0xFF, 0xFF,
    0x00, 0xDC, 0xFF, 0x14, 0x00, 0xDC, 0xFF, 0x01, 0x00, 0xDC, 0xFF, 0xC0, 0x00, 0xDC, 0xFF, 0xF5,
    0x00, 0xDC, 0xFF, 0x6C, 0x00, 0xDC, 0xFF, 0x68, 0x00, 0xDC, 0xFF, 0xF2, 0x00, 0xDC, 0xFF, 0x06,
    0x00, 0x00, 0x00, 0x00, 0x00, 0x00, 0x00, 0x00, 0x00, 0xDC, 0xFF, 0xDC, 0x00, 0xDC, 0xFF, 0x91,
    0x00, 0xDC, 0xFF, 0x3C, 0x00, 0xDC, 0xFF, 0xFF, 0x00, 0xDC, 0xFF, 0x38, 0x00, 0x00, 0x00, 0x00,
    0x00, 0x00, 0x00, 0x00, 0x00, 0x00, 0x00, 0x00, 0x00, 0x00, 0x00, 0x00, 0x00, 0x00, 0x00, 0x00,
    0x32, 0x32, 0xFF, 0xFF, 0x32, 0x32, 0xFF, 0xFF, 0x32, 0x32, 0xFF, 0xFF, 0x32, 0x32, 0xFF, 0xFF,
    0x32, 0x32, 0xFF, 0xFF, 0x32, 0x32, 0xFF, 0xFF, 0x32, 0x32, 0xFF, 0xFF, 0x32, 0x32, 0xFF, 0xFF,
    0x32, 0x32, 0xFF, 0xFF, 0x32, 0x32, 0xFF, 0xFF, 0x32, 0x32, 0xFF, 0xFF, 0x32, 0x32, 0xFF, 0xFF,
    0x32, 0x32, 0xFF, 0xFF, 0x32, 0x32, 0xFF, 0xFF, 0x32, 0x32, 0xFF, 0xFF, 0x32, 0x32, 0xFF, 0xFF,
    0x00, 0x00, 0x00, 0x00, 0x00, 0x00, 0x00, 0x00, 0x00, 0x00, 0x00, 0x00, 0x00, 0x00, 0x00, 0x00,
    0x00, 0x00, 0x00, 0x00, 0x00, 0x00, 0x00, 0x00, 0x00, 0xDC, 0xFF, 0x50, 0x00, 0xDC, 0xFF, 0xFF,
    0x00, 0xDC, 0xFF, 0x20, 0x00, 0xDC, 0xFF, 0x40, 0x00, 0xDC, 0xFF, 0xFF, 0x00, 0xDC, 0xFF, 0x14,
    0x00, 0x00, 0x00, 0x00, 0x00, 0xDC, 0xFF, 0x4B, 0x00, 0xDC, 0xFF, 0xFF, 0x00, 0xDC, 0xFF, 0x6C,
    0x00, 0x00, 0x00, 0x00, 0x00, 0x00, 0x00, 0x00, 0x00, 0xDC, 0xFF, 0xA8, 0x00, 0xDC, 0xFF, 0xC8,
    0x00, 0x00, 0x00, 0x00, 0x00, 0x00, 0x00, 0x00, 0x00, 0xDC, 0xFF, 0x44, 0x00, 0xDC, 0xFF, 0xFF,
    0x00, 0xDC, 0xFF, 0xFF, 0x00, 0xDC, 0xFF, 0xFF, 0x00, 0xDC, 0xFF, 0xFF, 0x00, 0xDC, 0xFF, 0xFF,
    0x00, 0xDC, 0xFF, 0x2C, 0x00, 0xDC, 0xFF, 0x44, 0x00, 0xDC, 0xFF, 0xFF, 0x00, 0xDC, 0xFF, 0x2C,
    0x00, 0x00, 0x00, 0x00, 0x00, 0xDC, 0xFF, 0x09, 0x00, 0xDC, 0xFF, 0xDA, 0x00, 0xDC, 0xFF, 0xD4,
    0x00, 0xDC, 0xFF, 0x44, 0x00, 0xDC, 0xFF, 0xFF, 0x00, 0xDC, 0xFF, 0x14, 0x00, 0x00, 0x00, 0x00,
    0x00, 0xDC, 0xFF, 0x4B, 0x00, 0xDC, 0xFF, 0xFF, 0x00, 0xDC, 0xFF, 0x6C, 0x00, 0xDC, 0xFF, 0xCD,
    0x00, 0xDC, 0xFF, 0xAD, 0x00, 0x00, 0x00, 0x00, 0x00, 0x00, 0x00, 0x00, 0x00, 0x00, 0x00, 0x00,
    0x00, 0xDC, 0xFF, 0x8C, 0x00, 0xDC, 0xFF, 0xF0, 0x00, 0xDC, 0xFF, 0x44, 0x00, 0xDC, 0xFF, 0xFF,
    0x00, 0xDC, 0xFF, 0xFF, 0x00, 0xDC, 0xFF, 0xFF, 0x00, 0xDC, 0xFF, 0xFF, 0x00, 0xDC, 0xFF, 0xD0,
    0x00, 0x00, 0x00, 0x00, 0x00, 0x00, 0x00, 0x00, 0x32, 0x32, 0xFF, 0xFF, 0x32, 0x32, 0xFF, 0xFF,
    0x32, 0x32, 0xFF, 0xFF, 0x32, 0x32, 0xFF, 0xFF, 0x32, 0x32, 0xFF, 0xFF, 0x32, 0x32, 0xFF, 0xFF,
    0x32, 0x32, 0xFF, 0xFF, 0x32, 0x32, 0xFF, 0xFF, 0x32, 0x32, 0xFF, 0xFF, 0x32, 0x32, 0xFF, 0xFF,
    0x32, 0x32, 0xFF, 0xFF, 0x32, 0x32, 0xFF, 0xFF, 0x32, 0x32, 0xFF, 0xFF, 0x32, 0x32, 0xFF, 0xFF,
    0x32, 0x32, 0xFF, 0xFF, 0x32, 0x32, 0xFF, 0xFF, 0x00, 0x00, 0x00, 0x00, 0x00, 0x00, 0x00, 0x00,
    0x00, 0x00, 0x00, 0x00, 0x00, 0x00, 0x00, 0x00, 0x00, 0x00, 0x00, 0x00, 0x00, 0x00, 0x00, 0x00,
    0x00, 0x00, 0x00, 0x00, 0x00, 0x00, 0x00, 0x00, 0x00, 0x00, 0x00, 0x00, 0x00, 0x00, 0x00, 0x00,
    0x00, 0x00, 0x00, 0x00, 0x00, 0x00, 0x00, 0x00, 0x00, 0x00, 0x00, 0x00, 0x00, 0x00, 0x00, 0x00,
    0x00, 0x00, 0x00, 0x00, 0x00, 0x00, 0x00, 0x00, 0x00, 0x00, 0x00, 0x00, 0x00, 0x00, 0x00, 0x00,
    0x00, 0x00, 0x00, 0x00, 0x00, 0x00, 0x00, 0x00, 0x00, 0x00, 0x00, 0x00, 0x00, 0x00, 0x00, 0x00,
    0x00, 0x00, 0x00, 0x00, 0x00, 0x00, 0x00, 0x00, 0x00, 0x00, 0x00, 0x00, 0x00, 0x00, 0x00, 0x00,
    0x00, 0x00, 0x00, 0x00, 0x00, 0x00, 0x00, 0x00, 0x00, 0x00, 0x00, 0x00, 0x00, 0x00, 0x00, 0x00,
    0x00, 0x00, 0x00, 0x00, 0x00, 0x00, 0x00, 0x00, 0x00, 0x00, 0x00, 0x00, 0x00, 0x00, 0x00, 0x00,
    0x00, 0x00, 0x00, 0x00, 0x00, 0x00, 0x00, 0x00, 0x00, 0x00, 0x00, 0x00, 0x00, 0x00, 0x00, 0x00,
    0x00, 0x00, 0x00, 0x00, 0x00, 0x00, 0x00, 0x00, 0x00, 0x00, 0x00, 0x00, 0x00, 0x00, 0x00, 0x00,
    0x00, 0x00, 0x00, 0x00, 0x00, 0x00, 0x00, 0x00, 0x00, 0x00, 0x00, 0x00, 0x00, 0x00, 0x00, 0x00,
    0x00, 0x00, 0x00, 0x00, 0x00, 0x00, 0x00, 0x00, 0x00, 0x00, 0x00, 0x00, 0x00, 0x00, 0x00, 0x00,
    0x00, 0x00, 0x00, 0x00, 0x00, 0x00, 0x00, 0x00, 0x00, 0x00, 0x00, 0x00, 0x00, 0x00, 0x00, 0x00,
    0x00, 0x00, 0x00, 0x00, 0x00, 0x00, 0x00, 0x00, 0x00, 0x00, 0x00, 0x00, 0x32, 0x32, 0xFF, 0xFF,
    0x32, 0x32, 0xFF, 0xFF, 0x32, 0x32, 0xFF, 0xFF, 0x32, 0x32, 0xFF, 0xFF, 0x32, 0x32, 0xFF, 0xFF,
    0x32, 0x32, 0xFF, 0xFF, 0x32, 0x32, 0xFF, 0xFF, 0x32, 0x32, 0xFF, 0xFF, 0x32, 0x32, 0xFF, 0xFF,
    0x32, 0x32, 0xFF, 0xFF, 0x32, 0x32, 0xFF, 0xFF, 0x32, 0x32, 0xFF, 0xFF, 0x32, 0x32, 0xFF, 0xFF,
    0x32, 0x32, 0xFF, 0xFF, 0x32, 0x32, 0xFF, 0xFF, 0x32, 0x32, 0xFF, 0xFF, 0x00, 0x00, 0x00, 0x00,
    0x00, 0x00, 0x00, 0x00, 0x00, 0x00, 0x00, 0x00, 0x00, 0x00, 0x00, 0x00, 0x00, 0x00, 0x00, 0x00,
    0x00, 0x00, 0x00, 0x00, 0x00, 0x00, 0x00, 0x00, 0x00, 0x00, 0x00, 0x00, 0x00, 0x00, 0x00, 0x00,
    0x00, 0x00, 0x00, 0x00, 0x00, 0x00, 0x00, 0x00, 0x00, 0x00, 0x00, 0x00, 0x00, 0x00, 0x00, 0x00,
    0x00, 0x00, 0x00, 0x00, 0x00, 0x00, 0x00, 0x00, 0x00, 0x00, 0x00, 0x00, 0x00, 0x00, 0x00, 0x00,
    0x00, 0x00, 0x00, 0x00, 0x00, 0x00, 0x00, 0x00, 0x00, 0x00, 0x00, 0x00, 0x00, 0x00, 0x00, 0x00,
    0x00, 0x00, 0x00, 0x00, 0x00, 0x00, 0x00, 0x00, 0x00, 0x00, 0x00, 0x00, 0x00, 0x00, 0x00, 0x00,
    0x00, 0x00, 0x00, 0x00, 0x00, 0x00, 0x00, 0x00, 0x00, 0x00, 0x00, 0x00, 0x00, 0x00, 0x00, 0x00,
    0x00, 0x00, 0x00, 0x00, 0x00, 0x00, 0x00, 0x00, 0x00, 0x00, 0x00, 0x00, 0x00, 0x00, 0x00, 0x00,
    0x00, 0x00, 0x00, 0x00, 0x00, 0x00, 0x00, 0x00, 0x00, 0x00, 0x00, 0x00, 0x00, 0x00, 0x00, 0x00,
    0x00, 0x00, 0x00, 0x00, 0x00, 0x00, 0x00, 0x00, 0x00, 0x00, 0x00, 0x00, 0x00, 0x00, 0x00, 0x00,
    0x00, 0x00, 0x00, 0x00, 0x00, 0x00, 0x00, 0x00, 0x00, 0x00, 0x00, 0x00, 0x00, 0x00, 0x00, 0x00,
    0x00, 0x00, 0x00, 0x00, 0x00, 0x00, 0x00, 0x00, 0x00, 0x00, 0x00, 0x00, 0x00, 0x00, 0x00, 0x00,
    0x00, 0x00, 0x00, 0x00, 0x00, 0x00, 0x00, 0x00, 0x00, 0x00, 0x00, 0x00, 0x00, 0x00, 0x00, 0x00,
    0x00, 0x00, 0x00, 0x00, 0x00, 0x00, 0x00, 0x00, 0x00, 0x00, 0x00, 0x00, 0x00, 0x00, 0x00, 0x00,
    0x32, 0x32, 0xFF, 0xFF, 0x32, 0x32, 0xFF, 0xFF, 0x32, 0x32, 0xFF, 0xFF, 0x32, 0x32, 0xFF, 0xFF,
    0x32, 0x32, 0xFF, 0xFF, 0x32, 0x32, 0xFF, 0xFF, 0x32, 0x32, 0xFF, 0xFF, 0x32, 0x32, 0xFF, 0xFF,
    0x32, 0x32, 0xFF, 0xFF, 0x32, 0x32, 0xFF, 0xFF, 0x32, 0x32, 0xFF, 0xFF, 0x32, 0x32, 0xFF, 0xFF,
    0x32, 0x32, 0xFF, 0xFF, 0x32, 0x32, 0xFF, 0xFF, 0x32, 0x32, 0xFF, 0xFF, 0x32, 0x32, 0xFF, 0xFF,
    0x00, 0x00, 0x00, 0x00, 0x00, 0x00, 0x00, 0x00, 0x00, 0x00, 0x00, 0x00, 0x00, 0x00, 0x00, 0x00,
    0x00, 0x00, 0x00, 0x00, 0x00, 0x00, 0x00, 0x00, 0x00, 0x00, 0x00, 0x00, 0x00, 0x00, 0x00, 0x00,
    0x00, 0x00, 0x00, 0x00, 0x00, 0x00, 0x00, 0x00, 0x00, 0x00, 0x00, 0x00, 0x00, 0x00, 0x00, 0x00,
    0x00, 0x00, 0x00, 0x00, 0x00, 0x00, 0x00, 0x00, 0x00, 0x00, 0x00, 0x00, 0x00, 0x00, 0x00, 0x00,
    0x00, 0x00, 0x00, 0x00, 0x00, 0x00, 0x00, 0x00, 0x00, 0x00, 0x00, 0x00, 0x00, 0x00, 0x00, 0x00,
    0x00, 0x00, 0x00, 0x00, 0x00, 0x00, 0x00, 0x00, 0x00, 0x00, 0x00, 0x00, 0x00, 0x00, 0x00, 0x00,
    0x00, 0x00, 0x00, 0x00, 0x00, 0x00, 0x00, 0x00, 0x00, 0x00, 0x00, 0x00, 0x00, 0x00, 0x00, 0x00,
    0x00, 0x00, 0x00, 0x00, 0x00, 0x00, 0x00, 0x00, 0x00, 0x00, 0x00, 0x00, 0x00, 0x00, 0x00, 0x00,
    0x00, 0x00, 0x00, 0x00, 0x00, 0x00, 0x00, 0x00, 0x00, 0x00, 0x00, 0x00, 0x00, 0x00, 0x00, 0x00,
    0x00, 0x00, 0x00, 0x00, 0x00, 0x00, 0x00, 0x00, 0x00, 0x00, 0x00, 0x00, 0x00, 0x00, 0x00, 0x00,
    0x00, 0x00, 0x00, 0x00, 0x00, 0x00, 0x00, 0x00, 0x00, 0x00, 0x00, 0x00, 0x00, 0x00, 0x00, 0x00,
    0x00, 0x00, 0x00, 0x00, 0x00, 0x00, 0x00, 0x00, 0x00, 0x00, 0x00, 0x00, 0x00, 0x00, 0x00, 0x00,
    0x00, 0x00, 0x00, 0x00, 0x00, 0x00, 0x00, 0x00, 0x00, 0x00, 0x00, 0x00, 0x00, 0x00, 0x00, 0x00,
    0x00, 0x00, 0x00, 0x00, 0x00, 0x00, 0x00, 0x00, 0x00, 0x00, 0x00, 0x00, 0x00, 0x00, 0x00, 0x00,
    0x00, 0x00, 0x00, 0x00, 0x00, 0x00, 0x00, 0x00, 0x32, 0x32, 0xFF, 0xFF, 0x32, 0x32, 0xFF, 0xFF,
    0x32, 0x32, 0xFF, 0xFF, 0x32, 0x32, 0xFF, 0xFF, 0x32, 0x32, 0xFF, 0xFF, 0x32, 0x32, 0xFF, 0xFF,
    0x32, 0x32, 0xFF, 0xFF, 0x32, 0x32, 0xFF, 0xFF, 0x32, 0x32, 0xFF, 0xFF, 0x32, 0x32, 0xFF, 0xFF,
    0x32, 0x32, 0xFF, 0xFF, 0x32, 0x32, 0xFF, 0xFF, 0x32, 0x32, 0xFF, 0xFF, 0x32, 0x32, 0xFF, 0xFF,
    0x32, 0x32, 0xFF, 0xFF, 0x32, 0x32, 0xFF, 0xFF, 0x00, 0x00, 0x00, 0x00, 0x00, 0x00, 0x00, 0x00,
    0x00, 0x00, 0x00, 0x00, 0x00, 0x00, 0x00, 0x00, 0x00, 0x00, 0x00, 0x00, 0x00, 0x00, 0x00, 0x00,
    0x00, 0x00, 0x00, 0x00, 0x00, 0x00, 0x00, 0x00, 0x00, 0x00, 0x00, 0x00, 0x00, 0x00, 0x00, 0x00,
    0x00, 0x00, 0x00, 0x00, 0x00, 0x00, 0x00, 0x00, 0x00, 0x00, 0x00, 0x00, 0x00, 0x00, 0x00, 0x00,
    0x00, 0x00, 0x00, 0x00, 0x00, 0x00, 0x00, 0x00, 0x00, 0x00, 0x00, 0x00, 0x00, 0x00, 0x00, 0x00,
    0x00, 0x00, 0x00, 0x00, 0x00, 0x00, 0x00, 0x00, 0x00, 0x00, 0x00, 0x00, 0x00, 0x00, 0x00, 0x00,
    0x00, 0x00, 0x00, 0x00, 0x00, 0x00, 0x00, 0x00, 0x00, 0x00, 0x00, 0x00, 0x00, 0x00, 0x00, 0x00,
    0x00, 0x00, 0x00, 0x00, 0x00, 0x00, 0x00, 0x00, 0x00, 0x00, 0x00, 0x00, 0x00, 0x00, 0x00, 0x00,
    0x00, 0x00, 0x00, 0x00, 0x00, 0x00, 0x00, 0x00, 0x00, 0x00, 0x00, 0x00, 0x00, 0x00, 0x00, 0x00,
    0x00, 0x00, 0x00, 0x00, 0x00, 0x00, 0x00, 0x00, 0x00, 0x00, 0x00, 0x00, 0x00, 0x00, 0x00, 0x00,
    0x00, 0x00, 0x00, 0x00, 0x00, 0x00, 0x00, 0x00, 0x00, 0x00, 0x00, 0x00, 0x00, 0x00, 0x00, 0x00,
    0x00, 0x00, 0x00, 0x00, 0x00, 0x00, 0x00, 0x00, 0x00, 0x00, 0x00, 0x00, 0x00, 0x00, 0x00, 0x00,
    0x00, 0x00, 0x00, 0x00, 0x00, 0x00, 0x00, 0x00, 0x00, 0x00, 0x00, 0x00, 0x00, 0x00, 0x00, 0x00,
    0x00, 0x00, 0x00, 0x00, 0x00, 0x00, 0x00, 0x00, 0x00, 0x00, 0x00, 0x00, 0x00, 0x00, 0x00, 0x00,
    0x00, 0x00, 0x00, 0x00, 0x00, 0x00, 0x00, 0x00, 0x00, 0x00, 0x00, 0x00, 0x32, 0x32, 0xFF, 0xFF,
    0x32, 0x32, 0xFF, 0xFF, 0x32, 0x32, 0xFF, 0xFF, 0x32, 0x32, 0xFF, 0xFF, 0x32, 0x32, 0xFF, 0xFF,
    0x32, 0x32, 0xFF, 0xFF, 0x32, 0x32, 0xFF, 0xFF, 0x32, 0x32, 0xFF, 0xFF, 0x32, 0x32, 0xFF, 0xFF,
    0x32, 0x32, 0xFF, 0xFF, 0x32, 0x32, 0xFF, 0xFF, 0x32, 0x32, 0xFF, 0xFF, 0x32, 0x32, 0xFF, 0xFF,
    0x32, 0x32, 0xFF, 0xFF, 0x32, 0x32, 0xFF, 0xFF, 0x32, 0x32, 0xFF, 0xFF, 0x00, 0x00, 0x00, 0x00,
    0x00, 0x00, 0x00, 0x00, 0x00, 0x00, 0x00, 0x00, 0x00, 0x00, 0x00, 0x00, 0x00, 0x00, 0x00, 0x00,
    0x00, 0x00, 0x00, 0x00, 0x00, 0x00, 0x00, 0x00, 0x00, 0x00, 0x00, 0x00, 0x00, 0x00, 0x00, 0x00,
    0x00, 0x00, 0x00, 0x00, 0x00, 0x00, 0x00, 0x00, 0x00, 0x00, 0x00, 0x00, 0x00, 0x00, 0x00, 0x00,
    0x00, 0x00, 0x00, 0x00, 0x00, 0x00, 0x00, 0x00, 0x00, 0x00, 0x00, 0x00, 0x00, 0x00, 0x00, 0x00,
    0x00, 0x00, 0x00, 0x00, 0x00, 0x00, 0x00, 0x00, 0x00, 0x00, 0x00, 0x00, 0x00, 0x00, 0x00, 0x00,
    0x00, 0x00, 0x00, 0x00, 0x00, 0x00, 0x00, 0x00, 0x00, 0x00, 0x00, 0x00, 0x00, 0x00, 0x00, 0x00,
    0x00, 0x00, 0x00, 0x00, 0x00, 0x00, 0x00, 0x00, 0x00, 0x00, 0x00, 0x00, 0x00, 0x00, 0x00, 0x00,
    0x00, 0x00, 0x00, 0x00, 0x00, 0x00, 0x00, 0x00, 0x00, 0x00, 0x00, 0x00, 0x00, 0x00, 0x00, 0x00,
    0x00, 0x00, 0x00, 0x00, 0x00, 0x00, 0x00, 0x00, 0x00, 0x00, 0x00, 0x00, 0x00, 0x00, 0x00, 0x00,
    0x00, 0x00, 0x00, 0x00, 0x00, 0x00, 0x00, 0x00, 0x00, 0x00, 0x00, 0x00, 0x00, 0x00, 0x00, 0x00,
    0x00, 0x00, 0x00, 0x00, 0x00, 0x00, 0x00, 0x00, 0x00, 0x00, 0x00, 0x00, 0x00, 0x00, 0x00, 0x00,
    0x00, 0x00, 0x00, 0x00, 0x00, 0x00, 0x00, 0x00, 0x00, 0x00, 0x00, 0x00, 0x00, 0x00, 0x00, 0x00,
    0x00, 0x00, 0x00, 0x00, 0x00, 0x00, 0x00, 0x00, 0x00, 0x00, 0x00, 0x00, 0x00, 0x00, 0x00, 0x00,
    0x00, 0x00, 0x00, 0x00, 0x00, 0x00, 0x00, 0x00, 0x00, 0x00, 0x00, 0x00, 0x00, 0x00, 0x00, 0x00,
    0x00, 0x00, 0x00, 0x00, 0x00, 0x00, 0x00, 0x00, 0x00, 0x00, 0x00, 0x00, 0x00, 0x00, 0x00, 0x00,
    0x00, 0x00, 0x00, 0x00, 0x00, 0x00, 0x00, 0x00, 0x00, 0x00, 0x00, 0x00, 0x00, 0x00, 0x00, 0x00,
    0x00, 0x00, 0x00, 0x00, 0x00, 0x00, 0x00, 0x00, 0x00, 0x00, 0x00, 0x00, 0x00, 0x00, 0x00, 0x00,
    0x00, 0x00, 0x00, 0x00, 0x00, 0x00, 0x00, 0x00, 0x00, 0x00, 0x00, 0x00, 0x00, 0x00, 0x00, 0x00,
    0x00, 0x00, 0x00, 0x00, 0x00, 0x00, 0x00, 0x00, 0x00, 0x00, 0x00, 0x00, 0x00, 0x00, 0x00, 0x00,
    0x00, 0x00, 0x00, 0x00, 0x00, 0x00, 0x00, 0x00, 0x00, 0x00, 0x00, 0x00, 0x00, 0x00, 0x00, 0x00,
};

const lv_image_dsc_t todo_img_internal = {
    .header.magic = LV_IMAGE_HEADER_MAGIC,
    .header.cf = LV_COLOR_FORMAT_ARGB8888,
    .header.flags = 0,
    .header.w = 74,
    .header.h = 42,
    .header.stride = 296,
    .data_size = 12432,
    .data = todo_img_internal_data,
};

static const uint8_t todo_img_urgent_data[] = {
    0x32, 0x32, 0xFF, 0xFF, 0x32, 0x32, 0xFF, 0xFF, 0x32, 0x32, 0xFF, 0xFF, 0x32, 0x32, 0xFF, 0xFF,
    0x32, 0x32, 0xFF, 0xFF, 0x32, 0x32, 0xFF, 0xFF, 0x32, 0x32, 0xFF, 0xFF, 0x32, 0x32, 0xFF, 0xFF,
    0x32, 0x32, 0xFF, 0xFF, 0x32, 0x32, 0xFF, 0xFF, 0x32, 0x32, 0xFF, 0xFF, 0x32, 0x32, 0xFF, 0xFF,
    0x32, 0x32, 0xFF, 0xFF, 0x32, 0x32, 0xFF, 0xFF, 0x32, 0x32, 0xFF, 0xFF, 0x32, 0x32, 0xFF, 0xFF,
    0x32, 0x32, 0xFF, 0xFF, 0x32, 0x32, 0xFF, 0xFF, 0x32, 0x32, 0xFF, 0xFF, 0x32, 0x32, 0xFF, 0xFF,
    0x32, 0x32, 0xFF, 0xFF, 0x32, 0x32, 0xFF, 0xFF, 0x32, 0x32, 0xFF, 0xFF, 0x00, 0x00, 0x00, 0xFF,
    0x00, 0x00, 0x00, 0xFF, 0x32, 0x32, 0xFF, 0xFF, 0x32, 0x32, 0xFF, 0xFF, 0x32, 0x32, 0xFF, 0xFF,
    0x32, 0x32, 0xFF, 0xFF, 0x32, 0x32, 0xFF, 0xFF, 0x32, 0x32, 0xFF, 0xFF, 0x32, 0x32, 0xFF, 0xFF,
    0x32, 0x32, 0xFF, 0xFF, 0x32, 0x32, 0xFF, 0xFF, 0x32, 0x32, 0xFF, 0xFF, 0x32, 0x32, 0xFF, 0xFF,
    0x32, 0x32, 0xFF, 0xFF, 0x32, 0x32, 0xFF, 0xFF, 0x32, 0x32, 0xFF, 0xFF, 0x00, 0x00, 0x00, 0xFF,
    0x00, 0x00, 0x00, 0xFF, 0x32, 0x32, 0xFF, 0xFF, 0x32, 0x32, 0xFF, 0xFF, 0x32, 0x32, 0xFF, 0xFF,
    0x32, 0x32, 0xFF, 0xFF, 0x32, 0x32, 0xFF, 0xFF, 0x32, 0x32, 0xFF, 0xFF, 0x32, 0x32, 0xFF, 0xFF,
    0x32, 0x32, 0xFF, 0xFF, 0x32, 0x32, 0xFF, 0xFF, 0x32, 0x32, 0xFF, 0xFF, 0x32, 0x32, 0xFF, 0xFF,
    0x32, 0x32, 0xFF, 0xFF, 0x32, 0x32, 0xFF, 0xFF, 0x32, 0x32, 0xFF, 0xFF, 0x00, 0x00, 0x00, 0xFF,
    0x00, 0x00, 0x00, 0xFF, 0x32, 0x32, 0xFF, 0xFF, 0x32, 0x32, 0xFF, 0xFF, 0x32, 0x32, 0xFF, 0xFF,
    0x32, 0x32, 0xFF, 0xFF, 0x32, 0x32, 0xFF, 0xFF, 0x32, 0x32, 0xFF, 0xFF, 0x32, 0x32, 0xFF, 0xFF,
    0x32, 0x32, 0xFF, 0xFF, 0x32, 0x32, 0xFF, 0xFF, 0x32, 0x32, 0xFF, 0xFF, 0x32, 0x32, 0xFF, 0xFF,
    0x32, 0x32, 0xFF, 0xFF, 0x32, 0x32, 0xFF, 0xFF, 0x32, 0x32, 0xFF, 0xFF, 0x00, 0x00, 0x00, 0xFF,
    0x00, 0x00, 0x00, 0xFF, 0x32, 0x32, 0xFF, 0xFF, 0x32, 0x32, 0xFF, 0xFF, 0x32, 0x32, 0xFF, 0xFF,
    0x32, 0x32, 0xFF, 0xFF, 0x32, 0x32, 0xFF, 0xFF, 0x32, 0x32, 0xFF, 0xFF, 0x32, 0x32, 0xFF, 0xFF,
    0x32, 0x32, 0xFF, 0xFF, 0x32, 0x32, 0xFF, 0xFF, 0x32, 0x32, 0xFF, 0xFF, 0x32, 0x32, 0xFF, 0xFF,
    0x32, 0x32, 0xFF, 0xFF, 0x32, 0x32, 0xFF, 0xFF, 0x32, 0x32, 0xFF, 0xFF, 0x00, 0x00, 0x00, 0xFF,
    0x00, 0x00, 0x00, 0xFF, 0x32, 0x32, 0xFF, 0xFF, 0x32, 0x32, 0xFF, 0xFF, 0x32, 0x32, 0xFF, 0xFF,
    0x32, 0x32, 0xFF, 0xFF, 0x32, 0x32, 0xFF, 0xFF, 0x32, 0x32, 0xFF, 0xFF, 0x32, 0x32, 0xFF, 0xFF,
    0x32, 0x32, 0xFF, 0xFF, 0x32, 0x32, 0xFF, 0xFF, 0x32, 0x32, 0xFF, 0xFF, 0x32, 0x32, 0xFF, 0xFF,
    0x32, 0x32, 0xFF, 0xFF, 0x32, 0x32, 0xFF, 0xFF, 0x32, 0x32, 0xFF, 0xFF, 0x00, 0x00, 0x00, 0xFF,
    0x00, 0x00, 0x00, 0xFF, 0x32, 0x32, 0xFF, 0xFF, 0x32, 0x32, 0xFF, 0xFF, 0x32, 0x32, 0xFF, 0xFF,
    0x32, 0x32, 0xFF, 0xFF, 0x32, 0x32, 0xFF, 0xFF, 0x32, 0x32, 0xFF, 0xFF, 0x32, 0x32, 0xFF, 0xFF,
    0x32, 0x32, 0xFF, 0xFF, 0x32, 0x32, 0xFF, 0xFF, 0x32, 0x32, 0xFF, 0xFF, 0x32, 0x32, 0xFF, 0xFF,
    0x32, 0x32, 0xFF, 0xFF, 0x32, 0x32, 0xFF, 0xFF, 0x32, 0x32, 0xFF, 0xFF, 0x00, 0x00, 0x00, 0xFF,
    0x00, 0x00, 0x00, 0xFF, 0x32, 0x32, 0xFF, 0xFF, 0x32, 0x32, 0xFF, 0xFF, 0x32, 0x32, 0xFF, 0xFF,
    0x32, 0x32, 0xFF, 0xFF, 0x32, 0x32, 0xFF, 0xFF, 0x32, 0x32, 0xFF, 0xFF, 0x32, 0x32, 0xFF, 0xFF,
    0x32, 0x32, 0xFF, 0xFF, 0x32, 0x32, 0xFF, 0xFF, 0x32, 0x32, 0xFF, 0xFF, 0x32, 0x32, 0xFF, 0xFF,
    0x32, 0x32, 0xFF, 0xFF, 0x32, 0x32, 0xFF, 0xFF, 0x32, 0x32, 0xFF, 0xFF, 0x00, 0x00, 0x00, 0xFF,
    0x00, 0x00, 0x00, 0xFF, 0x32, 0x32, 0xFF, 0xFF, 0x32, 0x32, 0xFF, 0xFF, 0x32, 0x32, 0xFF, 0xFF,
    0x32, 0x32, 0xFF, 0xFF, 0x32, 0x32, 0xFF, 0xFF, 0x32, 0x32, 0xFF, 0xFF, 0x32, 0x32, 0xFF, 0xFF,
    0x32, 0x32, 0xFF, 0xFF, 0x32, 0x32, 0xFF, 0xFF, 0x32, 0x32, 0xFF, 0xFF, 0x32, 0x32, 0xFF, 0xFF,
    0x32, 0x32, 0xFF, 0xFF, 0x32, 0x32, 0xFF, 0xFF, 0x32, 0x32, 0xFF, 0xFF, 0x00, 0x00, 0x00, 0xFF,
    0x00, 0x00, 0x00, 0xFF, 0x32, 0x32, 0xFF, 0xFF, 0x32, 0x32, 0xFF, 0xFF, 0x32, 0x32, 0xFF, 0xFF,
    0x32, 0x32, 0xFF, 0xFF, 0x32, 0x32, 0xFF, 0xFF, 0x32, 0x32, 0xFF, 0xFF, 0x32, 0x32, 0xFF, 0xFF,
    0x32, 0x32, 0xFF, 0xFF, 0x32, 0x32, 0xFF, 0xFF, 0x32, 0x32, 0xFF, 0xFF, 0x32, 0x32, 0xFF, 0xFF,
    0x32, 0x32, 0xFF, 0xFF, 0x32, 0x32, 0xFF, 0xFF, 0x32, 0x32, 0xFF, 0xFF, 0x00, 0x00, 0x00, 0xFF,
    0x00, 0x00, 0x00, 0xFF, 0x32, 0x32, 0xFF, 0xFF, 0x32, 0x32, 0xFF, 0xFF, 0x32, 0x32, 0xFF, 0xFF,
    0x32, 0x32, 0xFF, 0xFF, 0x32, 0x32, 0xFF, 0xFF, 0x32, 0x32, 0xFF, 0xFF, 0x32, 0x32, 0xFF, 0xFF,
    0x32, 0x32, 0xFF, 0xFF, 0x32, 0x32, 0xFF, 0xFF, 0x32, 0x32, 0xFF, 0xFF, 0x32, 0x32, 0xFF, 0xFF,
    0x32, 0x32, 0xFF, 0xFF, 0x32, 0x32, 0xFF, 0xFF, 0x32, 0x32, 0xFF, 0xFF, 0x32, 0x32, 0xFF, 0xFF,
    0x32, 0x32, 0xFF, 0xFF, 0x32, 0x32, 0xFF, 0xFF, 0x32, 0x32, 0xFF, 0xFF, 0x32, 0x32, 0xFF, 0xFF,
    0x32, 0x32, 0xFF, 0xFF, 0x32, 0x32, 0xFF, 0xFF, 0x32, 0x32, 0xFF, 0xFF, 0x32, 0x32, 0xFF, 0xFF,
    0x32, 0x32, 0xFF, 0xFF, 0x32, 0x32, 0xFF, 0xFF, 0x32, 0x32, 0xFF, 0xFF, 0x32, 0x32, 0xFF, 0xFF,
    0x32, 0x32, 0xFF, 0xFF, 0x32, 0x32, 0xFF, 0xFF, 0x32, 0x32, 0xFF, 0xFF, 0x32, 0x32, 0xFF, 0xFF,
    0x32, 0x32, 0xFF, 0xFF, 0x32, 0x32, 0xFF, 0xFF, 0x32, 0x32, 0xFF, 0xFF, 0x32, 0x32, 0xFF, 0xFF,
    0x32, 0x32, 0xFF, 0xFF, 0x32, 0x32, 0xFF, 0xFF, 0x32, 0x32, 0xFF, 0xFF, 0x32, 0x32, 0xFF, 0xFF,
    0x32, 0x32, 0xFF, 0xFF, 0x32, 0x32, 0xFF, 0xFF, 0x32, 0x32, 0xFF, 0xFF, 0x32, 0x32, 0xFF, 0xFF,
    0x32, 0x32, 0xFF, 0xFF, 0x32, 0x32, 0xFF, 0xFF, 0x32, 0x32, 0xFF, 0xFF, 0x00, 0x00, 0x00, 0xFF,
    0x00, 0x00, 0x00, 0xFF, 0x32, 0x32, 0xFF, 0xFF, 0x32, 0x32, 0xFF, 0xFF, 0x32, 0x32, 0xFF, 0xFF,
    0x32, 0x32, 0xFF, 0xFF, 0x32, 0x32, 0xFF, 0xFF, 0x32, 0x32, 0xFF, 0xFF, 0x32, 0x32, 0xFF, 0xFF,
    0x32, 0x32, 0xFF, 0xFF, 0x32, 0x32, 0xFF, 0xFF, 0x32, 0x32, 0xFF, 0xFF, 0x32, 0x32, 0xFF, 0xFF,
    0x32, 0x32, 0xFF, 0xFF, 0x32, 0x32, 0xFF, 0xFF, 0x32, 0x32, 0xFF, 0xFF, 0x00, 0x00, 0x00, 0xFF,
    0x00, 0x00, 0x00, 0xFF, 0x32, 0x32, 0xFF, 0xFF, 0x32, 0x32, 0xFF, 0xFF, 0x32, 0x32, 0xFF, 0xFF,
    0x32, 0x32, 0xFF, 0xFF, 0x32, 0x32, 0xFF, 0xFF, 0x32, 0x32, 0xFF, 0xFF, 0x32, 0x32, 0xFF, 0xFF,
    0x32, 0x32, 0xFF, 0xFF, 0x32, 0x32, 0xFF, 0xFF, 0x32, 0x32, 0xFF, 0xFF, 0x32, 0x32, 0xFF, 0xFF,
    0x32, 0x32, 0xFF, 0xFF, 0x32, 0x32, 0xFF, 0xFF, 0x32, 0x32, 0xFF, 0xFF, 0x32, 0x32, 0xFF, 0xFF,
    0x32, 0x32, 0xFF, 0xFF, 0x32, 0x32, 0xFF, 0xFF, 0x32, 0x32, 0xFF, 0xFF, 0x32, 0x32, 0xFF, 0xFF,
    0x32, 0x32, 0xFF, 0xFF, 0x32, 0x32, 0xFF, 0xFF, 0x32, 0x32, 0xFF, 0xFF, 0x32, 0x32, 0xFF, 0xFF,
};

const lv_image_dsc_t todo_img_urgent = {
    .header.magic = LV_IMAGE_HEADER_MAGIC,
    .header.cf = LV_COLOR_FORMAT_ARGB8888,
    .header.flags = 0,
    .header.w = 16,
    .header.h = 16,
    .header.stride = 64,
    .data_size = 1024,
    .data = todo_img_urgent_data,
};
